species,breed,age,weight,health_condition,activity_level,diet_category,recommended_food,recommended_service,care_tip
Dog,Boxer,9.1,23.9,Healthy,Very High,Senior Mobility & Joint Care (Glucosamine & Omega-3),Purina Pro Plan Veterinary Diets JM Joint Mobility,High-Energy Active Adventure & Agility Exercise,Needs at least 60-90 minutes of vigorous daily exercise and puzzle toys to prevent boredom and anxiety.
Dog,Boxer,9.9,24.7,Senior Cognitive Decline,Low,Senior Mobility & Joint Care (Glucosamine & Omega-3),Purina Pro Plan Veterinary Diets JM Joint Mobility,Gentle In-Home Senior Care & Medication Supervision,"Maintain regular biannual health checkups, brush teeth weekly, and ensure fresh hydration throughout the day."
Cat,Persian Cat,5.7,5.0,Healthy,Moderate,Daily Complete Balanced Adult Maintenance,Blue Buffalo Life Protection Natural Adult Blend,Standard Boarding & Daily Enrichment Walking,"Maintain regular biannual health checkups, brush teeth weekly, and ensure fresh hydration throughout the day."
Dog,German Shepherd,5.9,42.0,Sensitive Stomach / Allergies,Very High,Hypoallergenic Single-Source Protein & Grain-Free,Farmina N&D Ocean Grain-Free Hypoallergenic Formula,High-Energy Active Adventure & Agility Exercise,Needs at least 60-90 minutes of vigorous daily exercise and puzzle toys to prevent boredom and anxiety.
Dog,Golden Retriever,14.2,43.4,Healthy,Low,Senior Mobility & Joint Care (Glucosamine & Omega-3),Purina Pro Plan Veterinary Diets JM Joint Mobility,Gentle In-Home Senior Care & Medication Supervision,"Maintain regular biannual health checkups, brush teeth weekly, and ensure fresh hydration throughout the day."
Cat,Bengal Cat,2.5,2.9,Senior Cognitive Decline,Low,Daily Complete Balanced Adult Maintenance,Blue Buffalo Life Protection Natural Adult Blend,Gentle In-Home Senior Care & Medication Supervision,"Maintain regular biannual health checkups, brush teeth weekly, and ensure fresh hydration throughout the day."
Cat,Siamese Cat,7.8,4.6,Healthy,High,Active Performance & Muscle Fuel (30/20 High Energy),Orijen Amazing Grains High-Protein Energy Feast,High-Energy Active Adventure & Agility Exercise,Needs at least 60-90 minutes of vigorous daily exercise and puzzle toys to prevent boredom and anxiety.
Dog,Dachshund,13.5,11.0,Healthy,Low,Senior Mobility & Joint Care (Glucosamine & Omega-3),Purina Pro Plan Veterinary Diets JM Joint Mobility,Gentle In-Home Senior Care & Medication Supervision,"Maintain regular biannual health checkups, brush teeth weekly, and ensure fresh hydration throughout the day."
Dog,Boxer,12.7,37.6,Overweight,Moderate,Weight Management (Low Calorie & High Satiety Fiber),Hill's Science Diet Perfect Weight Formula,Gentle In-Home Senior Care & Medication Supervision,Engage in structured 30-minute low-impact daily walks. Weigh meal portions accurately and avoid high-calorie table scraps.
Dog,Rottweiler,4.7,23.4,Healthy,Moderate,Daily Complete Balanced Adult Maintenance,Blue Buffalo Life Protection Natural Adult Blend,Standard Boarding & Daily Enrichment Walking,"Maintain regular biannual health checkups, brush teeth weekly, and ensure fresh hydration throughout the day."
Dog,German Shepherd,10.7,38.4,Healthy,Low,Senior Mobility & Joint Care (Glucosamine & Omega-3),Purina Pro Plan Veterinary Diets JM Joint Mobility,Gentle In-Home Senior Care & Medication Supervision,"Maintain regular biannual health checkups, brush teeth weekly, and ensure fresh hydration throughout the day."
Dog,Siberian Husky,12.8,29.5,Healthy,Low,Senior Mobility & Joint Care (Glucosamine & Omega-3),Purina Pro Plan Veterinary Diets JM Joint Mobility,Gentle In-Home Senior Care & Medication Supervision,"Maintain regular biannual health checkups, brush teeth weekly, and ensure fresh hydration throughout the day."
Cat,Bengal Cat,11.6,6.5,Healthy,Moderate,Senior Mobility & Joint Care (Glucosamine & Omega-3),Purina Pro Plan Veterinary Diets JM Joint Mobility,Gentle In-Home Senior Care & Medication Supervision,"Maintain regular biannual health checkups, brush teeth weekly, and ensure fresh hydration throughout the day."
Cat,Siamese Cat,4.5,2.1,Joint Issues / Arthritis,Low,Senior Mobility & Joint Care (Glucosamine & Omega-3),Purina Pro Plan Veterinary Diets JM Joint Mobility,Gentle In-Home Senior Care & Medication Supervision,"Provide orthopedic bedding, avoid stairs or sudden jumping, and supplement with EPA/DHA fatty acids for joint lubrication."
Dog,German Shepherd,0.8,19.4,Healthy,Very High,Growth & Development (High Protein & DHA),Royal Canin Puppy / Kitten Starter Nutrition,Puppy / Kitten Care & Socialization Routine,Feed 3-4 small portioned meals daily. Complete vaccination schedule and prioritize positive-reinforcement socialization for German Shepherd.
Cat,British Shorthair,9.9,6.4,Overweight,Low,Weight Management (Low Calorie & High Satiety Fiber),Hill's Science Diet Perfect Weight Formula,Standard Boarding & Daily Enrichment Walking,Engage in structured 30-minute low-impact daily walks. Weigh meal portions accurately and avoid high-calorie table scraps.
Cat,Siamese Cat,14.6,7.6,Sensitive Stomach / Allergies,Low,Senior Mobility & Joint Care (Glucosamine & Omega-3),Purina Pro Plan Veterinary Diets JM Joint Mobility,Gentle In-Home Senior Care & Medication Supervision,"Maintain regular biannual health checkups, brush teeth weekly, and ensure fresh hydration throughout the day."
Cat,Maine Coon,6.0,5.9,Senior Cognitive Decline,Low,Daily Complete Balanced Adult Maintenance,Blue Buffalo Life Protection Natural Adult Blend,Gentle In-Home Senior Care & Medication Supervision,"Maintain regular biannual health checkups, brush teeth weekly, and ensure fresh hydration throughout the day."
Dog,Rottweiler,12.3,37.2,Overweight,Low,Weight Management (Low Calorie & High Satiety Fiber),Hill's Science Diet Perfect Weight Formula,Gentle In-Home Senior Care & Medication Supervision,Engage in structured 30-minute low-impact daily walks. Weigh meal portions accurately and avoid high-calorie table scraps.
Dog,German Shepherd,4.3,25.7,Healthy,Very High,Active Performance & Muscle Fuel (30/20 High Energy),Orijen Amazing Grains High-Protein Energy Feast,High-Energy Active Adventure & Agility Exercise,Needs at least 60-90 minutes of vigorous daily exercise and puzzle toys to prevent boredom and anxiety.
Dog,Labrador Retriever,4.0,28.4,Joint Issues / Arthritis,Low,Senior Mobility & Joint Care (Glucosamine & Omega-3),Purina Pro Plan Veterinary Diets JM Joint Mobility,Gentle In-Home Senior Care & Medication Supervision,"Provide orthopedic bedding, avoid stairs or sudden jumping, and supplement with EPA/DHA fatty acids for joint lubrication."
Cat,Maine Coon,11.1,6.3,Healthy,Moderate,Senior Mobility & Joint Care (Glucosamine & Omega-3),Purina Pro Plan Veterinary Diets JM Joint Mobility,Gentle In-Home Senior Care & Medication Supervision,"Maintain regular biannual health checkups, brush teeth weekly, and ensure fresh hydration throughout the day."
Dog,Golden Retriever,8.1,31.7,Overweight,Low,Weight Management (Low Calorie & High Satiety Fiber),Hill's Science Diet Perfect Weight Formula,Standard Boarding & Daily Enrichment Walking,Engage in structured 30-minute low-impact daily walks. Weigh meal portions accurately and avoid high-calorie table scraps.
Dog,Labrador Retriever,11.0,30.5,Underweight,Low,Senior Mobility & Joint Care (Glucosamine & Omega-3),Purina Pro Plan Veterinary Diets JM Joint Mobility,Gentle In-Home Senior Care & Medication Supervision,"Maintain regular biannual health checkups, brush teeth weekly, and ensure fresh hydration throughout the day."
Dog,Labrador Retriever,2.5,33.6,Sensitive Stomach / Allergies,Moderate,Hypoallergenic Single-Source Protein & Grain-Free,Farmina N&D Ocean Grain-Free Hypoallergenic Formula,Specialized Medical Monitoring & Controlled Diet Feeding,"Maintain regular biannual health checkups, brush teeth weekly, and ensure fresh hydration throughout the day."
Dog,Dachshund,7.8,7.2,Healthy,High,Active Performance & Muscle Fuel (30/20 High Energy),Orijen Amazing Grains High-Protein Energy Feast,High-Energy Active Adventure & Agility Exercise,Needs at least 60-90 minutes of vigorous daily exercise and puzzle toys to prevent boredom and anxiety.
Dog,Golden Retriever,12.6,37.2,Healthy,Low,Senior Mobility & Joint Care (Glucosamine & Omega-3),Purina Pro Plan Veterinary Diets JM Joint Mobility,Gentle In-Home Senior Care & Medication Supervision,"Maintain regular biannual health checkups, brush teeth weekly, and ensure fresh hydration throughout the day."
Cat,Bengal Cat,3.4,7.0,Healthy,Very High,Active Performance & Muscle Fuel (30/20 High Energy),Orijen Amazing Grains High-Protein Energy Feast,High-Energy Active Adventure & Agility Exercise,Needs at least 60-90 minutes of vigorous daily exercise and puzzle toys to prevent boredom and anxiety.
Cat,British Shorthair,16.2,4.9,Healthy,Moderate,Senior Mobility & Joint Care (Glucosamine & Omega-3),Purina Pro Plan Veterinary Diets JM Joint Mobility,Gentle In-Home Senior Care & Medication Supervision,"Maintain regular biannual health checkups, brush teeth weekly, and ensure fresh hydration throughout the day."
Cat,Domestic Shorthair,14.1,3.7,Healthy,Moderate,Senior Mobility & Joint Care (Glucosamine & Omega-3),Purina Pro Plan Veterinary Diets JM Joint Mobility,Gentle In-Home Senior Care & Medication Supervision,"Maintain regular biannual health checkups, brush teeth weekly, and ensure fresh hydration throughout the day."
Dog,German Shepherd,5.8,43.7,Healthy,High,Active Performance & Muscle Fuel (30/20 High Energy),Orijen Amazing Grains High-Protein Energy Feast,High-Energy Active Adventure & Agility Exercise,Needs at least 60-90 minutes of vigorous daily exercise and puzzle toys to prevent boredom and anxiety.
Dog,German Shepherd,9.9,28.0,Healthy,High,Senior Mobility & Joint Care (Glucosamine & Omega-3),Purina Pro Plan Veterinary Diets JM Joint Mobility,High-Energy Active Adventure & Agility Exercise,Needs at least 60-90 minutes of vigorous daily exercise and puzzle toys to prevent boredom and anxiety.
Cat,Maine Coon,11.9,6.8,Healthy,Low,Senior Mobility & Joint Care (Glucosamine & Omega-3),Purina Pro Plan Veterinary Diets JM Joint Mobility,Gentle In-Home Senior Care & Medication Supervision,"Maintain regular biannual health checkups, brush teeth weekly, and ensure fresh hydration throughout the day."
Dog,Poodle,14.7,17.3,Healthy,Low,Senior Mobility & Joint Care (Glucosamine & Omega-3),Purina Pro Plan Veterinary Diets JM Joint Mobility,Gentle In-Home Senior Care & Medication Supervision,"Maintain regular biannual health checkups, brush teeth weekly, and ensure fresh hydration throughout the day."
Dog,Labrador Retriever,3.2,35.9,Healthy,Moderate,Daily Complete Balanced Adult Maintenance,Blue Buffalo Life Protection Natural Adult Blend,Standard Boarding & Daily Enrichment Walking,"Maintain regular biannual health checkups, brush teeth weekly, and ensure fresh hydration throughout the day."
Dog,French Bulldog,13.3,17.0,Healthy,Low,Senior Mobility & Joint Care (Glucosamine & Omega-3),Purina Pro Plan Veterinary Diets JM Joint Mobility,Gentle In-Home Senior Care & Medication Supervision,"Maintain regular biannual health checkups, brush teeth weekly, and ensure fresh hydration throughout the day."
Dog,Labrador Retriever,1.4,27.1,Healthy,Very High,Active Performance & Muscle Fuel (30/20 High Energy),Orijen Amazing Grains High-Protein Energy Feast,High-Energy Active Adventure & Agility Exercise,Needs at least 60-90 minutes of vigorous daily exercise and puzzle toys to prevent boredom and anxiety.
Dog,Dachshund,14.1,9.9,Healthy,Low,Senior Mobility & Joint Care (Glucosamine & Omega-3),Purina Pro Plan Veterinary Diets JM Joint Mobility,Gentle In-Home Senior Care & Medication Supervision,"Maintain regular biannual health checkups, brush teeth weekly, and ensure fresh hydration throughout the day."
Cat,Siamese Cat,4.8,3.6,Sensitive Stomach / Allergies,Low,Hypoallergenic Single-Source Protein & Grain-Free,Farmina N&D Ocean Grain-Free Hypoallergenic Formula,Specialized Medical Monitoring & Controlled Diet Feeding,"Maintain regular biannual health checkups, brush teeth weekly, and ensure fresh hydration throughout the day."
Cat,British Shorthair,5.5,3.8,Underweight,Low,Daily Complete Balanced Adult Maintenance,Blue Buffalo Life Protection Natural Adult Blend,Standard Boarding & Daily Enrichment Walking,"Maintain regular biannual health checkups, brush teeth weekly, and ensure fresh hydration throughout the day."
Dog,Beagle,12.0,15.1,Sensitive Stomach / Allergies,Moderate,Senior Mobility & Joint Care (Glucosamine & Omega-3),Purina Pro Plan Veterinary Diets JM Joint Mobility,Gentle In-Home Senior Care & Medication Supervision,"Maintain regular biannual health checkups, brush teeth weekly, and ensure fresh hydration throughout the day."
Dog,Golden Retriever,1.7,31.7,Overweight,Low,Weight Management (Low Calorie & High Satiety Fiber),Hill's Science Diet Perfect Weight Formula,Standard Boarding & Daily Enrichment Walking,Engage in structured 30-minute low-impact daily walks. Weigh meal portions accurately and avoid high-calorie table scraps.
Dog,Dachshund,12.9,4.3,Healthy,Low,Senior Mobility & Joint Care (Glucosamine & Omega-3),Purina Pro Plan Veterinary Diets JM Joint Mobility,Gentle In-Home Senior Care & Medication Supervision,"Maintain regular biannual health checkups, brush teeth weekly, and ensure fresh hydration throughout the day."
Dog,Boxer,11.6,27.4,Healthy,Low,Senior Mobility & Joint Care (Glucosamine & Omega-3),Purina Pro Plan Veterinary Diets JM Joint Mobility,Gentle In-Home Senior Care & Medication Supervision,"Maintain regular biannual health checkups, brush teeth weekly, and ensure fresh hydration throughout the day."
Dog,German Shepherd,9.7,39.4,Overweight,Low,Weight Management (Low Calorie & High Satiety Fiber),Hill's Science Diet Perfect Weight Formula,Standard Boarding & Daily Enrichment Walking,Engage in structured 30-minute low-impact daily walks. Weigh meal portions accurately and avoid high-calorie table scraps.
Cat,Maine Coon,8.1,4.0,Dental Issues,High,Senior Mobility & Joint Care (Glucosamine & Omega-3),Purina Pro Plan Veterinary Diets JM Joint Mobility,High-Energy Active Adventure & Agility Exercise,Needs at least 60-90 minutes of vigorous daily exercise and puzzle toys to prevent boredom and anxiety.
Cat,British Shorthair,1.3,6.4,Healthy,High,Active Performance & Muscle Fuel (30/20 High Energy),Orijen Amazing Grains High-Protein Energy Feast,High-Energy Active Adventure & Agility Exercise,Needs at least 60-90 minutes of vigorous daily exercise and puzzle toys to prevent boredom and anxiety.
Dog,French Bulldog,9.7,13.9,Healthy,High,Senior Mobility & Joint Care (Glucosamine & Omega-3),Purina Pro Plan Veterinary Diets JM Joint Mobility,High-Energy Active Adventure & Agility Exercise,Needs at least 60-90 minutes of vigorous daily exercise and puzzle toys to prevent boredom and anxiety.
Dog,Dachshund,5.5,7.5,Healthy,Low,Daily Complete Balanced Adult Maintenance,Blue Buffalo Life Protection Natural Adult Blend,Standard Boarding & Daily Enrichment Walking,"Maintain regular biannual health checkups, brush teeth weekly, and ensure fresh hydration throughout the day."
Dog,Beagle,2.9,10.9,Sensitive Stomach / Allergies,Moderate,Hypoallergenic Single-Source Protein & Grain-Free,Farmina N&D Ocean Grain-Free Hypoallergenic Formula,Specialized Medical Monitoring & Controlled Diet Feeding,"Maintain regular biannual health checkups, brush teeth weekly, and ensure fresh hydration throughout the day."
Dog,French Bulldog,6.2,14.5,Healthy,Moderate,Daily Complete Balanced Adult Maintenance,Blue Buffalo Life Protection Natural Adult Blend,Standard Boarding & Daily Enrichment Walking,"Maintain regular biannual health checkups, brush teeth weekly, and ensure fresh hydration throughout the day."
Dog,Dachshund,7.7,9.4,Underweight,Very High,Active Performance & Muscle Fuel (30/20 High Energy),Orijen Amazing Grains High-Protein Energy Feast,High-Energy Active Adventure & Agility Exercise,Needs at least 60-90 minutes of vigorous daily exercise and puzzle toys to prevent boredom and anxiety.
Cat,Bengal Cat,10.7,7.2,Healthy,Low,Senior Mobility & Joint Care (Glucosamine & Omega-3),Purina Pro Plan Veterinary Diets JM Joint Mobility,Gentle In-Home Senior Care & Medication Supervision,"Maintain regular biannual health checkups, brush teeth weekly, and ensure fresh hydration throughout the day."
Dog,German Shepherd,12.4,36.6,Joint Issues / Arthritis,Low,Senior Mobility & Joint Care (Glucosamine & Omega-3),Purina Pro Plan Veterinary Diets JM Joint Mobility,Gentle In-Home Senior Care & Medication Supervision,"Provide orthopedic bedding, avoid stairs or sudden jumping, and supplement with EPA/DHA fatty acids for joint lubrication."
Dog,Golden Retriever,0.9,21.6,Healthy,Very High,Growth & Development (High Protein & DHA),Royal Canin Puppy / Kitten Starter Nutrition,Puppy / Kitten Care & Socialization Routine,Feed 3-4 small portioned meals daily. Complete vaccination schedule and prioritize positive-reinforcement socialization for Golden Retriever.
Dog,Dachshund,0.6,4.1,Healthy,High,Growth & Development (High Protein & DHA),Royal Canin Puppy / Kitten Starter Nutrition,Puppy / Kitten Care & Socialization Routine,Feed 3-4 small portioned meals daily. Complete vaccination schedule and prioritize positive-reinforcement socialization for Dachshund.
Cat,British Shorthair,16.9,3.2,Dental Issues,Low,Senior Mobility & Joint Care (Glucosamine & Omega-3),Purina Pro Plan Veterinary Diets JM Joint Mobility,Gentle In-Home Senior Care & Medication Supervision,"Maintain regular biannual health checkups, brush teeth weekly, and ensure fresh hydration throughout the day."
Dog,Boxer,12.2,41.9,Healthy,Moderate,Senior Mobility & Joint Care (Glucosamine & Omega-3),Purina Pro Plan Veterinary Diets JM Joint Mobility,Gentle In-Home Senior Care & Medication Supervision,"Maintain regular biannual health checkups, brush teeth weekly, and ensure fresh hydration throughout the day."
Dog,French Bulldog,3.8,15.5,Healthy,Moderate,Daily Complete Balanced Adult Maintenance,Blue Buffalo Life Protection Natural Adult Blend,Standard Boarding & Daily Enrichment Walking,"Maintain regular biannual health checkups, brush teeth weekly, and ensure fresh hydration throughout the day."
Dog,Beagle,12.4,13.7,Healthy,Low,Senior Mobility & Joint Care (Glucosamine & Omega-3),Purina Pro Plan Veterinary Diets JM Joint Mobility,Gentle In-Home Senior Care & Medication Supervision,"Maintain regular biannual health checkups, brush teeth weekly, and ensure fresh hydration throughout the day."
Cat,Bengal Cat,6.6,7.7,Overweight,Low,Weight Management (Low Calorie & High Satiety Fiber),Hill's Science Diet Perfect Weight Formula,Standard Boarding & Daily Enrichment Walking,Engage in structured 30-minute low-impact daily walks. Weigh meal portions accurately and avoid high-calorie table scraps.
Dog,French Bulldog,4.6,12.7,Joint Issues / Arthritis,Moderate,Senior Mobility & Joint Care (Glucosamine & Omega-3),Purina Pro Plan Veterinary Diets JM Joint Mobility,Gentle In-Home Senior Care & Medication Supervision,"Provide orthopedic bedding, avoid stairs or sudden jumping, and supplement with EPA/DHA fatty acids for joint lubrication."
Cat,British Shorthair,16.8,9.4,Healthy,Moderate,Senior Mobility & Joint Care (Glucosamine & Omega-3),Purina Pro Plan Veterinary Diets JM Joint Mobility,Gentle In-Home Senior Care & Medication Supervision,"Maintain regular biannual health checkups, brush teeth weekly, and ensure fresh hydration throughout the day."
Dog,Golden Retriever,14.5,37.9,Sensitive Stomach / Allergies,Moderate,Senior Mobility & Joint Care (Glucosamine & Omega-3),Purina Pro Plan Veterinary Diets JM Joint Mobility,Gentle In-Home Senior Care & Medication Supervision,"Maintain regular biannual health checkups, brush teeth weekly, and ensure fresh hydration throughout the day."
Dog,Boxer,1.4,40.0,Healthy,High,Active Performance & Muscle Fuel (30/20 High Energy),Orijen Amazing Grains High-Protein Energy Feast,High-Energy Active Adventure & Agility Exercise,Needs at least 60-90 minutes of vigorous daily exercise and puzzle toys to prevent boredom and anxiety.
Cat,British Shorthair,6.9,8.6,Post-Surgery Recovery,High,Active Performance & Muscle Fuel (30/20 High Energy),Orijen Amazing Grains High-Protein Energy Feast,High-Energy Active Adventure & Agility Exercise,Needs at least 60-90 minutes of vigorous daily exercise and puzzle toys to prevent boredom and anxiety.
Dog,German Shepherd,11.7,33.3,Senior Cognitive Decline,Low,Senior Mobility & Joint Care (Glucosamine & Omega-3),Purina Pro Plan Veterinary Diets JM Joint Mobility,Gentle In-Home Senior Care & Medication Supervision,"Maintain regular biannual health checkups, brush teeth weekly, and ensure fresh hydration throughout the day."
Dog,Golden Retriever,7.2,21.7,Healthy,Moderate,Daily Complete Balanced Adult Maintenance,Blue Buffalo Life Protection Natural Adult Blend,Standard Boarding & Daily Enrichment Walking,"Maintain regular biannual health checkups, brush teeth weekly, and ensure fresh hydration throughout the day."
Cat,British Shorthair,4.5,4.8,Healthy,Moderate,Daily Complete Balanced Adult Maintenance,Blue Buffalo Life Protection Natural Adult Blend,Standard Boarding & Daily Enrichment Walking,"Maintain regular biannual health checkups, brush teeth weekly, and ensure fresh hydration throughout the day."
Dog,Dachshund,0.5,3.8,Healthy,Very High,Growth & Development (High Protein & DHA),Royal Canin Puppy / Kitten Starter Nutrition,Puppy / Kitten Care & Socialization Routine,Feed 3-4 small portioned meals daily. Complete vaccination schedule and prioritize positive-reinforcement socialization for Dachshund.
Dog,French Bulldog,4.0,12.2,Healthy,Moderate,Daily Complete Balanced Adult Maintenance,Blue Buffalo Life Protection Natural Adult Blend,Standard Boarding & Daily Enrichment Walking,"Maintain regular biannual health checkups, brush teeth weekly, and ensure fresh hydration throughout the day."
Dog,Labrador Retriever,9.5,36.2,Healthy,Moderate,Senior Mobility & Joint Care (Glucosamine & Omega-3),Purina Pro Plan Veterinary Diets JM Joint Mobility,Standard Boarding & Daily Enrichment Walking,"Maintain regular biannual health checkups, brush teeth weekly, and ensure fresh hydration throughout the day."
Cat,Domestic Shorthair,8.4,4.6,Healthy,Moderate,Senior Mobility & Joint Care (Glucosamine & Omega-3),Purina Pro Plan Veterinary Diets JM Joint Mobility,Standard Boarding & Daily Enrichment Walking,"Maintain regular biannual health checkups, brush teeth weekly, and ensure fresh hydration throughout the day."
Dog,Golden Retriever,4.2,28.5,Overweight,Low,Weight Management (Low Calorie & High Satiety Fiber),Hill's Science Diet Perfect Weight Formula,Standard Boarding & Daily Enrichment Walking,Engage in structured 30-minute low-impact daily walks. Weigh meal portions accurately and avoid high-calorie table scraps.
Dog,French Bulldog,12.3,12.6,Senior Cognitive Decline,Moderate,Senior Mobility & Joint Care (Glucosamine & Omega-3),Purina Pro Plan Veterinary Diets JM Joint Mobility,Gentle In-Home Senior Care & Medication Supervision,"Maintain regular biannual health checkups, brush teeth weekly, and ensure fresh hydration throughout the day."
Cat,British Shorthair,11.2,7.1,Sensitive Stomach / Allergies,Low,Senior Mobility & Joint Care (Glucosamine & Omega-3),Purina Pro Plan Veterinary Diets JM Joint Mobility,Gentle In-Home Senior Care & Medication Supervision,"Maintain regular biannual health checkups, brush teeth weekly, and ensure fresh hydration throughout the day."
Dog,Labrador Retriever,11.7,34.5,Healthy,Moderate,Senior Mobility & Joint Care (Glucosamine & Omega-3),Purina Pro Plan Veterinary Diets JM Joint Mobility,Gentle In-Home Senior Care & Medication Supervision,"Maintain regular biannual health checkups, brush teeth weekly, and ensure fresh hydration throughout the day."
Dog,Labrador Retriever,12.6,31.4,Healthy,Low,Senior Mobility & Joint Care (Glucosamine & Omega-3),Purina Pro Plan Veterinary Diets JM Joint Mobility,Gentle In-Home Senior Care & Medication Supervision,"Maintain regular biannual health checkups, brush teeth weekly, and ensure fresh hydration throughout the day."
Cat,Persian Cat,9.8,8.2,Overweight,Moderate,Weight Management (Low Calorie & High Satiety Fiber),Hill's Science Diet Perfect Weight Formula,Standard Boarding & Daily Enrichment Walking,Engage in structured 30-minute low-impact daily walks. Weigh meal portions accurately and avoid high-calorie table scraps.
Cat,Maine Coon,4.7,6.4,Dental Issues,Moderate,Daily Complete Balanced Adult Maintenance,Blue Buffalo Life Protection Natural Adult Blend,Standard Boarding & Daily Enrichment Walking,"Maintain regular biannual health checkups, brush teeth weekly, and ensure fresh hydration throughout the day."
Dog,Labrador Retriever,11.4,22.3,Healthy,Low,Senior Mobility & Joint Care (Glucosamine & Omega-3),Purina Pro Plan Veterinary Diets JM Joint Mobility,Gentle In-Home Senior Care & Medication Supervision,"Maintain regular biannual health checkups, brush teeth weekly, and ensure fresh hydration throughout the day."
Dog,German Shepherd,7.9,39.8,Overweight,Moderate,Weight Management (Low Calorie & High Satiety Fiber),Hill's Science Diet Perfect Weight Formula,Standard Boarding & Daily Enrichment Walking,Engage in structured 30-minute low-impact daily walks. Weigh meal portions accurately and avoid high-calorie table scraps.
Dog,Siberian Husky,11.4,35.9,Healthy,Low,Senior Mobility & Joint Care (Glucosamine & Omega-3),Purina Pro Plan Veterinary Diets JM Joint Mobility,Gentle In-Home Senior Care & Medication Supervision,"Maintain regular biannual health checkups, brush teeth weekly, and ensure fresh hydration throughout the day."
Dog,Poodle,9.2,18.2,Healthy,High,Senior Mobility & Joint Care (Glucosamine & Omega-3),Purina Pro Plan Veterinary Diets JM Joint Mobility,High-Energy Active Adventure & Agility Exercise,Needs at least 60-90 minutes of vigorous daily exercise and puzzle toys to prevent boredom and anxiety.
Dog,Labrador Retriever,11.8,31.0,Sensitive Stomach / Allergies,Moderate,Senior Mobility & Joint Care (Glucosamine & Omega-3),Purina Pro Plan Veterinary Diets JM Joint Mobility,Gentle In-Home Senior Care & Medication Supervision,"Maintain regular biannual health checkups, brush teeth weekly, and ensure fresh hydration throughout the day."
Dog,Boxer,12.7,35.7,Healthy,Low,Senior Mobility & Joint Care (Glucosamine & Omega-3),Purina Pro Plan Veterinary Diets JM Joint Mobility,Gentle In-Home Senior Care & Medication Supervision,"Maintain regular biannual health checkups, brush teeth weekly, and ensure fresh hydration throughout the day."
Dog,German Shepherd,8.2,32.1,Healthy,Very High,Senior Mobility & Joint Care (Glucosamine & Omega-3),Purina Pro Plan Veterinary Diets JM Joint Mobility,High-Energy Active Adventure & Agility Exercise,Needs at least 60-90 minutes of vigorous daily exercise and puzzle toys to prevent boredom and anxiety.
Dog,Beagle,5.4,15.6,Joint Issues / Arthritis,Low,Senior Mobility & Joint Care (Glucosamine & Omega-3),Purina Pro Plan Veterinary Diets JM Joint Mobility,Gentle In-Home Senior Care & Medication Supervision,"Provide orthopedic bedding, avoid stairs or sudden jumping, and supplement with EPA/DHA fatty acids for joint lubrication."
Dog,German Shepherd,12.4,28.6,Healthy,Low,Senior Mobility & Joint Care (Glucosamine & Omega-3),Purina Pro Plan Veterinary Diets JM Joint Mobility,Gentle In-Home Senior Care & Medication Supervision,"Maintain regular biannual health checkups, brush teeth weekly, and ensure fresh hydration throughout the day."
Dog,Dachshund,13.4,5.0,Healthy,Low,Senior Mobility & Joint Care (Glucosamine & Omega-3),Purina Pro Plan Veterinary Diets JM Joint Mobility,Gentle In-Home Senior Care & Medication Supervision,"Maintain regular biannual health checkups, brush teeth weekly, and ensure fresh hydration throughout the day."
Dog,Poodle,1.5,24.3,Healthy,High,Active Performance & Muscle Fuel (30/20 High Energy),Orijen Amazing Grains High-Protein Energy Feast,High-Energy Active Adventure & Agility Exercise,Needs at least 60-90 minutes of vigorous daily exercise and puzzle toys to prevent boredom and anxiety.
Cat,Persian Cat,10.9,7.1,Senior Cognitive Decline,Low,Senior Mobility & Joint Care (Glucosamine & Omega-3),Purina Pro Plan Veterinary Diets JM Joint Mobility,Gentle In-Home Senior Care & Medication Supervision,"Maintain regular biannual health checkups, brush teeth weekly, and ensure fresh hydration throughout the day."
Cat,Domestic Shorthair,8.5,3.8,Healthy,High,Senior Mobility & Joint Care (Glucosamine & Omega-3),Purina Pro Plan Veterinary Diets JM Joint Mobility,High-Energy Active Adventure & Agility Exercise,Needs at least 60-90 minutes of vigorous daily exercise and puzzle toys to prevent boredom and anxiety.
Cat,Domestic Shorthair,13.6,5.4,Healthy,Low,Senior Mobility & Joint Care (Glucosamine & Omega-3),Purina Pro Plan Veterinary Diets JM Joint Mobility,Gentle In-Home Senior Care & Medication Supervision,"Maintain regular biannual health checkups, brush teeth weekly, and ensure fresh hydration throughout the day."
Dog,Siberian Husky,5.8,22.0,Healthy,High,Active Performance & Muscle Fuel (30/20 High Energy),Orijen Amazing Grains High-Protein Energy Feast,High-Energy Active Adventure & Agility Exercise,Needs at least 60-90 minutes of vigorous daily exercise and puzzle toys to prevent boredom and anxiety.
Dog,Labrador Retriever,5.3,31.3,Underweight,Moderate,Daily Complete Balanced Adult Maintenance,Blue Buffalo Life Protection Natural Adult Blend,Standard Boarding & Daily Enrichment Walking,"Maintain regular biannual health checkups, brush teeth weekly, and ensure fresh hydration throughout the day."
Dog,Poodle,8.9,19.6,Healthy,Moderate,Senior Mobility & Joint Care (Glucosamine & Omega-3),Purina Pro Plan Veterinary Diets JM Joint Mobility,Standard Boarding & Daily Enrichment Walking,"Maintain regular biannual health checkups, brush teeth weekly, and ensure fresh hydration throughout the day."
Dog,Dachshund,9.2,6.6,Healthy,Very High,Senior Mobility & Joint Care (Glucosamine & Omega-3),Purina Pro Plan Veterinary Diets JM Joint Mobility,High-Energy Active Adventure & Agility Exercise,Needs at least 60-90 minutes of vigorous daily exercise and puzzle toys to prevent boredom and anxiety.
Dog,French Bulldog,2.5,9.5,Healthy,Moderate,Daily Complete Balanced Adult Maintenance,Blue Buffalo Life Protection Natural Adult Blend,Standard Boarding & Daily Enrichment Walking,"Maintain regular biannual health checkups, brush teeth weekly, and ensure fresh hydration throughout the day."
Dog,Siberian Husky,12.7,21.1,Joint Issues / Arthritis,Moderate,Senior Mobility & Joint Care (Glucosamine & Omega-3),Purina Pro Plan Veterinary Diets JM Joint Mobility,Gentle In-Home Senior Care & Medication Supervision,"Provide orthopedic bedding, avoid stairs or sudden jumping, and supplement with EPA/DHA fatty acids for joint lubrication."
Cat,Bengal Cat,17.5,8.1,Healthy,Low,Senior Mobility & Joint Care (Glucosamine & Omega-3),Purina Pro Plan Veterinary Diets JM Joint Mobility,Gentle In-Home Senior Care & Medication Supervision,"Maintain regular biannual health checkups, brush teeth weekly, and ensure fresh hydration throughout the day."
Cat,Persian Cat,13.0,5.3,Sensitive Stomach / Allergies,Low,Senior Mobility & Joint Care (Glucosamine & Omega-3),Purina Pro Plan Veterinary Diets JM Joint Mobility,Gentle In-Home Senior Care & Medication Supervision,"Maintain regular biannual health checkups, brush teeth weekly, and ensure fresh hydration throughout the day."
Cat,Bengal Cat,7.8,4.0,Healthy,Very High,Active Performance & Muscle Fuel (30/20 High Energy),Orijen Amazing Grains High-Protein Energy Feast,High-Energy Active Adventure & Agility Exercise,Needs at least 60-90 minutes of vigorous daily exercise and puzzle toys to prevent boredom and anxiety.
Dog,French Bulldog,7.7,15.1,Overweight,Low,Weight Management (Low Calorie & High Satiety Fiber),Hill's Science Diet Perfect Weight Formula,Standard Boarding & Daily Enrichment Walking,Engage in structured 30-minute low-impact daily walks. Weigh meal portions accurately and avoid high-calorie table scraps.
Dog,French Bulldog,1.2,15.5,Sensitive Stomach / Allergies,High,Hypoallergenic Single-Source Protein & Grain-Free,Farmina N&D Ocean Grain-Free Hypoallergenic Formula,High-Energy Active Adventure & Agility Exercise,Needs at least 60-90 minutes of vigorous daily exercise and puzzle toys to prevent boredom and anxiety.
Cat,Persian Cat,2.4,5.7,Sensitive Stomach / Allergies,Low,Hypoallergenic Single-Source Protein & Grain-Free,Farmina N&D Ocean Grain-Free Hypoallergenic Formula,Specialized Medical Monitoring & Controlled Diet Feeding,"Maintain regular biannual health checkups, brush teeth weekly, and ensure fresh hydration throughout the day."
Cat,Bengal Cat,17.4,5.1,Senior Cognitive Decline,Low,Senior Mobility & Joint Care (Glucosamine & Omega-3),Purina Pro Plan Veterinary Diets JM Joint Mobility,Gentle In-Home Senior Care & Medication Supervision,"Maintain regular biannual health checkups, brush teeth weekly, and ensure fresh hydration throughout the day."
Dog,Boxer,10.9,24.9,Sensitive Stomach / Allergies,Moderate,Senior Mobility & Joint Care (Glucosamine & Omega-3),Purina Pro Plan Veterinary Diets JM Joint Mobility,Gentle In-Home Senior Care & Medication Supervision,"Maintain regular biannual health checkups, brush teeth weekly, and ensure fresh hydration throughout the day."
Cat,Maine Coon,3.2,10.9,Overweight,Low,Weight Management (Low Calorie & High Satiety Fiber),Hill's Science Diet Perfect Weight Formula,Standard Boarding & Daily Enrichment Walking,Engage in structured 30-minute low-impact daily walks. Weigh meal portions accurately and avoid high-calorie table scraps.
Cat,Persian Cat,12.4,6.2,Sensitive Stomach / Allergies,Low,Senior Mobility & Joint Care (Glucosamine & Omega-3),Purina Pro Plan Veterinary Diets JM Joint Mobility,Gentle In-Home Senior Care & Medication Supervision,"Maintain regular biannual health checkups, brush teeth weekly, and ensure fresh hydration throughout the day."
Dog,Labrador Retriever,3.7,39.9,Overweight,Moderate,Weight Management (Low Calorie & High Satiety Fiber),Hill's Science Diet Perfect Weight Formula,Standard Boarding & Daily Enrichment Walking,Engage in structured 30-minute low-impact daily walks. Weigh meal portions accurately and avoid high-calorie table scraps.
Dog,German Shepherd,6.6,30.3,Joint Issues / Arthritis,Low,Senior Mobility & Joint Care (Glucosamine & Omega-3),Purina Pro Plan Veterinary Diets JM Joint Mobility,Gentle In-Home Senior Care & Medication Supervision,"Provide orthopedic bedding, avoid stairs or sudden jumping, and supplement with EPA/DHA fatty acids for joint lubrication."
Cat,Persian Cat,9.7,8.1,Healthy,Moderate,Senior Mobility & Joint Care (Glucosamine & Omega-3),Purina Pro Plan Veterinary Diets JM Joint Mobility,Standard Boarding & Daily Enrichment Walking,"Maintain regular biannual health checkups, brush teeth weekly, and ensure fresh hydration throughout the day."
Dog,Siberian Husky,2.4,27.7,Overweight,Moderate,Weight Management (Low Calorie & High Satiety Fiber),Hill's Science Diet Perfect Weight Formula,Standard Boarding & Daily Enrichment Walking,Engage in structured 30-minute low-impact daily walks. Weigh meal portions accurately and avoid high-calorie table scraps.
Dog,Beagle,7.0,13.7,Overweight,Low,Weight Management (Low Calorie & High Satiety Fiber),Hill's Science Diet Perfect Weight Formula,Standard Boarding & Daily Enrichment Walking,Engage in structured 30-minute low-impact daily walks. Weigh meal portions accurately and avoid high-calorie table scraps.
Dog,Golden Retriever,0.5,11.9,Overweight,Moderate,Growth & Development (High Protein & DHA),Royal Canin Puppy / Kitten Starter Nutrition,Puppy / Kitten Care & Socialization Routine,Feed 3-4 small portioned meals daily. Complete vaccination schedule and prioritize positive-reinforcement socialization for Golden Retriever.
Dog,Beagle,3.0,16.3,Healthy,Moderate,Daily Complete Balanced Adult Maintenance,Blue Buffalo Life Protection Natural Adult Blend,Standard Boarding & Daily Enrichment Walking,"Maintain regular biannual health checkups, brush teeth weekly, and ensure fresh hydration throughout the day."
Cat,Bengal Cat,16.4,2.0,Healthy,Moderate,Senior Mobility & Joint Care (Glucosamine & Omega-3),Purina Pro Plan Veterinary Diets JM Joint Mobility,Gentle In-Home Senior Care & Medication Supervision,"Maintain regular biannual health checkups, brush teeth weekly, and ensure fresh hydration throughout the day."
Dog,Beagle,13.8,12.6,Joint Issues / Arthritis,Moderate,Senior Mobility & Joint Care (Glucosamine & Omega-3),Purina Pro Plan Veterinary Diets JM Joint Mobility,Gentle In-Home Senior Care & Medication Supervision,"Provide orthopedic bedding, avoid stairs or sudden jumping, and supplement with EPA/DHA fatty acids for joint lubrication."
Dog,Rottweiler,6.5,39.4,Senior Cognitive Decline,Low,Daily Complete Balanced Adult Maintenance,Blue Buffalo Life Protection Natural Adult Blend,Gentle In-Home Senior Care & Medication Supervision,"Maintain regular biannual health checkups, brush teeth weekly, and ensure fresh hydration throughout the day."
Dog,French Bulldog,2.7,12.5,Healthy,Moderate,Daily Complete Balanced Adult Maintenance,Blue Buffalo Life Protection Natural Adult Blend,Standard Boarding & Daily Enrichment Walking,"Maintain regular biannual health checkups, brush teeth weekly, and ensure fresh hydration throughout the day."
Dog,French Bulldog,5.9,13.2,Sensitive Stomach / Allergies,Moderate,Hypoallergenic Single-Source Protein & Grain-Free,Farmina N&D Ocean Grain-Free Hypoallergenic Formula,Specialized Medical Monitoring & Controlled Diet Feeding,"Maintain regular biannual health checkups, brush teeth weekly, and ensure fresh hydration throughout the day."
Dog,Beagle,8.2,15.2,Healthy,High,Senior Mobility & Joint Care (Glucosamine & Omega-3),Purina Pro Plan Veterinary Diets JM Joint Mobility,High-Energy Active Adventure & Agility Exercise,Needs at least 60-90 minutes of vigorous daily exercise and puzzle toys to prevent boredom and anxiety.
Dog,German Shepherd,3.9,32.4,Healthy,High,Active Performance & Muscle Fuel (30/20 High Energy),Orijen Amazing Grains High-Protein Energy Feast,High-Energy Active Adventure & Agility Exercise,Needs at least 60-90 minutes of vigorous daily exercise and puzzle toys to prevent boredom and anxiety.
Cat,Maine Coon,11.5,6.9,Healthy,Moderate,Senior Mobility & Joint Care (Glucosamine & Omega-3),Purina Pro Plan Veterinary Diets JM Joint Mobility,Gentle In-Home Senior Care & Medication Supervision,"Maintain regular biannual health checkups, brush teeth weekly, and ensure fresh hydration throughout the day."
Dog,Poodle,13.0,14.6,Healthy,Low,Senior Mobility & Joint Care (Glucosamine & Omega-3),Purina Pro Plan Veterinary Diets JM Joint Mobility,Gentle In-Home Senior Care & Medication Supervision,"Maintain regular biannual health checkups, brush teeth weekly, and ensure fresh hydration throughout the day."
Dog,German Shepherd,3.4,39.0,Healthy,High,Active Performance & Muscle Fuel (30/20 High Energy),Orijen Amazing Grains High-Protein Energy Feast,High-Energy Active Adventure & Agility Exercise,Needs at least 60-90 minutes of vigorous daily exercise and puzzle toys to prevent boredom and anxiety.
Dog,Boxer,8.9,29.5,Overweight,Low,Weight Management (Low Calorie & High Satiety Fiber),Hill's Science Diet Perfect Weight Formula,Standard Boarding & Daily Enrichment Walking,Engage in structured 30-minute low-impact daily walks. Weigh meal portions accurately and avoid high-calorie table scraps.
Dog,Poodle,11.6,7.5,Healthy,Moderate,Senior Mobility & Joint Care (Glucosamine & Omega-3),Purina Pro Plan Veterinary Diets JM Joint Mobility,Gentle In-Home Senior Care & Medication Supervision,"Maintain regular biannual health checkups, brush teeth weekly, and ensure fresh hydration throughout the day."
Dog,German Shepherd,9.8,28.3,Healthy,Very High,Senior Mobility & Joint Care (Glucosamine & Omega-3),Purina Pro Plan Veterinary Diets JM Joint Mobility,High-Energy Active Adventure & Agility Exercise,Needs at least 60-90 minutes of vigorous daily exercise and puzzle toys to prevent boredom and anxiety.
Cat,Persian Cat,10.1,2.9,Overweight,Low,Weight Management (Low Calorie & High Satiety Fiber),Hill's Science Diet Perfect Weight Formula,Gentle In-Home Senior Care & Medication Supervision,Engage in structured 30-minute low-impact daily walks. Weigh meal portions accurately and avoid high-calorie table scraps.
Dog,French Bulldog,2.9,12.8,Healthy,Moderate,Daily Complete Balanced Adult Maintenance,Blue Buffalo Life Protection Natural Adult Blend,Standard Boarding & Daily Enrichment Walking,"Maintain regular biannual health checkups, brush teeth weekly, and ensure fresh hydration throughout the day."
Cat,Domestic Shorthair,15.0,5.7,Healthy,Low,Senior Mobility & Joint Care (Glucosamine & Omega-3),Purina Pro Plan Veterinary Diets JM Joint Mobility,Gentle In-Home Senior Care & Medication Supervision,"Maintain regular biannual health checkups, brush teeth weekly, and ensure fresh hydration throughout the day."
Cat,Siamese Cat,1.8,1.9,Healthy,Very High,Active Performance & Muscle Fuel (30/20 High Energy),Orijen Amazing Grains High-Protein Energy Feast,High-Energy Active Adventure & Agility Exercise,Needs at least 60-90 minutes of vigorous daily exercise and puzzle toys to prevent boredom and anxiety.
Dog,Golden Retriever,13.7,34.2,Sensitive Stomach / Allergies,Low,Senior Mobility & Joint Care (Glucosamine & Omega-3),Purina Pro Plan Veterinary Diets JM Joint Mobility,Gentle In-Home Senior Care & Medication Supervision,"Maintain regular biannual health checkups, brush teeth weekly, and ensure fresh hydration throughout the day."
Dog,Beagle,9.5,12.6,Healthy,Moderate,Senior Mobility & Joint Care (Glucosamine & Omega-3),Purina Pro Plan Veterinary Diets JM Joint Mobility,Standard Boarding & Daily Enrichment Walking,"Maintain regular biannual health checkups, brush teeth weekly, and ensure fresh hydration throughout the day."
Cat,Domestic Shorthair,14.1,4.2,Post-Surgery Recovery,Low,Senior Mobility & Joint Care (Glucosamine & Omega-3),Purina Pro Plan Veterinary Diets JM Joint Mobility,Gentle In-Home Senior Care & Medication Supervision,"Maintain regular biannual health checkups, brush teeth weekly, and ensure fresh hydration throughout the day."
Dog,Golden Retriever,0.6,11.5,Overweight,Low,Growth & Development (High Protein & DHA),Royal Canin Puppy / Kitten Starter Nutrition,Puppy / Kitten Care & Socialization Routine,Feed 3-4 small portioned meals daily. Complete vaccination schedule and prioritize positive-reinforcement socialization for Golden Retriever.
Dog,Poodle,9.8,12.3,Senior Cognitive Decline,Low,Senior Mobility & Joint Care (Glucosamine & Omega-3),Purina Pro Plan Veterinary Diets JM Joint Mobility,Gentle In-Home Senior Care & Medication Supervision,"Maintain regular biannual health checkups, brush teeth weekly, and ensure fresh hydration throughout the day."
Cat,Domestic Shorthair,16.5,4.3,Healthy,Low,Senior Mobility & Joint Care (Glucosamine & Omega-3),Purina Pro Plan Veterinary Diets JM Joint Mobility,Gentle In-Home Senior Care & Medication Supervision,"Maintain regular biannual health checkups, brush teeth weekly, and ensure fresh hydration throughout the day."
Cat,Siamese Cat,13.0,2.1,Healthy,Low,Senior Mobility & Joint Care (Glucosamine & Omega-3),Purina Pro Plan Veterinary Diets JM Joint Mobility,Gentle In-Home Senior Care & Medication Supervision,"Maintain regular biannual health checkups, brush teeth weekly, and ensure fresh hydration throughout the day."
Cat,Siamese Cat,10.9,4.2,Senior Cognitive Decline,Low,Senior Mobility & Joint Care (Glucosamine & Omega-3),Purina Pro Plan Veterinary Diets JM Joint Mobility,Gentle In-Home Senior Care & Medication Supervision,"Maintain regular biannual health checkups, brush teeth weekly, and ensure fresh hydration throughout the day."
Dog,Dachshund,6.5,9.6,Healthy,Low,Daily Complete Balanced Adult Maintenance,Blue Buffalo Life Protection Natural Adult Blend,Standard Boarding & Daily Enrichment Walking,"Maintain regular biannual health checkups, brush teeth weekly, and ensure fresh hydration throughout the day."
Cat,British Shorthair,7.2,3.8,Joint Issues / Arthritis,Low,Senior Mobility & Joint Care (Glucosamine & Omega-3),Purina Pro Plan Veterinary Diets JM Joint Mobility,Gentle In-Home Senior Care & Medication Supervision,"Provide orthopedic bedding, avoid stairs or sudden jumping, and supplement with EPA/DHA fatty acids for joint lubrication."
Dog,Golden Retriever,6.1,39.8,Overweight,Low,Weight Management (Low Calorie & High Satiety Fiber),Hill's Science Diet Perfect Weight Formula,Standard Boarding & Daily Enrichment Walking,Engage in structured 30-minute low-impact daily walks. Weigh meal portions accurately and avoid high-calorie table scraps.
Dog,German Shepherd,9.0,23.5,Overweight,Low,Weight Management (Low Calorie & High Satiety Fiber),Hill's Science Diet Perfect Weight Formula,Standard Boarding & Daily Enrichment Walking,Engage in structured 30-minute low-impact daily walks. Weigh meal portions accurately and avoid high-calorie table scraps.
Cat,British Shorthair,6.4,4.3,Joint Issues / Arthritis,Low,Senior Mobility & Joint Care (Glucosamine & Omega-3),Purina Pro Plan Veterinary Diets JM Joint Mobility,Gentle In-Home Senior Care & Medication Supervision,"Provide orthopedic bedding, avoid stairs or sudden jumping, and supplement with EPA/DHA fatty acids for joint lubrication."
Dog,German Shepherd,12.3,39.5,Healthy,Low,Senior Mobility & Joint Care (Glucosamine & Omega-3),Purina Pro Plan Veterinary Diets JM Joint Mobility,Gentle In-Home Senior Care & Medication Supervision,"Maintain regular biannual health checkups, brush teeth weekly, and ensure fresh hydration throughout the day."
Dog,Labrador Retriever,2.3,41.2,Healthy,Moderate,Daily Complete Balanced Adult Maintenance,Blue Buffalo Life Protection Natural Adult Blend,Standard Boarding & Daily Enrichment Walking,"Maintain regular biannual health checkups, brush teeth weekly, and ensure fresh hydration throughout the day."
Cat,British Shorthair,13.7,6.7,Post-Surgery Recovery,Moderate,Senior Mobility & Joint Care (Glucosamine & Omega-3),Purina Pro Plan Veterinary Diets JM Joint Mobility,Gentle In-Home Senior Care & Medication Supervision,"Maintain regular biannual health checkups, brush teeth weekly, and ensure fresh hydration throughout the day."
Dog,Dachshund,1.1,7.1,Overweight,Moderate,Weight Management (Low Calorie & High Satiety Fiber),Hill's Science Diet Perfect Weight Formula,Standard Boarding & Daily Enrichment Walking,Engage in structured 30-minute low-impact daily walks. Weigh meal portions accurately and avoid high-calorie table scraps.
Dog,Poodle,13.8,8.1,Healthy,Moderate,Senior Mobility & Joint Care (Glucosamine & Omega-3),Purina Pro Plan Veterinary Diets JM Joint Mobility,Gentle In-Home Senior Care & Medication Supervision,"Maintain regular biannual health checkups, brush teeth weekly, and ensure fresh hydration throughout the day."
Cat,British Shorthair,8.7,8.2,Healthy,High,Senior Mobility & Joint Care (Glucosamine & Omega-3),Purina Pro Plan Veterinary Diets JM Joint Mobility,High-Energy Active Adventure & Agility Exercise,Needs at least 60-90 minutes of vigorous daily exercise and puzzle toys to prevent boredom and anxiety.
Dog,Boxer,3.7,22.8,Joint Issues / Arthritis,Low,Senior Mobility & Joint Care (Glucosamine & Omega-3),Purina Pro Plan Veterinary Diets JM Joint Mobility,Gentle In-Home Senior Care & Medication Supervision,"Provide orthopedic bedding, avoid stairs or sudden jumping, and supplement with EPA/DHA fatty acids for joint lubrication."
Cat,Bengal Cat,10.4,6.5,Joint Issues / Arthritis,Moderate,Senior Mobility & Joint Care (Glucosamine & Omega-3),Purina Pro Plan Veterinary Diets JM Joint Mobility,Gentle In-Home Senior Care & Medication Supervision,"Provide orthopedic bedding, avoid stairs or sudden jumping, and supplement with EPA/DHA fatty acids for joint lubrication."
Dog,Dachshund,13.2,7.5,Post-Surgery Recovery,Low,Senior Mobility & Joint Care (Glucosamine & Omega-3),Purina Pro Plan Veterinary Diets JM Joint Mobility,Gentle In-Home Senior Care & Medication Supervision,"Maintain regular biannual health checkups, brush teeth weekly, and ensure fresh hydration throughout the day."
Dog,Golden Retriever,14.1,41.0,Healthy,Moderate,Senior Mobility & Joint Care (Glucosamine & Omega-3),Purina Pro Plan Veterinary Diets JM Joint Mobility,Gentle In-Home Senior Care & Medication Supervision,"Maintain regular biannual health checkups, brush teeth weekly, and ensure fresh hydration throughout the day."
Dog,French Bulldog,7.4,12.4,Healthy,Low,Daily Complete Balanced Adult Maintenance,Blue Buffalo Life Protection Natural Adult Blend,Standard Boarding & Daily Enrichment Walking,"Maintain regular biannual health checkups, brush teeth weekly, and ensure fresh hydration throughout the day."
Dog,Beagle,11.1,9.2,Healthy,Low,Senior Mobility & Joint Care (Glucosamine & Omega-3),Purina Pro Plan Veterinary Diets JM Joint Mobility,Gentle In-Home Senior Care & Medication Supervision,"Maintain regular biannual health checkups, brush teeth weekly, and ensure fresh hydration throughout the day."
Dog,French Bulldog,0.9,5.7,Post-Surgery Recovery,Very High,Growth & Development (High Protein & DHA),Royal Canin Puppy / Kitten Starter Nutrition,Puppy / Kitten Care & Socialization Routine,Feed 3-4 small portioned meals daily. Complete vaccination schedule and prioritize positive-reinforcement socialization for French Bulldog.
Dog,Boxer,2.1,43.1,Healthy,Very High,Active Performance & Muscle Fuel (30/20 High Energy),Orijen Amazing Grains High-Protein Energy Feast,High-Energy Active Adventure & Agility Exercise,Needs at least 60-90 minutes of vigorous daily exercise and puzzle toys to prevent boredom and anxiety.
Cat,Domestic Shorthair,10.9,9.1,Joint Issues / Arthritis,Low,Senior Mobility & Joint Care (Glucosamine & Omega-3),Purina Pro Plan Veterinary Diets JM Joint Mobility,Gentle In-Home Senior Care & Medication Supervision,"Provide orthopedic bedding, avoid stairs or sudden jumping, and supplement with EPA/DHA fatty acids for joint lubrication."
Dog,Poodle,9.2,14.4,Healthy,Moderate,Senior Mobility & Joint Care (Glucosamine & Omega-3),Purina Pro Plan Veterinary Diets JM Joint Mobility,Standard Boarding & Daily Enrichment Walking,"Maintain regular biannual health checkups, brush teeth weekly, and ensure fresh hydration throughout the day."
Dog,German Shepherd,12.4,39.2,Healthy,Low,Senior Mobility & Joint Care (Glucosamine & Omega-3),Purina Pro Plan Veterinary Diets JM Joint Mobility,Gentle In-Home Senior Care & Medication Supervision,"Maintain regular biannual health checkups, brush teeth weekly, and ensure fresh hydration throughout the day."
Dog,Labrador Retriever,2.9,31.7,Joint Issues / Arthritis,Low,Senior Mobility & Joint Care (Glucosamine & Omega-3),Purina Pro Plan Veterinary Diets JM Joint Mobility,Gentle In-Home Senior Care & Medication Supervision,"Provide orthopedic bedding, avoid stairs or sudden jumping, and supplement with EPA/DHA fatty acids for joint lubrication."
Cat,Domestic Shorthair,11.3,3.8,Sensitive Stomach / Allergies,Moderate,Senior Mobility & Joint Care (Glucosamine & Omega-3),Purina Pro Plan Veterinary Diets JM Joint Mobility,Gentle In-Home Senior Care & Medication Supervision,"Maintain regular biannual health checkups, brush teeth weekly, and ensure fresh hydration throughout the day."
Dog,Boxer,4.2,27.0,Dental Issues,Very High,Active Performance & Muscle Fuel (30/20 High Energy),Orijen Amazing Grains High-Protein Energy Feast,High-Energy Active Adventure & Agility Exercise,Needs at least 60-90 minutes of vigorous daily exercise and puzzle toys to prevent boredom and anxiety.
Cat,Persian Cat,10.1,3.3,Healthy,Low,Senior Mobility & Joint Care (Glucosamine & Omega-3),Purina Pro Plan Veterinary Diets JM Joint Mobility,Gentle In-Home Senior Care & Medication Supervision,"Maintain regular biannual health checkups, brush teeth weekly, and ensure fresh hydration throughout the day."
Cat,Siamese Cat,9.7,4.9,Sensitive Stomach / Allergies,Very High,Senior Mobility & Joint Care (Glucosamine & Omega-3),Purina Pro Plan Veterinary Diets JM Joint Mobility,High-Energy Active Adventure & Agility Exercise,Needs at least 60-90 minutes of vigorous daily exercise and puzzle toys to prevent boredom and anxiety.
Dog,German Shepherd,12.4,30.3,Overweight,Low,Weight Management (Low Calorie & High Satiety Fiber),Hill's Science Diet Perfect Weight Formula,Gentle In-Home Senior Care & Medication Supervision,Engage in structured 30-minute low-impact daily walks. Weigh meal portions accurately and avoid high-calorie table scraps.
Cat,Maine Coon,15.7,5.5,Healthy,Low,Senior Mobility & Joint Care (Glucosamine & Omega-3),Purina Pro Plan Veterinary Diets JM Joint Mobility,Gentle In-Home Senior Care & Medication Supervision,"Maintain regular biannual health checkups, brush teeth weekly, and ensure fresh hydration throughout the day."
Dog,French Bulldog,10.3,15.1,Healthy,Moderate,Senior Mobility & Joint Care (Glucosamine & Omega-3),Purina Pro Plan Veterinary Diets JM Joint Mobility,Gentle In-Home Senior Care & Medication Supervision,"Maintain regular biannual health checkups, brush teeth weekly, and ensure fresh hydration throughout the day."
Cat,Maine Coon,15.9,7.6,Healthy,Moderate,Senior Mobility & Joint Care (Glucosamine & Omega-3),Purina Pro Plan Veterinary Diets JM Joint Mobility,Gentle In-Home Senior Care & Medication Supervision,"Maintain regular biannual health checkups, brush teeth weekly, and ensure fresh hydration throughout the day."
Dog,Golden Retriever,12.5,30.2,Healthy,Low,Senior Mobility & Joint Care (Glucosamine & Omega-3),Purina Pro Plan Veterinary Diets JM Joint Mobility,Gentle In-Home Senior Care & Medication Supervision,"Maintain regular biannual health checkups, brush teeth weekly, and ensure fresh hydration throughout the day."
Cat,Persian Cat,2.4,2.4,Sensitive Stomach / Allergies,Low,Hypoallergenic Single-Source Protein & Grain-Free,Farmina N&D Ocean Grain-Free Hypoallergenic Formula,Specialized Medical Monitoring & Controlled Diet Feeding,"Maintain regular biannual health checkups, brush teeth weekly, and ensure fresh hydration throughout the day."
Dog,Siberian Husky,8.3,41.0,Underweight,Very High,Senior Mobility & Joint Care (Glucosamine & Omega-3),Purina Pro Plan Veterinary Diets JM Joint Mobility,High-Energy Active Adventure & Agility Exercise,Needs at least 60-90 minutes of vigorous daily exercise and puzzle toys to prevent boredom and anxiety.
Dog,Beagle,2.9,17.1,Healthy,High,Active Performance & Muscle Fuel (30/20 High Energy),Orijen Amazing Grains High-Protein Energy Feast,High-Energy Active Adventure & Agility Exercise,Needs at least 60-90 minutes of vigorous daily exercise and puzzle toys to prevent boredom and anxiety.
Cat,Domestic Shorthair,6.4,3.4,Sensitive Stomach / Allergies,Very High,Hypoallergenic Single-Source Protein & Grain-Free,Farmina N&D Ocean Grain-Free Hypoallergenic Formula,High-Energy Active Adventure & Agility Exercise,Needs at least 60-90 minutes of vigorous daily exercise and puzzle toys to prevent boredom and anxiety.
Cat,Bengal Cat,11.8,5.0,Healthy,Moderate,Senior Mobility & Joint Care (Glucosamine & Omega-3),Purina Pro Plan Veterinary Diets JM Joint Mobility,Gentle In-Home Senior Care & Medication Supervision,"Maintain regular biannual health checkups, brush teeth weekly, and ensure fresh hydration throughout the day."
Dog,German Shepherd,4.0,20.8,Overweight,Moderate,Weight Management (Low Calorie & High Satiety Fiber),Hill's Science Diet Perfect Weight Formula,Standard Boarding & Daily Enrichment Walking,Engage in structured 30-minute low-impact daily walks. Weigh meal portions accurately and avoid high-calorie table scraps.
Dog,Rottweiler,2.7,39.4,Healthy,Low,Daily Complete Balanced Adult Maintenance,Blue Buffalo Life Protection Natural Adult Blend,Standard Boarding & Daily Enrichment Walking,"Maintain regular biannual health checkups, brush teeth weekly, and ensure fresh hydration throughout the day."
Cat,Domestic Shorthair,2.6,8.9,Healthy,High,Active Performance & Muscle Fuel (30/20 High Energy),Orijen Amazing Grains High-Protein Energy Feast,High-Energy Active Adventure & Agility Exercise,Needs at least 60-90 minutes of vigorous daily exercise and puzzle toys to prevent boredom and anxiety.
Cat,British Shorthair,11.6,3.8,Post-Surgery Recovery,Low,Senior Mobility & Joint Care (Glucosamine & Omega-3),Purina Pro Plan Veterinary Diets JM Joint Mobility,Gentle In-Home Senior Care & Medication Supervision,"Maintain regular biannual health checkups, brush teeth weekly, and ensure fresh hydration throughout the day."
Cat,Siamese Cat,4.1,4.4,Healthy,High,Active Performance & Muscle Fuel (30/20 High Energy),Orijen Amazing Grains High-Protein Energy Feast,High-Energy Active Adventure & Agility Exercise,Needs at least 60-90 minutes of vigorous daily exercise and puzzle toys to prevent boredom and anxiety.
Dog,Boxer,2.6,24.5,Healthy,Very High,Active Performance & Muscle Fuel (30/20 High Energy),Orijen Amazing Grains High-Protein Energy Feast,High-Energy Active Adventure & Agility Exercise,Needs at least 60-90 minutes of vigorous daily exercise and puzzle toys to prevent boredom and anxiety.
Dog,Siberian Husky,9.5,22.8,Senior Cognitive Decline,Low,Senior Mobility & Joint Care (Glucosamine & Omega-3),Purina Pro Plan Veterinary Diets JM Joint Mobility,Gentle In-Home Senior Care & Medication Supervision,"Maintain regular biannual health checkups, brush teeth weekly, and ensure fresh hydration throughout the day."
Cat,Persian Cat,0.3,1.1,Underweight,High,Growth & Development (High Protein & DHA),Royal Canin Puppy / Kitten Starter Nutrition,Puppy / Kitten Care & Socialization Routine,Feed 3-4 small portioned meals daily. Complete vaccination schedule and prioritize positive-reinforcement socialization for Persian Cat.
Dog,Rottweiler,2.7,34.7,Overweight,Low,Weight Management (Low Calorie & High Satiety Fiber),Hill's Science Diet Perfect Weight Formula,Standard Boarding & Daily Enrichment Walking,Engage in structured 30-minute low-impact daily walks. Weigh meal portions accurately and avoid high-calorie table scraps.
Cat,Persian Cat,0.5,1.1,Healthy,Very High,Growth & Development (High Protein & DHA),Royal Canin Puppy / Kitten Starter Nutrition,Puppy / Kitten Care & Socialization Routine,Feed 3-4 small portioned meals daily. Complete vaccination schedule and prioritize positive-reinforcement socialization for Persian Cat.
Dog,Rottweiler,12.9,35.8,Overweight,Low,Weight Management (Low Calorie & High Satiety Fiber),Hill's Science Diet Perfect Weight Formula,Gentle In-Home Senior Care & Medication Supervision,Engage in structured 30-minute low-impact daily walks. Weigh meal portions accurately and avoid high-calorie table scraps.
Dog,Rottweiler,8.7,22.8,Healthy,Moderate,Senior Mobility & Joint Care (Glucosamine & Omega-3),Purina Pro Plan Veterinary Diets JM Joint Mobility,Standard Boarding & Daily Enrichment Walking,"Maintain regular biannual health checkups, brush teeth weekly, and ensure fresh hydration throughout the day."
Cat,Siamese Cat,6.1,3.3,Healthy,Low,Daily Complete Balanced Adult Maintenance,Blue Buffalo Life Protection Natural Adult Blend,Standard Boarding & Daily Enrichment Walking,"Maintain regular biannual health checkups, brush teeth weekly, and ensure fresh hydration throughout the day."
Dog,Poodle,5.0,22.6,Joint Issues / Arthritis,Moderate,Senior Mobility & Joint Care (Glucosamine & Omega-3),Purina Pro Plan Veterinary Diets JM Joint Mobility,Gentle In-Home Senior Care & Medication Supervision,"Provide orthopedic bedding, avoid stairs or sudden jumping, and supplement with EPA/DHA fatty acids for joint lubrication."
Dog,Labrador Retriever,14.3,27.0,Overweight,Low,Weight Management (Low Calorie & High Satiety Fiber),Hill's Science Diet Perfect Weight Formula,Gentle In-Home Senior Care & Medication Supervision,Engage in structured 30-minute low-impact daily walks. Weigh meal portions accurately and avoid high-calorie table scraps.
Dog,Rottweiler,10.7,41.0,Sensitive Stomach / Allergies,Low,Senior Mobility & Joint Care (Glucosamine & Omega-3),Purina Pro Plan Veterinary Diets JM Joint Mobility,Gentle In-Home Senior Care & Medication Supervision,"Maintain regular biannual health checkups, brush teeth weekly, and ensure fresh hydration throughout the day."
Cat,Maine Coon,16.1,10.3,Overweight,Low,Weight Management (Low Calorie & High Satiety Fiber),Hill's Science Diet Perfect Weight Formula,Gentle In-Home Senior Care & Medication Supervision,Engage in structured 30-minute low-impact daily walks. Weigh meal portions accurately and avoid high-calorie table scraps.
Dog,Dachshund,6.7,10.2,Joint Issues / Arthritis,Low,Senior Mobility & Joint Care (Glucosamine & Omega-3),Purina Pro Plan Veterinary Diets JM Joint Mobility,Gentle In-Home Senior Care & Medication Supervision,"Provide orthopedic bedding, avoid stairs or sudden jumping, and supplement with EPA/DHA fatty acids for joint lubrication."
Dog,German Shepherd,14.6,27.6,Sensitive Stomach / Allergies,Low,Senior Mobility & Joint Care (Glucosamine & Omega-3),Purina Pro Plan Veterinary Diets JM Joint Mobility,Gentle In-Home Senior Care & Medication Supervision,"Maintain regular biannual health checkups, brush teeth weekly, and ensure fresh hydration throughout the day."
Dog,Golden Retriever,0.6,14.7,Healthy,Very High,Growth & Development (High Protein & DHA),Royal Canin Puppy / Kitten Starter Nutrition,Puppy / Kitten Care & Socialization Routine,Feed 3-4 small portioned meals daily. Complete vaccination schedule and prioritize positive-reinforcement socialization for Golden Retriever.
Dog,Dachshund,6.2,6.0,Healthy,High,Active Performance & Muscle Fuel (30/20 High Energy),Orijen Amazing Grains High-Protein Energy Feast,High-Energy Active Adventure & Agility Exercise,Needs at least 60-90 minutes of vigorous daily exercise and puzzle toys to prevent boredom and anxiety.
Dog,French Bulldog,11.0,14.3,Healthy,Low,Senior Mobility & Joint Care (Glucosamine & Omega-3),Purina Pro Plan Veterinary Diets JM Joint Mobility,Gentle In-Home Senior Care & Medication Supervision,"Maintain regular biannual health checkups, brush teeth weekly, and ensure fresh hydration throughout the day."
Cat,Siamese Cat,15.6,5.2,Joint Issues / Arthritis,Low,Senior Mobility & Joint Care (Glucosamine & Omega-3),Purina Pro Plan Veterinary Diets JM Joint Mobility,Gentle In-Home Senior Care & Medication Supervision,"Provide orthopedic bedding, avoid stairs or sudden jumping, and supplement with EPA/DHA fatty acids for joint lubrication."
Cat,Siamese Cat,14.3,8.3,Healthy,Low,Senior Mobility & Joint Care (Glucosamine & Omega-3),Purina Pro Plan Veterinary Diets JM Joint Mobility,Gentle In-Home Senior Care & Medication Supervision,"Maintain regular biannual health checkups, brush teeth weekly, and ensure fresh hydration throughout the day."
Dog,Golden Retriever,9.6,35.3,Joint Issues / Arthritis,Moderate,Senior Mobility & Joint Care (Glucosamine & Omega-3),Purina Pro Plan Veterinary Diets JM Joint Mobility,Gentle In-Home Senior Care & Medication Supervision,"Provide orthopedic bedding, avoid stairs or sudden jumping, and supplement with EPA/DHA fatty acids for joint lubrication."
Dog,Golden Retriever,3.0,39.5,Healthy,High,Active Performance & Muscle Fuel (30/20 High Energy),Orijen Amazing Grains High-Protein Energy Feast,High-Energy Active Adventure & Agility Exercise,Needs at least 60-90 minutes of vigorous daily exercise and puzzle toys to prevent boredom and anxiety.
Dog,Boxer,8.8,33.7,Joint Issues / Arthritis,Low,Senior Mobility & Joint Care (Glucosamine & Omega-3),Purina Pro Plan Veterinary Diets JM Joint Mobility,Gentle In-Home Senior Care & Medication Supervision,"Provide orthopedic bedding, avoid stairs or sudden jumping, and supplement with EPA/DHA fatty acids for joint lubrication."
Dog,German Shepherd,10.0,30.4,Healthy,Very High,Senior Mobility & Joint Care (Glucosamine & Omega-3),Purina Pro Plan Veterinary Diets JM Joint Mobility,High-Energy Active Adventure & Agility Exercise,Needs at least 60-90 minutes of vigorous daily exercise and puzzle toys to prevent boredom and anxiety.
Dog,Dachshund,1.4,6.2,Healthy,Very High,Active Performance & Muscle Fuel (30/20 High Energy),Orijen Amazing Grains High-Protein Energy Feast,High-Energy Active Adventure & Agility Exercise,Needs at least 60-90 minutes of vigorous daily exercise and puzzle toys to prevent boredom and anxiety.
Dog,Beagle,8.9,14.9,Healthy,Moderate,Senior Mobility & Joint Care (Glucosamine & Omega-3),Purina Pro Plan Veterinary Diets JM Joint Mobility,Standard Boarding & Daily Enrichment Walking,"Maintain regular biannual health checkups, brush teeth weekly, and ensure fresh hydration throughout the day."
Dog,French Bulldog,8.1,16.0,Healthy,High,Senior Mobility & Joint Care (Glucosamine & Omega-3),Purina Pro Plan Veterinary Diets JM Joint Mobility,High-Energy Active Adventure & Agility Exercise,Needs at least 60-90 minutes of vigorous daily exercise and puzzle toys to prevent boredom and anxiety.
Dog,Beagle,4.3,10.1,Senior Cognitive Decline,Low,Daily Complete Balanced Adult Maintenance,Blue Buffalo Life Protection Natural Adult Blend,Gentle In-Home Senior Care & Medication Supervision,"Maintain regular biannual health checkups, brush teeth weekly, and ensure fresh hydration throughout the day."
Dog,Poodle,2.9,6.1,Overweight,Low,Weight Management (Low Calorie & High Satiety Fiber),Hill's Science Diet Perfect Weight Formula,Standard Boarding & Daily Enrichment Walking,Engage in structured 30-minute low-impact daily walks. Weigh meal portions accurately and avoid high-calorie table scraps.
Dog,Golden Retriever,14.5,24.9,Underweight,Moderate,Senior Mobility & Joint Care (Glucosamine & Omega-3),Purina Pro Plan Veterinary Diets JM Joint Mobility,Gentle In-Home Senior Care & Medication Supervision,"Maintain regular biannual health checkups, brush teeth weekly, and ensure fresh hydration throughout the day."
Dog,Golden Retriever,5.3,31.3,Healthy,Low,Daily Complete Balanced Adult Maintenance,Blue Buffalo Life Protection Natural Adult Blend,Standard Boarding & Daily Enrichment Walking,"Maintain regular biannual health checkups, brush teeth weekly, and ensure fresh hydration throughout the day."
Cat,Bengal Cat,12.2,4.9,Joint Issues / Arthritis,Low,Senior Mobility & Joint Care (Glucosamine & Omega-3),Purina Pro Plan Veterinary Diets JM Joint Mobility,Gentle In-Home Senior Care & Medication Supervision,"Provide orthopedic bedding, avoid stairs or sudden jumping, and supplement with EPA/DHA fatty acids for joint lubrication."
Cat,Domestic Shorthair,4.8,8.2,Healthy,Low,Daily Complete Balanced Adult Maintenance,Blue Buffalo Life Protection Natural Adult Blend,Standard Boarding & Daily Enrichment Walking,"Maintain regular biannual health checkups, brush teeth weekly, and ensure fresh hydration throughout the day."
Dog,Dachshund,13.1,6.4,Senior Cognitive Decline,Low,Senior Mobility & Joint Care (Glucosamine & Omega-3),Purina Pro Plan Veterinary Diets JM Joint Mobility,Gentle In-Home Senior Care & Medication Supervision,"Maintain regular biannual health checkups, brush teeth weekly, and ensure fresh hydration throughout the day."
Cat,Maine Coon,17.0,11.0,Overweight,Low,Weight Management (Low Calorie & High Satiety Fiber),Hill's Science Diet Perfect Weight Formula,Gentle In-Home Senior Care & Medication Supervision,Engage in structured 30-minute low-impact daily walks. Weigh meal portions accurately and avoid high-calorie table scraps.
Dog,Poodle,5.0,24.6,Joint Issues / Arthritis,Low,Senior Mobility & Joint Care (Glucosamine & Omega-3),Purina Pro Plan Veterinary Diets JM Joint Mobility,Gentle In-Home Senior Care & Medication Supervision,"Provide orthopedic bedding, avoid stairs or sudden jumping, and supplement with EPA/DHA fatty acids for joint lubrication."
Dog,Beagle,9.9,17.0,Healthy,Very High,Senior Mobility & Joint Care (Glucosamine & Omega-3),Purina Pro Plan Veterinary Diets JM Joint Mobility,High-Energy Active Adventure & Agility Exercise,Needs at least 60-90 minutes of vigorous daily exercise and puzzle toys to prevent boredom and anxiety.
Cat,Maine Coon,15.7,6.9,Underweight,Low,Senior Mobility & Joint Care (Glucosamine & Omega-3),Purina Pro Plan Veterinary Diets JM Joint Mobility,Gentle In-Home Senior Care & Medication Supervision,"Maintain regular biannual health checkups, brush teeth weekly, and ensure fresh hydration throughout the day."
Dog,Dachshund,6.1,9.0,Healthy,Moderate,Daily Complete Balanced Adult Maintenance,Blue Buffalo Life Protection Natural Adult Blend,Standard Boarding & Daily Enrichment Walking,"Maintain regular biannual health checkups, brush teeth weekly, and ensure fresh hydration throughout the day."
Dog,Poodle,1.4,18.2,Underweight,Very High,Active Performance & Muscle Fuel (30/20 High Energy),Orijen Amazing Grains High-Protein Energy Feast,High-Energy Active Adventure & Agility Exercise,Needs at least 60-90 minutes of vigorous daily exercise and puzzle toys to prevent boredom and anxiety.
Dog,Dachshund,14.3,12.6,Sensitive Stomach / Allergies,Low,Senior Mobility & Joint Care (Glucosamine & Omega-3),Purina Pro Plan Veterinary Diets JM Joint Mobility,Gentle In-Home Senior Care & Medication Supervision,"Maintain regular biannual health checkups, brush teeth weekly, and ensure fresh hydration throughout the day."
Dog,French Bulldog,3.9,12.3,Overweight,Moderate,Weight Management (Low Calorie & High Satiety Fiber),Hill's Science Diet Perfect Weight Formula,Standard Boarding & Daily Enrichment Walking,Engage in structured 30-minute low-impact daily walks. Weigh meal portions accurately and avoid high-calorie table scraps.
Cat,Maine Coon,0.6,2.7,Healthy,Very High,Growth & Development (High Protein & DHA),Royal Canin Puppy / Kitten Starter Nutrition,Puppy / Kitten Care & Socialization Routine,Feed 3-4 small portioned meals daily. Complete vaccination schedule and prioritize positive-reinforcement socialization for Maine Coon.
Cat,Persian Cat,11.9,3.3,Overweight,Low,Weight Management (Low Calorie & High Satiety Fiber),Hill's Science Diet Perfect Weight Formula,Gentle In-Home Senior Care & Medication Supervision,Engage in structured 30-minute low-impact daily walks. Weigh meal portions accurately and avoid high-calorie table scraps.
Dog,Beagle,4.1,10.5,Sensitive Stomach / Allergies,Moderate,Hypoallergenic Single-Source Protein & Grain-Free,Farmina N&D Ocean Grain-Free Hypoallergenic Formula,Specialized Medical Monitoring & Controlled Diet Feeding,"Maintain regular biannual health checkups, brush teeth weekly, and ensure fresh hydration throughout the day."
Dog,Beagle,10.8,14.7,Sensitive Stomach / Allergies,Low,Senior Mobility & Joint Care (Glucosamine & Omega-3),Purina Pro Plan Veterinary Diets JM Joint Mobility,Gentle In-Home Senior Care & Medication Supervision,"Maintain regular biannual health checkups, brush teeth weekly, and ensure fresh hydration throughout the day."
Dog,Dachshund,12.1,5.2,Sensitive Stomach / Allergies,Low,Senior Mobility & Joint Care (Glucosamine & Omega-3),Purina Pro Plan Veterinary Diets JM Joint Mobility,Gentle In-Home Senior Care & Medication Supervision,"Maintain regular biannual health checkups, brush teeth weekly, and ensure fresh hydration throughout the day."
Cat,Bengal Cat,8.9,6.6,Healthy,Very High,Senior Mobility & Joint Care (Glucosamine & Omega-3),Purina Pro Plan Veterinary Diets JM Joint Mobility,High-Energy Active Adventure & Agility Exercise,Needs at least 60-90 minutes of vigorous daily exercise and puzzle toys to prevent boredom and anxiety.
Cat,Domestic Shorthair,14.8,5.2,Healthy,Low,Senior Mobility & Joint Care (Glucosamine & Omega-3),Purina Pro Plan Veterinary Diets JM Joint Mobility,Gentle In-Home Senior Care & Medication Supervision,"Maintain regular biannual health checkups, brush teeth weekly, and ensure fresh hydration throughout the day."
Dog,Dachshund,13.5,6.0,Sensitive Stomach / Allergies,Low,Senior Mobility & Joint Care (Glucosamine & Omega-3),Purina Pro Plan Veterinary Diets JM Joint Mobility,Gentle In-Home Senior Care & Medication Supervision,"Maintain regular biannual health checkups, brush teeth weekly, and ensure fresh hydration throughout the day."
Cat,Bengal Cat,12.2,7.7,Healthy,Low,Senior Mobility & Joint Care (Glucosamine & Omega-3),Purina Pro Plan Veterinary Diets JM Joint Mobility,Gentle In-Home Senior Care & Medication Supervision,"Maintain regular biannual health checkups, brush teeth weekly, and ensure fresh hydration throughout the day."
Dog,Labrador Retriever,11.1,38.3,Healthy,Low,Senior Mobility & Joint Care (Glucosamine & Omega-3),Purina Pro Plan Veterinary Diets JM Joint Mobility,Gentle In-Home Senior Care & Medication Supervision,"Maintain regular biannual health checkups, brush teeth weekly, and ensure fresh hydration throughout the day."
Dog,Siberian Husky,8.3,26.6,Overweight,Low,Weight Management (Low Calorie & High Satiety Fiber),Hill's Science Diet Perfect Weight Formula,Standard Boarding & Daily Enrichment Walking,Engage in structured 30-minute low-impact daily walks. Weigh meal portions accurately and avoid high-calorie table scraps.
Cat,Maine Coon,10.9,9.1,Healthy,Moderate,Senior Mobility & Joint Care (Glucosamine & Omega-3),Purina Pro Plan Veterinary Diets JM Joint Mobility,Gentle In-Home Senior Care & Medication Supervision,"Maintain regular biannual health checkups, brush teeth weekly, and ensure fresh hydration throughout the day."
Dog,Boxer,2.2,25.7,Overweight,Low,Weight Management (Low Calorie & High Satiety Fiber),Hill's Science Diet Perfect Weight Formula,Standard Boarding & Daily Enrichment Walking,Engage in structured 30-minute low-impact daily walks. Weigh meal portions accurately and avoid high-calorie table scraps.
Dog,Boxer,9.8,33.9,Healthy,High,Senior Mobility & Joint Care (Glucosamine & Omega-3),Purina Pro Plan Veterinary Diets JM Joint Mobility,High-Energy Active Adventure & Agility Exercise,Needs at least 60-90 minutes of vigorous daily exercise and puzzle toys to prevent boredom and anxiety.
Dog,Labrador Retriever,12.5,33.7,Underweight,Low,Senior Mobility & Joint Care (Glucosamine & Omega-3),Purina Pro Plan Veterinary Diets JM Joint Mobility,Gentle In-Home Senior Care & Medication Supervision,"Maintain regular biannual health checkups, brush teeth weekly, and ensure fresh hydration throughout the day."
Dog,German Shepherd,8.1,28.2,Joint Issues / Arthritis,Moderate,Senior Mobility & Joint Care (Glucosamine & Omega-3),Purina Pro Plan Veterinary Diets JM Joint Mobility,Gentle In-Home Senior Care & Medication Supervision,"Provide orthopedic bedding, avoid stairs or sudden jumping, and supplement with EPA/DHA fatty acids for joint lubrication."
Cat,Persian Cat,17.9,4.2,Overweight,Low,Weight Management (Low Calorie & High Satiety Fiber),Hill's Science Diet Perfect Weight Formula,Gentle In-Home Senior Care & Medication Supervision,Engage in structured 30-minute low-impact daily walks. Weigh meal portions accurately and avoid high-calorie table scraps.
Cat,British Shorthair,12.5,4.4,Healthy,Low,Senior Mobility & Joint Care (Glucosamine & Omega-3),Purina Pro Plan Veterinary Diets JM Joint Mobility,Gentle In-Home Senior Care & Medication Supervision,"Maintain regular biannual health checkups, brush teeth weekly, and ensure fresh hydration throughout the day."
Cat,Persian Cat,5.6,6.8,Healthy,Low,Daily Complete Balanced Adult Maintenance,Blue Buffalo Life Protection Natural Adult Blend,Standard Boarding & Daily Enrichment Walking,"Maintain regular biannual health checkups, brush teeth weekly, and ensure fresh hydration throughout the day."
Cat,Domestic Shorthair,17.9,6.9,Sensitive Stomach / Allergies,Low,Senior Mobility & Joint Care (Glucosamine & Omega-3),Purina Pro Plan Veterinary Diets JM Joint Mobility,Gentle In-Home Senior Care & Medication Supervision,"Maintain regular biannual health checkups, brush teeth weekly, and ensure fresh hydration throughout the day."
Dog,Golden Retriever,11.9,40.3,Overweight,Low,Weight Management (Low Calorie & High Satiety Fiber),Hill's Science Diet Perfect Weight Formula,Gentle In-Home Senior Care & Medication Supervision,Engage in structured 30-minute low-impact daily walks. Weigh meal portions accurately and avoid high-calorie table scraps.
Dog,Beagle,4.8,10.6,Healthy,Very High,Active Performance & Muscle Fuel (30/20 High Energy),Orijen Amazing Grains High-Protein Energy Feast,High-Energy Active Adventure & Agility Exercise,Needs at least 60-90 minutes of vigorous daily exercise and puzzle toys to prevent boredom and anxiety.
Dog,German Shepherd,6.1,31.9,Overweight,Moderate,Weight Management (Low Calorie & High Satiety Fiber),Hill's Science Diet Perfect Weight Formula,Standard Boarding & Daily Enrichment Walking,Engage in structured 30-minute low-impact daily walks. Weigh meal portions accurately and avoid high-calorie table scraps.
Dog,Poodle,8.6,13.5,Healthy,Moderate,Senior Mobility & Joint Care (Glucosamine & Omega-3),Purina Pro Plan Veterinary Diets JM Joint Mobility,Standard Boarding & Daily Enrichment Walking,"Maintain regular biannual health checkups, brush teeth weekly, and ensure fresh hydration throughout the day."
Dog,Boxer,8.1,35.1,Healthy,Very High,Senior Mobility & Joint Care (Glucosamine & Omega-3),Purina Pro Plan Veterinary Diets JM Joint Mobility,High-Energy Active Adventure & Agility Exercise,Needs at least 60-90 minutes of vigorous daily exercise and puzzle toys to prevent boredom and anxiety.
Dog,German Shepherd,2.9,35.6,Dental Issues,Very High,Active Performance & Muscle Fuel (30/20 High Energy),Orijen Amazing Grains High-Protein Energy Feast,High-Energy Active Adventure & Agility Exercise,Needs at least 60-90 minutes of vigorous daily exercise and puzzle toys to prevent boredom and anxiety.
Cat,Persian Cat,8.8,5.1,Healthy,High,Senior Mobility & Joint Care (Glucosamine & Omega-3),Purina Pro Plan Veterinary Diets JM Joint Mobility,High-Energy Active Adventure & Agility Exercise,Needs at least 60-90 minutes of vigorous daily exercise and puzzle toys to prevent boredom and anxiety.
Cat,Bengal Cat,9.2,3.1,Healthy,High,Senior Mobility & Joint Care (Glucosamine & Omega-3),Purina Pro Plan Veterinary Diets JM Joint Mobility,High-Energy Active Adventure & Agility Exercise,Needs at least 60-90 minutes of vigorous daily exercise and puzzle toys to prevent boredom and anxiety.
Dog,Rottweiler,3.7,25.5,Healthy,Moderate,Daily Complete Balanced Adult Maintenance,Blue Buffalo Life Protection Natural Adult Blend,Standard Boarding & Daily Enrichment Walking,"Maintain regular biannual health checkups, brush teeth weekly, and ensure fresh hydration throughout the day."
Cat,Bengal Cat,8.1,4.6,Healthy,Very High,Senior Mobility & Joint Care (Glucosamine & Omega-3),Purina Pro Plan Veterinary Diets JM Joint Mobility,High-Energy Active Adventure & Agility Exercise,Needs at least 60-90 minutes of vigorous daily exercise and puzzle toys to prevent boredom and anxiety.
Cat,Maine Coon,7.1,7.3,Healthy,Moderate,Daily Complete Balanced Adult Maintenance,Blue Buffalo Life Protection Natural Adult Blend,Standard Boarding & Daily Enrichment Walking,"Maintain regular biannual health checkups, brush teeth weekly, and ensure fresh hydration throughout the day."
Cat,Persian Cat,7.9,2.0,Sensitive Stomach / Allergies,Moderate,Hypoallergenic Single-Source Protein & Grain-Free,Farmina N&D Ocean Grain-Free Hypoallergenic Formula,Specialized Medical Monitoring & Controlled Diet Feeding,"Maintain regular biannual health checkups, brush teeth weekly, and ensure fresh hydration throughout the day."
Dog,Labrador Retriever,7.8,44.0,Underweight,Moderate,Daily Complete Balanced Adult Maintenance,Blue Buffalo Life Protection Natural Adult Blend,Standard Boarding & Daily Enrichment Walking,"Maintain regular biannual health checkups, brush teeth weekly, and ensure fresh hydration throughout the day."
Dog,Poodle,6.6,10.8,Healthy,Low,Daily Complete Balanced Adult Maintenance,Blue Buffalo Life Protection Natural Adult Blend,Standard Boarding & Daily Enrichment Walking,"Maintain regular biannual health checkups, brush teeth weekly, and ensure fresh hydration throughout the day."
Dog,Poodle,12.5,21.1,Healthy,Low,Senior Mobility & Joint Care (Glucosamine & Omega-3),Purina Pro Plan Veterinary Diets JM Joint Mobility,Gentle In-Home Senior Care & Medication Supervision,"Maintain regular biannual health checkups, brush teeth weekly, and ensure fresh hydration throughout the day."
Dog,Poodle,11.9,17.9,Healthy,Low,Senior Mobility & Joint Care (Glucosamine & Omega-3),Purina Pro Plan Veterinary Diets JM Joint Mobility,Gentle In-Home Senior Care & Medication Supervision,"Maintain regular biannual health checkups, brush teeth weekly, and ensure fresh hydration throughout the day."
Dog,Dachshund,3.8,12.9,Dental Issues,Moderate,Daily Complete Balanced Adult Maintenance,Blue Buffalo Life Protection Natural Adult Blend,Standard Boarding & Daily Enrichment Walking,"Maintain regular biannual health checkups, brush teeth weekly, and ensure fresh hydration throughout the day."
Dog,French Bulldog,12.7,10.1,Healthy,Low,Senior Mobility & Joint Care (Glucosamine & Omega-3),Purina Pro Plan Veterinary Diets JM Joint Mobility,Gentle In-Home Senior Care & Medication Supervision,"Maintain regular biannual health checkups, brush teeth weekly, and ensure fresh hydration throughout the day."
Cat,Maine Coon,7.0,7.8,Sensitive Stomach / Allergies,High,Hypoallergenic Single-Source Protein & Grain-Free,Farmina N&D Ocean Grain-Free Hypoallergenic Formula,High-Energy Active Adventure & Agility Exercise,Needs at least 60-90 minutes of vigorous daily exercise and puzzle toys to prevent boredom and anxiety.
Cat,Persian Cat,12.0,8.3,Healthy,Low,Senior Mobility & Joint Care (Glucosamine & Omega-3),Purina Pro Plan Veterinary Diets JM Joint Mobility,Gentle In-Home Senior Care & Medication Supervision,"Maintain regular biannual health checkups, brush teeth weekly, and ensure fresh hydration throughout the day."
Cat,Bengal Cat,14.1,6.4,Healthy,Low,Senior Mobility & Joint Care (Glucosamine & Omega-3),Purina Pro Plan Veterinary Diets JM Joint Mobility,Gentle In-Home Senior Care & Medication Supervision,"Maintain regular biannual health checkups, brush teeth weekly, and ensure fresh hydration throughout the day."
Dog,Labrador Retriever,1.3,31.1,Joint Issues / Arthritis,Low,Senior Mobility & Joint Care (Glucosamine & Omega-3),Purina Pro Plan Veterinary Diets JM Joint Mobility,Gentle In-Home Senior Care & Medication Supervision,"Provide orthopedic bedding, avoid stairs or sudden jumping, and supplement with EPA/DHA fatty acids for joint lubrication."
Cat,British Shorthair,1.0,6.9,Sensitive Stomach / Allergies,High,Hypoallergenic Single-Source Protein & Grain-Free,Farmina N&D Ocean Grain-Free Hypoallergenic Formula,High-Energy Active Adventure & Agility Exercise,Needs at least 60-90 minutes of vigorous daily exercise and puzzle toys to prevent boredom and anxiety.
Dog,Beagle,11.1,11.0,Healthy,Moderate,Senior Mobility & Joint Care (Glucosamine & Omega-3),Purina Pro Plan Veterinary Diets JM Joint Mobility,Gentle In-Home Senior Care & Medication Supervision,"Maintain regular biannual health checkups, brush teeth weekly, and ensure fresh hydration throughout the day."
Cat,Bengal Cat,6.6,5.2,Sensitive Stomach / Allergies,High,Hypoallergenic Single-Source Protein & Grain-Free,Farmina N&D Ocean Grain-Free Hypoallergenic Formula,High-Energy Active Adventure & Agility Exercise,Needs at least 60-90 minutes of vigorous daily exercise and puzzle toys to prevent boredom and anxiety.
Dog,Labrador Retriever,4.6,38.5,Healthy,Moderate,Daily Complete Balanced Adult Maintenance,Blue Buffalo Life Protection Natural Adult Blend,Standard Boarding & Daily Enrichment Walking,"Maintain regular biannual health checkups, brush teeth weekly, and ensure fresh hydration throughout the day."
Dog,Beagle,11.7,14.2,Healthy,Moderate,Senior Mobility & Joint Care (Glucosamine & Omega-3),Purina Pro Plan Veterinary Diets JM Joint Mobility,Gentle In-Home Senior Care & Medication Supervision,"Maintain regular biannual health checkups, brush teeth weekly, and ensure fresh hydration throughout the day."
Cat,Bengal Cat,8.7,3.8,Senior Cognitive Decline,Low,Senior Mobility & Joint Care (Glucosamine & Omega-3),Purina Pro Plan Veterinary Diets JM Joint Mobility,Gentle In-Home Senior Care & Medication Supervision,"Maintain regular biannual health checkups, brush teeth weekly, and ensure fresh hydration throughout the day."
Dog,Golden Retriever,2.2,31.4,Healthy,Moderate,Daily Complete Balanced Adult Maintenance,Blue Buffalo Life Protection Natural Adult Blend,Standard Boarding & Daily Enrichment Walking,"Maintain regular biannual health checkups, brush teeth weekly, and ensure fresh hydration throughout the day."
Dog,Dachshund,9.3,9.8,Healthy,Low,Senior Mobility & Joint Care (Glucosamine & Omega-3),Purina Pro Plan Veterinary Diets JM Joint Mobility,Standard Boarding & Daily Enrichment Walking,"Maintain regular biannual health checkups, brush teeth weekly, and ensure fresh hydration throughout the day."
Cat,British Shorthair,5.4,8.2,Sensitive Stomach / Allergies,Very High,Hypoallergenic Single-Source Protein & Grain-Free,Farmina N&D Ocean Grain-Free Hypoallergenic Formula,High-Energy Active Adventure & Agility Exercise,Needs at least 60-90 minutes of vigorous daily exercise and puzzle toys to prevent boredom and anxiety.
Dog,French Bulldog,14.7,15.0,Healthy,Low,Senior Mobility & Joint Care (Glucosamine & Omega-3),Purina Pro Plan Veterinary Diets JM Joint Mobility,Gentle In-Home Senior Care & Medication Supervision,"Maintain regular biannual health checkups, brush teeth weekly, and ensure fresh hydration throughout the day."
Dog,Poodle,14.8,21.1,Healthy,Low,Senior Mobility & Joint Care (Glucosamine & Omega-3),Purina Pro Plan Veterinary Diets JM Joint Mobility,Gentle In-Home Senior Care & Medication Supervision,"Maintain regular biannual health checkups, brush teeth weekly, and ensure fresh hydration throughout the day."
Cat,Maine Coon,17.4,6.7,Healthy,Low,Senior Mobility & Joint Care (Glucosamine & Omega-3),Purina Pro Plan Veterinary Diets JM Joint Mobility,Gentle In-Home Senior Care & Medication Supervision,"Maintain regular biannual health checkups, brush teeth weekly, and ensure fresh hydration throughout the day."
Cat,Persian Cat,9.3,4.9,Joint Issues / Arthritis,Moderate,Senior Mobility & Joint Care (Glucosamine & Omega-3),Purina Pro Plan Veterinary Diets JM Joint Mobility,Gentle In-Home Senior Care & Medication Supervision,"Provide orthopedic bedding, avoid stairs or sudden jumping, and supplement with EPA/DHA fatty acids for joint lubrication."
Dog,French Bulldog,2.7,10.3,Healthy,High,Active Performance & Muscle Fuel (30/20 High Energy),Orijen Amazing Grains High-Protein Energy Feast,High-Energy Active Adventure & Agility Exercise,Needs at least 60-90 minutes of vigorous daily exercise and puzzle toys to prevent boredom and anxiety.
Cat,Maine Coon,7.4,8.5,Overweight,Moderate,Weight Management (Low Calorie & High Satiety Fiber),Hill's Science Diet Perfect Weight Formula,Standard Boarding & Daily Enrichment Walking,Engage in structured 30-minute low-impact daily walks. Weigh meal portions accurately and avoid high-calorie table scraps.
Dog,Golden Retriever,5.5,38.4,Healthy,High,Active Performance & Muscle Fuel (30/20 High Energy),Orijen Amazing Grains High-Protein Energy Feast,High-Energy Active Adventure & Agility Exercise,Needs at least 60-90 minutes of vigorous daily exercise and puzzle toys to prevent boredom and anxiety.
Dog,Labrador Retriever,0.5,12.9,Joint Issues / Arthritis,Low,Growth & Development (High Protein & DHA),Royal Canin Puppy / Kitten Starter Nutrition,Puppy / Kitten Care & Socialization Routine,Feed 3-4 small portioned meals daily. Complete vaccination schedule and prioritize positive-reinforcement socialization for Labrador Retriever.
Cat,Domestic Shorthair,15.8,6.3,Healthy,Moderate,Senior Mobility & Joint Care (Glucosamine & Omega-3),Purina Pro Plan Veterinary Diets JM Joint Mobility,Gentle In-Home Senior Care & Medication Supervision,"Maintain regular biannual health checkups, brush teeth weekly, and ensure fresh hydration throughout the day."
Cat,Maine Coon,2.7,6.8,Healthy,Low,Daily Complete Balanced Adult Maintenance,Blue Buffalo Life Protection Natural Adult Blend,Standard Boarding & Daily Enrichment Walking,"Maintain regular biannual health checkups, brush teeth weekly, and ensure fresh hydration throughout the day."
Dog,Rottweiler,6.0,32.4,Overweight,Moderate,Weight Management (Low Calorie & High Satiety Fiber),Hill's Science Diet Perfect Weight Formula,Standard Boarding & Daily Enrichment Walking,Engage in structured 30-minute low-impact daily walks. Weigh meal portions accurately and avoid high-calorie table scraps.
Dog,Dachshund,8.6,9.2,Joint Issues / Arthritis,Moderate,Senior Mobility & Joint Care (Glucosamine & Omega-3),Purina Pro Plan Veterinary Diets JM Joint Mobility,Gentle In-Home Senior Care & Medication Supervision,"Provide orthopedic bedding, avoid stairs or sudden jumping, and supplement with EPA/DHA fatty acids for joint lubrication."
Dog,German Shepherd,7.6,21.8,Healthy,Very High,Active Performance & Muscle Fuel (30/20 High Energy),Orijen Amazing Grains High-Protein Energy Feast,High-Energy Active Adventure & Agility Exercise,Needs at least 60-90 minutes of vigorous daily exercise and puzzle toys to prevent boredom and anxiety.
Cat,Bengal Cat,9.5,3.3,Healthy,Very High,Senior Mobility & Joint Care (Glucosamine & Omega-3),Purina Pro Plan Veterinary Diets JM Joint Mobility,High-Energy Active Adventure & Agility Exercise,Needs at least 60-90 minutes of vigorous daily exercise and puzzle toys to prevent boredom and anxiety.
Dog,Beagle,1.2,16.4,Joint Issues / Arthritis,Low,Senior Mobility & Joint Care (Glucosamine & Omega-3),Purina Pro Plan Veterinary Diets JM Joint Mobility,Gentle In-Home Senior Care & Medication Supervision,"Provide orthopedic bedding, avoid stairs or sudden jumping, and supplement with EPA/DHA fatty acids for joint lubrication."
Dog,Poodle,9.7,18.7,Healthy,High,Senior Mobility & Joint Care (Glucosamine & Omega-3),Purina Pro Plan Veterinary Diets JM Joint Mobility,High-Energy Active Adventure & Agility Exercise,Needs at least 60-90 minutes of vigorous daily exercise and puzzle toys to prevent boredom and anxiety.
Dog,Rottweiler,14.3,26.9,Dental Issues,Low,Senior Mobility & Joint Care (Glucosamine & Omega-3),Purina Pro Plan Veterinary Diets JM Joint Mobility,Gentle In-Home Senior Care & Medication Supervision,"Maintain regular biannual health checkups, brush teeth weekly, and ensure fresh hydration throughout the day."
Cat,Domestic Shorthair,15.0,4.5,Healthy,Moderate,Senior Mobility & Joint Care (Glucosamine & Omega-3),Purina Pro Plan Veterinary Diets JM Joint Mobility,Gentle In-Home Senior Care & Medication Supervision,"Maintain regular biannual health checkups, brush teeth weekly, and ensure fresh hydration throughout the day."
Dog,Dachshund,13.1,8.9,Sensitive Stomach / Allergies,Low,Senior Mobility & Joint Care (Glucosamine & Omega-3),Purina Pro Plan Veterinary Diets JM Joint Mobility,Gentle In-Home Senior Care & Medication Supervision,"Maintain regular biannual health checkups, brush teeth weekly, and ensure fresh hydration throughout the day."
Dog,Poodle,9.6,9.4,Senior Cognitive Decline,Moderate,Senior Mobility & Joint Care (Glucosamine & Omega-3),Purina Pro Plan Veterinary Diets JM Joint Mobility,Gentle In-Home Senior Care & Medication Supervision,"Maintain regular biannual health checkups, brush teeth weekly, and ensure fresh hydration throughout the day."
Dog,Rottweiler,2.6,32.9,Joint Issues / Arthritis,Low,Senior Mobility & Joint Care (Glucosamine & Omega-3),Purina Pro Plan Veterinary Diets JM Joint Mobility,Gentle In-Home Senior Care & Medication Supervision,"Provide orthopedic bedding, avoid stairs or sudden jumping, and supplement with EPA/DHA fatty acids for joint lubrication."
Cat,Domestic Shorthair,5.3,1.3,Healthy,Moderate,Daily Complete Balanced Adult Maintenance,Blue Buffalo Life Protection Natural Adult Blend,Standard Boarding & Daily Enrichment Walking,"Maintain regular biannual health checkups, brush teeth weekly, and ensure fresh hydration throughout the day."
Cat,Siamese Cat,5.1,5.9,Sensitive Stomach / Allergies,Low,Hypoallergenic Single-Source Protein & Grain-Free,Farmina N&D Ocean Grain-Free Hypoallergenic Formula,Specialized Medical Monitoring & Controlled Diet Feeding,"Maintain regular biannual health checkups, brush teeth weekly, and ensure fresh hydration throughout the day."
Dog,Boxer,1.0,35.2,Healthy,High,Active Performance & Muscle Fuel (30/20 High Energy),Orijen Amazing Grains High-Protein Energy Feast,High-Energy Active Adventure & Agility Exercise,Needs at least 60-90 minutes of vigorous daily exercise and puzzle toys to prevent boredom and anxiety.
Cat,Domestic Shorthair,16.2,4.4,Dental Issues,Low,Senior Mobility & Joint Care (Glucosamine & Omega-3),Purina Pro Plan Veterinary Diets JM Joint Mobility,Gentle In-Home Senior Care & Medication Supervision,"Maintain regular biannual health checkups, brush teeth weekly, and ensure fresh hydration throughout the day."
Cat,Siamese Cat,15.0,6.9,Overweight,Moderate,Weight Management (Low Calorie & High Satiety Fiber),Hill's Science Diet Perfect Weight Formula,Gentle In-Home Senior Care & Medication Supervision,Engage in structured 30-minute low-impact daily walks. Weigh meal portions accurately and avoid high-calorie table scraps.
Dog,Siberian Husky,3.2,33.6,Dental Issues,Very High,Active Performance & Muscle Fuel (30/20 High Energy),Orijen Amazing Grains High-Protein Energy Feast,High-Energy Active Adventure & Agility Exercise,Needs at least 60-90 minutes of vigorous daily exercise and puzzle toys to prevent boredom and anxiety.
Dog,Rottweiler,0.6,15.3,Healthy,High,Growth & Development (High Protein & DHA),Royal Canin Puppy / Kitten Starter Nutrition,Puppy / Kitten Care & Socialization Routine,Feed 3-4 small portioned meals daily. Complete vaccination schedule and prioritize positive-reinforcement socialization for Rottweiler.
Cat,Persian Cat,9.6,5.7,Joint Issues / Arthritis,Low,Senior Mobility & Joint Care (Glucosamine & Omega-3),Purina Pro Plan Veterinary Diets JM Joint Mobility,Gentle In-Home Senior Care & Medication Supervision,"Provide orthopedic bedding, avoid stairs or sudden jumping, and supplement with EPA/DHA fatty acids for joint lubrication."
Cat,Persian Cat,11.1,6.0,Healthy,Low,Senior Mobility & Joint Care (Glucosamine & Omega-3),Purina Pro Plan Veterinary Diets JM Joint Mobility,Gentle In-Home Senior Care & Medication Supervision,"Maintain regular biannual health checkups, brush teeth weekly, and ensure fresh hydration throughout the day."
Cat,Persian Cat,12.1,4.7,Joint Issues / Arthritis,Low,Senior Mobility & Joint Care (Glucosamine & Omega-3),Purina Pro Plan Veterinary Diets JM Joint Mobility,Gentle In-Home Senior Care & Medication Supervision,"Provide orthopedic bedding, avoid stairs or sudden jumping, and supplement with EPA/DHA fatty acids for joint lubrication."
Dog,Boxer,1.9,32.0,Sensitive Stomach / Allergies,Very High,Hypoallergenic Single-Source Protein & Grain-Free,Farmina N&D Ocean Grain-Free Hypoallergenic Formula,High-Energy Active Adventure & Agility Exercise,Needs at least 60-90 minutes of vigorous daily exercise and puzzle toys to prevent boredom and anxiety.
Dog,French Bulldog,2.7,13.1,Overweight,Low,Weight Management (Low Calorie & High Satiety Fiber),Hill's Science Diet Perfect Weight Formula,Standard Boarding & Daily Enrichment Walking,Engage in structured 30-minute low-impact daily walks. Weigh meal portions accurately and avoid high-calorie table scraps.
Cat,Domestic Shorthair,3.2,6.6,Overweight,Moderate,Weight Management (Low Calorie & High Satiety Fiber),Hill's Science Diet Perfect Weight Formula,Standard Boarding & Daily Enrichment Walking,Engage in structured 30-minute low-impact daily walks. Weigh meal portions accurately and avoid high-calorie table scraps.
Dog,Golden Retriever,1.3,33.8,Overweight,Low,Weight Management (Low Calorie & High Satiety Fiber),Hill's Science Diet Perfect Weight Formula,Standard Boarding & Daily Enrichment Walking,Engage in structured 30-minute low-impact daily walks. Weigh meal portions accurately and avoid high-calorie table scraps.
Dog,Beagle,6.9,10.2,Healthy,Low,Daily Complete Balanced Adult Maintenance,Blue Buffalo Life Protection Natural Adult Blend,Standard Boarding & Daily Enrichment Walking,"Maintain regular biannual health checkups, brush teeth weekly, and ensure fresh hydration throughout the day."
Dog,Boxer,4.5,38.7,Underweight,Very High,Active Performance & Muscle Fuel (30/20 High Energy),Orijen Amazing Grains High-Protein Energy Feast,High-Energy Active Adventure & Agility Exercise,Needs at least 60-90 minutes of vigorous daily exercise and puzzle toys to prevent boredom and anxiety.
Dog,Boxer,7.9,31.7,Healthy,Very High,Active Performance & Muscle Fuel (30/20 High Energy),Orijen Amazing Grains High-Protein Energy Feast,High-Energy Active Adventure & Agility Exercise,Needs at least 60-90 minutes of vigorous daily exercise and puzzle toys to prevent boredom and anxiety.
Dog,Golden Retriever,2.8,33.1,Healthy,Moderate,Daily Complete Balanced Adult Maintenance,Blue Buffalo Life Protection Natural Adult Blend,Standard Boarding & Daily Enrichment Walking,"Maintain regular biannual health checkups, brush teeth weekly, and ensure fresh hydration throughout the day."
Cat,Maine Coon,5.8,12.3,Sensitive Stomach / Allergies,Low,Hypoallergenic Single-Source Protein & Grain-Free,Farmina N&D Ocean Grain-Free Hypoallergenic Formula,Specialized Medical Monitoring & Controlled Diet Feeding,"Maintain regular biannual health checkups, brush teeth weekly, and ensure fresh hydration throughout the day."
Cat,Persian Cat,7.7,7.8,Underweight,Low,Daily Complete Balanced Adult Maintenance,Blue Buffalo Life Protection Natural Adult Blend,Standard Boarding & Daily Enrichment Walking,"Maintain regular biannual health checkups, brush teeth weekly, and ensure fresh hydration throughout the day."
Cat,Maine Coon,3.2,6.4,Overweight,Moderate,Weight Management (Low Calorie & High Satiety Fiber),Hill's Science Diet Perfect Weight Formula,Standard Boarding & Daily Enrichment Walking,Engage in structured 30-minute low-impact daily walks. Weigh meal portions accurately and avoid high-calorie table scraps.
Cat,Domestic Shorthair,7.0,6.1,Healthy,Very High,Active Performance & Muscle Fuel (30/20 High Energy),Orijen Amazing Grains High-Protein Energy Feast,High-Energy Active Adventure & Agility Exercise,Needs at least 60-90 minutes of vigorous daily exercise and puzzle toys to prevent boredom and anxiety.
Dog,Rottweiler,7.2,38.7,Healthy,Moderate,Daily Complete Balanced Adult Maintenance,Blue Buffalo Life Protection Natural Adult Blend,Standard Boarding & Daily Enrichment Walking,"Maintain regular biannual health checkups, brush teeth weekly, and ensure fresh hydration throughout the day."
Cat,Bengal Cat,9.6,2.4,Healthy,Very High,Senior Mobility & Joint Care (Glucosamine & Omega-3),Purina Pro Plan Veterinary Diets JM Joint Mobility,High-Energy Active Adventure & Agility Exercise,Needs at least 60-90 minutes of vigorous daily exercise and puzzle toys to prevent boredom and anxiety.
Dog,Golden Retriever,5.4,32.8,Joint Issues / Arthritis,Low,Senior Mobility & Joint Care (Glucosamine & Omega-3),Purina Pro Plan Veterinary Diets JM Joint Mobility,Gentle In-Home Senior Care & Medication Supervision,"Provide orthopedic bedding, avoid stairs or sudden jumping, and supplement with EPA/DHA fatty acids for joint lubrication."
Dog,French Bulldog,12.2,14.2,Healthy,Moderate,Senior Mobility & Joint Care (Glucosamine & Omega-3),Purina Pro Plan Veterinary Diets JM Joint Mobility,Gentle In-Home Senior Care & Medication Supervision,"Maintain regular biannual health checkups, brush teeth weekly, and ensure fresh hydration throughout the day."
Dog,German Shepherd,10.4,22.3,Sensitive Stomach / Allergies,Low,Senior Mobility & Joint Care (Glucosamine & Omega-3),Purina Pro Plan Veterinary Diets JM Joint Mobility,Gentle In-Home Senior Care & Medication Supervision,"Maintain regular biannual health checkups, brush teeth weekly, and ensure fresh hydration throughout the day."
Cat,Maine Coon,12.6,7.6,Healthy,Low,Senior Mobility & Joint Care (Glucosamine & Omega-3),Purina Pro Plan Veterinary Diets JM Joint Mobility,Gentle In-Home Senior Care & Medication Supervision,"Maintain regular biannual health checkups, brush teeth weekly, and ensure fresh hydration throughout the day."
Dog,Beagle,14.1,16.9,Sensitive Stomach / Allergies,Low,Senior Mobility & Joint Care (Glucosamine & Omega-3),Purina Pro Plan Veterinary Diets JM Joint Mobility,Gentle In-Home Senior Care & Medication Supervision,"Maintain regular biannual health checkups, brush teeth weekly, and ensure fresh hydration throughout the day."
Dog,Labrador Retriever,13.2,20.8,Healthy,Low,Senior Mobility & Joint Care (Glucosamine & Omega-3),Purina Pro Plan Veterinary Diets JM Joint Mobility,Gentle In-Home Senior Care & Medication Supervision,"Maintain regular biannual health checkups, brush teeth weekly, and ensure fresh hydration throughout the day."
Dog,French Bulldog,8.3,14.5,Healthy,Moderate,Senior Mobility & Joint Care (Glucosamine & Omega-3),Purina Pro Plan Veterinary Diets JM Joint Mobility,Standard Boarding & Daily Enrichment Walking,"Maintain regular biannual health checkups, brush teeth weekly, and ensure fresh hydration throughout the day."
Dog,Boxer,0.7,20.2,Healthy,Very High,Growth & Development (High Protein & DHA),Royal Canin Puppy / Kitten Starter Nutrition,Puppy / Kitten Care & Socialization Routine,Feed 3-4 small portioned meals daily. Complete vaccination schedule and prioritize positive-reinforcement socialization for Boxer.
Cat,Maine Coon,13.6,7.6,Dental Issues,Moderate,Senior Mobility & Joint Care (Glucosamine & Omega-3),Purina Pro Plan Veterinary Diets JM Joint Mobility,Gentle In-Home Senior Care & Medication Supervision,"Maintain regular biannual health checkups, brush teeth weekly, and ensure fresh hydration throughout the day."
Dog,Siberian Husky,8.1,35.0,Healthy,High,Senior Mobility & Joint Care (Glucosamine & Omega-3),Purina Pro Plan Veterinary Diets JM Joint Mobility,High-Energy Active Adventure & Agility Exercise,Needs at least 60-90 minutes of vigorous daily exercise and puzzle toys to prevent boredom and anxiety.
Dog,Labrador Retriever,3.9,22.6,Healthy,Moderate,Daily Complete Balanced Adult Maintenance,Blue Buffalo Life Protection Natural Adult Blend,Standard Boarding & Daily Enrichment Walking,"Maintain regular biannual health checkups, brush teeth weekly, and ensure fresh hydration throughout the day."
Dog,Rottweiler,1.0,42.3,Joint Issues / Arthritis,Low,Senior Mobility & Joint Care (Glucosamine & Omega-3),Purina Pro Plan Veterinary Diets JM Joint Mobility,Gentle In-Home Senior Care & Medication Supervision,"Provide orthopedic bedding, avoid stairs or sudden jumping, and supplement with EPA/DHA fatty acids for joint lubrication."
Cat,British Shorthair,15.1,4.1,Healthy,Moderate,Senior Mobility & Joint Care (Glucosamine & Omega-3),Purina Pro Plan Veterinary Diets JM Joint Mobility,Gentle In-Home Senior Care & Medication Supervision,"Maintain regular biannual health checkups, brush teeth weekly, and ensure fresh hydration throughout the day."
Dog,French Bulldog,1.2,15.8,Healthy,High,Active Performance & Muscle Fuel (30/20 High Energy),Orijen Amazing Grains High-Protein Energy Feast,High-Energy Active Adventure & Agility Exercise,Needs at least 60-90 minutes of vigorous daily exercise and puzzle toys to prevent boredom and anxiety.
Cat,Bengal Cat,15.7,6.0,Healthy,Low,Senior Mobility & Joint Care (Glucosamine & Omega-3),Purina Pro Plan Veterinary Diets JM Joint Mobility,Gentle In-Home Senior Care & Medication Supervision,"Maintain regular biannual health checkups, brush teeth weekly, and ensure fresh hydration throughout the day."
Dog,Poodle,6.7,20.9,Sensitive Stomach / Allergies,Moderate,Hypoallergenic Single-Source Protein & Grain-Free,Farmina N&D Ocean Grain-Free Hypoallergenic Formula,Specialized Medical Monitoring & Controlled Diet Feeding,"Maintain regular biannual health checkups, brush teeth weekly, and ensure fresh hydration throughout the day."
Dog,German Shepherd,6.8,39.0,Joint Issues / Arthritis,Low,Senior Mobility & Joint Care (Glucosamine & Omega-3),Purina Pro Plan Veterinary Diets JM Joint Mobility,Gentle In-Home Senior Care & Medication Supervision,"Provide orthopedic bedding, avoid stairs or sudden jumping, and supplement with EPA/DHA fatty acids for joint lubrication."
Dog,German Shepherd,9.9,42.0,Joint Issues / Arthritis,Low,Senior Mobility & Joint Care (Glucosamine & Omega-3),Purina Pro Plan Veterinary Diets JM Joint Mobility,Gentle In-Home Senior Care & Medication Supervision,"Provide orthopedic bedding, avoid stairs or sudden jumping, and supplement with EPA/DHA fatty acids for joint lubrication."
Dog,Poodle,13.4,4.3,Underweight,Moderate,Senior Mobility & Joint Care (Glucosamine & Omega-3),Purina Pro Plan Veterinary Diets JM Joint Mobility,Gentle In-Home Senior Care & Medication Supervision,"Maintain regular biannual health checkups, brush teeth weekly, and ensure fresh hydration throughout the day."
Dog,Dachshund,14.6,7.1,Healthy,Low,Senior Mobility & Joint Care (Glucosamine & Omega-3),Purina Pro Plan Veterinary Diets JM Joint Mobility,Gentle In-Home Senior Care & Medication Supervision,"Maintain regular biannual health checkups, brush teeth weekly, and ensure fresh hydration throughout the day."
Dog,Boxer,9.0,35.0,Healthy,Very High,Senior Mobility & Joint Care (Glucosamine & Omega-3),Purina Pro Plan Veterinary Diets JM Joint Mobility,High-Energy Active Adventure & Agility Exercise,Needs at least 60-90 minutes of vigorous daily exercise and puzzle toys to prevent boredom and anxiety.
Cat,Persian Cat,6.3,6.7,Overweight,Low,Weight Management (Low Calorie & High Satiety Fiber),Hill's Science Diet Perfect Weight Formula,Standard Boarding & Daily Enrichment Walking,Engage in structured 30-minute low-impact daily walks. Weigh meal portions accurately and avoid high-calorie table scraps.
Cat,Persian Cat,14.8,6.1,Overweight,Moderate,Weight Management (Low Calorie & High Satiety Fiber),Hill's Science Diet Perfect Weight Formula,Gentle In-Home Senior Care & Medication Supervision,Engage in structured 30-minute low-impact daily walks. Weigh meal portions accurately and avoid high-calorie table scraps.
Dog,Siberian Husky,7.6,39.0,Healthy,High,Active Performance & Muscle Fuel (30/20 High Energy),Orijen Amazing Grains High-Protein Energy Feast,High-Energy Active Adventure & Agility Exercise,Needs at least 60-90 minutes of vigorous daily exercise and puzzle toys to prevent boredom and anxiety.
Dog,German Shepherd,6.3,41.7,Underweight,High,Active Performance & Muscle Fuel (30/20 High Energy),Orijen Amazing Grains High-Protein Energy Feast,High-Energy Active Adventure & Agility Exercise,Needs at least 60-90 minutes of vigorous daily exercise and puzzle toys to prevent boredom and anxiety.
Cat,Bengal Cat,14.8,4.2,Healthy,Low,Senior Mobility & Joint Care (Glucosamine & Omega-3),Purina Pro Plan Veterinary Diets JM Joint Mobility,Gentle In-Home Senior Care & Medication Supervision,"Maintain regular biannual health checkups, brush teeth weekly, and ensure fresh hydration throughout the day."
Dog,Beagle,10.4,9.7,Overweight,Low,Weight Management (Low Calorie & High Satiety Fiber),Hill's Science Diet Perfect Weight Formula,Gentle In-Home Senior Care & Medication Supervision,Engage in structured 30-minute low-impact daily walks. Weigh meal portions accurately and avoid high-calorie table scraps.
Dog,Boxer,11.3,21.8,Healthy,Moderate,Senior Mobility & Joint Care (Glucosamine & Omega-3),Purina Pro Plan Veterinary Diets JM Joint Mobility,Gentle In-Home Senior Care & Medication Supervision,"Maintain regular biannual health checkups, brush teeth weekly, and ensure fresh hydration throughout the day."
Cat,Persian Cat,11.7,7.1,Overweight,Low,Weight Management (Low Calorie & High Satiety Fiber),Hill's Science Diet Perfect Weight Formula,Gentle In-Home Senior Care & Medication Supervision,Engage in structured 30-minute low-impact daily walks. Weigh meal portions accurately and avoid high-calorie table scraps.
Dog,Siberian Husky,13.1,35.1,Senior Cognitive Decline,Low,Senior Mobility & Joint Care (Glucosamine & Omega-3),Purina Pro Plan Veterinary Diets JM Joint Mobility,Gentle In-Home Senior Care & Medication Supervision,"Maintain regular biannual health checkups, brush teeth weekly, and ensure fresh hydration throughout the day."
Dog,Boxer,12.4,36.6,Healthy,Low,Senior Mobility & Joint Care (Glucosamine & Omega-3),Purina Pro Plan Veterinary Diets JM Joint Mobility,Gentle In-Home Senior Care & Medication Supervision,"Maintain regular biannual health checkups, brush teeth weekly, and ensure fresh hydration throughout the day."
Dog,French Bulldog,2.1,12.6,Joint Issues / Arthritis,Low,Senior Mobility & Joint Care (Glucosamine & Omega-3),Purina Pro Plan Veterinary Diets JM Joint Mobility,Gentle In-Home Senior Care & Medication Supervision,"Provide orthopedic bedding, avoid stairs or sudden jumping, and supplement with EPA/DHA fatty acids for joint lubrication."
Cat,Domestic Shorthair,15.4,2.8,Overweight,Moderate,Weight Management (Low Calorie & High Satiety Fiber),Hill's Science Diet Perfect Weight Formula,Gentle In-Home Senior Care & Medication Supervision,Engage in structured 30-minute low-impact daily walks. Weigh meal portions accurately and avoid high-calorie table scraps.
Dog,Golden Retriever,5.9,31.9,Joint Issues / Arthritis,Low,Senior Mobility & Joint Care (Glucosamine & Omega-3),Purina Pro Plan Veterinary Diets JM Joint Mobility,Gentle In-Home Senior Care & Medication Supervision,"Provide orthopedic bedding, avoid stairs or sudden jumping, and supplement with EPA/DHA fatty acids for joint lubrication."
Cat,Siamese Cat,6.8,3.1,Overweight,Low,Weight Management (Low Calorie & High Satiety Fiber),Hill's Science Diet Perfect Weight Formula,Standard Boarding & Daily Enrichment Walking,Engage in structured 30-minute low-impact daily walks. Weigh meal portions accurately and avoid high-calorie table scraps.
Dog,Siberian Husky,2.4,39.5,Healthy,High,Active Performance & Muscle Fuel (30/20 High Energy),Orijen Amazing Grains High-Protein Energy Feast,High-Energy Active Adventure & Agility Exercise,Needs at least 60-90 minutes of vigorous daily exercise and puzzle toys to prevent boredom and anxiety.
Dog,German Shepherd,5.3,23.5,Healthy,Very High,Active Performance & Muscle Fuel (30/20 High Energy),Orijen Amazing Grains High-Protein Energy Feast,High-Energy Active Adventure & Agility Exercise,Needs at least 60-90 minutes of vigorous daily exercise and puzzle toys to prevent boredom and anxiety.
Dog,Golden Retriever,12.7,34.4,Healthy,Low,Senior Mobility & Joint Care (Glucosamine & Omega-3),Purina Pro Plan Veterinary Diets JM Joint Mobility,Gentle In-Home Senior Care & Medication Supervision,"Maintain regular biannual health checkups, brush teeth weekly, and ensure fresh hydration throughout the day."
Cat,Domestic Shorthair,0.8,2.7,Dental Issues,High,Growth & Development (High Protein & DHA),Royal Canin Puppy / Kitten Starter Nutrition,Puppy / Kitten Care & Socialization Routine,Feed 3-4 small portioned meals daily. Complete vaccination schedule and prioritize positive-reinforcement socialization for Domestic Shorthair.
Dog,Poodle,13.9,13.4,Healthy,Low,Senior Mobility & Joint Care (Glucosamine & Omega-3),Purina Pro Plan Veterinary Diets JM Joint Mobility,Gentle In-Home Senior Care & Medication Supervision,"Maintain regular biannual health checkups, brush teeth weekly, and ensure fresh hydration throughout the day."
Dog,Dachshund,13.5,8.0,Healthy,Moderate,Senior Mobility & Joint Care (Glucosamine & Omega-3),Purina Pro Plan Veterinary Diets JM Joint Mobility,Gentle In-Home Senior Care & Medication Supervision,"Maintain regular biannual health checkups, brush teeth weekly, and ensure fresh hydration throughout the day."
Dog,Rottweiler,14.8,30.6,Healthy,Low,Senior Mobility & Joint Care (Glucosamine & Omega-3),Purina Pro Plan Veterinary Diets JM Joint Mobility,Gentle In-Home Senior Care & Medication Supervision,"Maintain regular biannual health checkups, brush teeth weekly, and ensure fresh hydration throughout the day."
Dog,Beagle,14.7,13.0,Healthy,Low,Senior Mobility & Joint Care (Glucosamine & Omega-3),Purina Pro Plan Veterinary Diets JM Joint Mobility,Gentle In-Home Senior Care & Medication Supervision,"Maintain regular biannual health checkups, brush teeth weekly, and ensure fresh hydration throughout the day."
Cat,Maine Coon,5.7,5.8,Healthy,Moderate,Daily Complete Balanced Adult Maintenance,Blue Buffalo Life Protection Natural Adult Blend,Standard Boarding & Daily Enrichment Walking,"Maintain regular biannual health checkups, brush teeth weekly, and ensure fresh hydration throughout the day."
Dog,Siberian Husky,8.3,26.2,Post-Surgery Recovery,High,Senior Mobility & Joint Care (Glucosamine & Omega-3),Purina Pro Plan Veterinary Diets JM Joint Mobility,High-Energy Active Adventure & Agility Exercise,Needs at least 60-90 minutes of vigorous daily exercise and puzzle toys to prevent boredom and anxiety.
Cat,Bengal Cat,7.4,8.9,Underweight,Very High,Active Performance & Muscle Fuel (30/20 High Energy),Orijen Amazing Grains High-Protein Energy Feast,High-Energy Active Adventure & Agility Exercise,Needs at least 60-90 minutes of vigorous daily exercise and puzzle toys to prevent boredom and anxiety.
Dog,French Bulldog,11.0,12.3,Joint Issues / Arthritis,Moderate,Senior Mobility & Joint Care (Glucosamine & Omega-3),Purina Pro Plan Veterinary Diets JM Joint Mobility,Gentle In-Home Senior Care & Medication Supervision,"Provide orthopedic bedding, avoid stairs or sudden jumping, and supplement with EPA/DHA fatty acids for joint lubrication."
Dog,French Bulldog,9.1,11.8,Healthy,High,Senior Mobility & Joint Care (Glucosamine & Omega-3),Purina Pro Plan Veterinary Diets JM Joint Mobility,High-Energy Active Adventure & Agility Exercise,Needs at least 60-90 minutes of vigorous daily exercise and puzzle toys to prevent boredom and anxiety.
Dog,French Bulldog,12.0,13.3,Dental Issues,Low,Senior Mobility & Joint Care (Glucosamine & Omega-3),Purina Pro Plan Veterinary Diets JM Joint Mobility,Gentle In-Home Senior Care & Medication Supervision,"Maintain regular biannual health checkups, brush teeth weekly, and ensure fresh hydration throughout the day."
Dog,Beagle,13.0,13.0,Healthy,Low,Senior Mobility & Joint Care (Glucosamine & Omega-3),Purina Pro Plan Veterinary Diets JM Joint Mobility,Gentle In-Home Senior Care & Medication Supervision,"Maintain regular biannual health checkups, brush teeth weekly, and ensure fresh hydration throughout the day."
Cat,Maine Coon,9.3,8.8,Sensitive Stomach / Allergies,Very High,Senior Mobility & Joint Care (Glucosamine & Omega-3),Purina Pro Plan Veterinary Diets JM Joint Mobility,High-Energy Active Adventure & Agility Exercise,Needs at least 60-90 minutes of vigorous daily exercise and puzzle toys to prevent boredom and anxiety.
Dog,German Shepherd,9.2,35.9,Overweight,Moderate,Weight Management (Low Calorie & High Satiety Fiber),Hill's Science Diet Perfect Weight Formula,Standard Boarding & Daily Enrichment Walking,Engage in structured 30-minute low-impact daily walks. Weigh meal portions accurately and avoid high-calorie table scraps.
Dog,Labrador Retriever,9.7,27.2,Healthy,Moderate,Senior Mobility & Joint Care (Glucosamine & Omega-3),Purina Pro Plan Veterinary Diets JM Joint Mobility,Standard Boarding & Daily Enrichment Walking,"Maintain regular biannual health checkups, brush teeth weekly, and ensure fresh hydration throughout the day."
Dog,Siberian Husky,0.6,13.2,Joint Issues / Arthritis,Moderate,Growth & Development (High Protein & DHA),Royal Canin Puppy / Kitten Starter Nutrition,Puppy / Kitten Care & Socialization Routine,Feed 3-4 small portioned meals daily. Complete vaccination schedule and prioritize positive-reinforcement socialization for Siberian Husky.
Cat,Siamese Cat,11.5,7.4,Healthy,Moderate,Senior Mobility & Joint Care (Glucosamine & Omega-3),Purina Pro Plan Veterinary Diets JM Joint Mobility,Gentle In-Home Senior Care & Medication Supervision,"Maintain regular biannual health checkups, brush teeth weekly, and ensure fresh hydration throughout the day."
Dog,German Shepherd,15.0,37.7,Healthy,Low,Senior Mobility & Joint Care (Glucosamine & Omega-3),Purina Pro Plan Veterinary Diets JM Joint Mobility,Gentle In-Home Senior Care & Medication Supervision,"Maintain regular biannual health checkups, brush teeth weekly, and ensure fresh hydration throughout the day."
Cat,Persian Cat,11.5,1.3,Senior Cognitive Decline,Moderate,Senior Mobility & Joint Care (Glucosamine & Omega-3),Purina Pro Plan Veterinary Diets JM Joint Mobility,Gentle In-Home Senior Care & Medication Supervision,"Maintain regular biannual health checkups, brush teeth weekly, and ensure fresh hydration throughout the day."
Cat,Persian Cat,15.3,3.6,Overweight,Low,Weight Management (Low Calorie & High Satiety Fiber),Hill's Science Diet Perfect Weight Formula,Gentle In-Home Senior Care & Medication Supervision,Engage in structured 30-minute low-impact daily walks. Weigh meal portions accurately and avoid high-calorie table scraps.
Dog,Poodle,4.8,17.0,Overweight,Low,Weight Management (Low Calorie & High Satiety Fiber),Hill's Science Diet Perfect Weight Formula,Standard Boarding & Daily Enrichment Walking,Engage in structured 30-minute low-impact daily walks. Weigh meal portions accurately and avoid high-calorie table scraps.
Dog,German Shepherd,8.0,26.4,Overweight,Moderate,Weight Management (Low Calorie & High Satiety Fiber),Hill's Science Diet Perfect Weight Formula,Standard Boarding & Daily Enrichment Walking,Engage in structured 30-minute low-impact daily walks. Weigh meal portions accurately and avoid high-calorie table scraps.
Cat,Bengal Cat,2.9,6.8,Healthy,Very High,Active Performance & Muscle Fuel (30/20 High Energy),Orijen Amazing Grains High-Protein Energy Feast,High-Energy Active Adventure & Agility Exercise,Needs at least 60-90 minutes of vigorous daily exercise and puzzle toys to prevent boredom and anxiety.
Dog,Siberian Husky,14.0,32.6,Healthy,Low,Senior Mobility & Joint Care (Glucosamine & Omega-3),Purina Pro Plan Veterinary Diets JM Joint Mobility,Gentle In-Home Senior Care & Medication Supervision,"Maintain regular biannual health checkups, brush teeth weekly, and ensure fresh hydration throughout the day."
Dog,Rottweiler,3.5,21.7,Healthy,High,Active Performance & Muscle Fuel (30/20 High Energy),Orijen Amazing Grains High-Protein Energy Feast,High-Energy Active Adventure & Agility Exercise,Needs at least 60-90 minutes of vigorous daily exercise and puzzle toys to prevent boredom and anxiety.
Dog,Siberian Husky,7.7,31.9,Underweight,High,Active Performance & Muscle Fuel (30/20 High Energy),Orijen Amazing Grains High-Protein Energy Feast,High-Energy Active Adventure & Agility Exercise,Needs at least 60-90 minutes of vigorous daily exercise and puzzle toys to prevent boredom and anxiety.
Cat,Domestic Shorthair,8.5,3.3,Healthy,Moderate,Senior Mobility & Joint Care (Glucosamine & Omega-3),Purina Pro Plan Veterinary Diets JM Joint Mobility,Standard Boarding & Daily Enrichment Walking,"Maintain regular biannual health checkups, brush teeth weekly, and ensure fresh hydration throughout the day."
Dog,Siberian Husky,10.9,28.8,Sensitive Stomach / Allergies,Moderate,Senior Mobility & Joint Care (Glucosamine & Omega-3),Purina Pro Plan Veterinary Diets JM Joint Mobility,Gentle In-Home Senior Care & Medication Supervision,"Maintain regular biannual health checkups, brush teeth weekly, and ensure fresh hydration throughout the day."
Cat,Persian Cat,13.6,2.1,Overweight,Low,Weight Management (Low Calorie & High Satiety Fiber),Hill's Science Diet Perfect Weight Formula,Gentle In-Home Senior Care & Medication Supervision,Engage in structured 30-minute low-impact daily walks. Weigh meal portions accurately and avoid high-calorie table scraps.
Dog,Poodle,13.5,16.8,Healthy,Moderate,Senior Mobility & Joint Care (Glucosamine & Omega-3),Purina Pro Plan Veterinary Diets JM Joint Mobility,Gentle In-Home Senior Care & Medication Supervision,"Maintain regular biannual health checkups, brush teeth weekly, and ensure fresh hydration throughout the day."
Dog,Rottweiler,5.6,29.6,Healthy,High,Active Performance & Muscle Fuel (30/20 High Energy),Orijen Amazing Grains High-Protein Energy Feast,High-Energy Active Adventure & Agility Exercise,Needs at least 60-90 minutes of vigorous daily exercise and puzzle toys to prevent boredom and anxiety.
Cat,British Shorthair,7.8,7.0,Joint Issues / Arthritis,Low,Senior Mobility & Joint Care (Glucosamine & Omega-3),Purina Pro Plan Veterinary Diets JM Joint Mobility,Gentle In-Home Senior Care & Medication Supervision,"Provide orthopedic bedding, avoid stairs or sudden jumping, and supplement with EPA/DHA fatty acids for joint lubrication."
Dog,Labrador Retriever,14.0,40.3,Healthy,Low,Senior Mobility & Joint Care (Glucosamine & Omega-3),Purina Pro Plan Veterinary Diets JM Joint Mobility,Gentle In-Home Senior Care & Medication Supervision,"Maintain regular biannual health checkups, brush teeth weekly, and ensure fresh hydration throughout the day."
Cat,British Shorthair,17.4,8.4,Joint Issues / Arthritis,Low,Senior Mobility & Joint Care (Glucosamine & Omega-3),Purina Pro Plan Veterinary Diets JM Joint Mobility,Gentle In-Home Senior Care & Medication Supervision,"Provide orthopedic bedding, avoid stairs or sudden jumping, and supplement with EPA/DHA fatty acids for joint lubrication."
Dog,German Shepherd,9.6,40.5,Overweight,Low,Weight Management (Low Calorie & High Satiety Fiber),Hill's Science Diet Perfect Weight Formula,Standard Boarding & Daily Enrichment Walking,Engage in structured 30-minute low-impact daily walks. Weigh meal portions accurately and avoid high-calorie table scraps.
Cat,Maine Coon,8.4,6.4,Healthy,Low,Senior Mobility & Joint Care (Glucosamine & Omega-3),Purina Pro Plan Veterinary Diets JM Joint Mobility,Standard Boarding & Daily Enrichment Walking,"Maintain regular biannual health checkups, brush teeth weekly, and ensure fresh hydration throughout the day."
Cat,Siamese Cat,10.1,6.1,Healthy,Moderate,Senior Mobility & Joint Care (Glucosamine & Omega-3),Purina Pro Plan Veterinary Diets JM Joint Mobility,Gentle In-Home Senior Care & Medication Supervision,"Maintain regular biannual health checkups, brush teeth weekly, and ensure fresh hydration throughout the day."
Cat,Domestic Shorthair,4.1,6.4,Healthy,Low,Daily Complete Balanced Adult Maintenance,Blue Buffalo Life Protection Natural Adult Blend,Standard Boarding & Daily Enrichment Walking,"Maintain regular biannual health checkups, brush teeth weekly, and ensure fresh hydration throughout the day."
Cat,Siamese Cat,13.3,4.7,Joint Issues / Arthritis,Low,Senior Mobility & Joint Care (Glucosamine & Omega-3),Purina Pro Plan Veterinary Diets JM Joint Mobility,Gentle In-Home Senior Care & Medication Supervision,"Provide orthopedic bedding, avoid stairs or sudden jumping, and supplement with EPA/DHA fatty acids for joint lubrication."
Dog,French Bulldog,4.5,9.9,Healthy,Moderate,Daily Complete Balanced Adult Maintenance,Blue Buffalo Life Protection Natural Adult Blend,Standard Boarding & Daily Enrichment Walking,"Maintain regular biannual health checkups, brush teeth weekly, and ensure fresh hydration throughout the day."
Dog,French Bulldog,10.4,13.2,Sensitive Stomach / Allergies,Moderate,Senior Mobility & Joint Care (Glucosamine & Omega-3),Purina Pro Plan Veterinary Diets JM Joint Mobility,Gentle In-Home Senior Care & Medication Supervision,"Maintain regular biannual health checkups, brush teeth weekly, and ensure fresh hydration throughout the day."
Cat,Maine Coon,9.0,8.2,Overweight,Low,Weight Management (Low Calorie & High Satiety Fiber),Hill's Science Diet Perfect Weight Formula,Standard Boarding & Daily Enrichment Walking,Engage in structured 30-minute low-impact daily walks. Weigh meal portions accurately and avoid high-calorie table scraps.
Dog,Beagle,0.9,7.4,Joint Issues / Arthritis,Low,Growth & Development (High Protein & DHA),Royal Canin Puppy / Kitten Starter Nutrition,Puppy / Kitten Care & Socialization Routine,Feed 3-4 small portioned meals daily. Complete vaccination schedule and prioritize positive-reinforcement socialization for Beagle.
Dog,Labrador Retriever,8.0,40.1,Healthy,High,Active Performance & Muscle Fuel (30/20 High Energy),Orijen Amazing Grains High-Protein Energy Feast,High-Energy Active Adventure & Agility Exercise,Needs at least 60-90 minutes of vigorous daily exercise and puzzle toys to prevent boredom and anxiety.
Cat,Siamese Cat,3.5,4.2,Healthy,High,Active Performance & Muscle Fuel (30/20 High Energy),Orijen Amazing Grains High-Protein Energy Feast,High-Energy Active Adventure & Agility Exercise,Needs at least 60-90 minutes of vigorous daily exercise and puzzle toys to prevent boredom and anxiety.
Dog,Rottweiler,5.8,21.5,Underweight,Very High,Active Performance & Muscle Fuel (30/20 High Energy),Orijen Amazing Grains High-Protein Energy Feast,High-Energy Active Adventure & Agility Exercise,Needs at least 60-90 minutes of vigorous daily exercise and puzzle toys to prevent boredom and anxiety.
Cat,Persian Cat,10.0,6.9,Healthy,Moderate,Senior Mobility & Joint Care (Glucosamine & Omega-3),Purina Pro Plan Veterinary Diets JM Joint Mobility,Standard Boarding & Daily Enrichment Walking,"Maintain regular biannual health checkups, brush teeth weekly, and ensure fresh hydration throughout the day."
Dog,Boxer,1.3,25.8,Overweight,Moderate,Weight Management (Low Calorie & High Satiety Fiber),Hill's Science Diet Perfect Weight Formula,Standard Boarding & Daily Enrichment Walking,Engage in structured 30-minute low-impact daily walks. Weigh meal portions accurately and avoid high-calorie table scraps.
Dog,Dachshund,8.9,10.1,Overweight,Low,Weight Management (Low Calorie & High Satiety Fiber),Hill's Science Diet Perfect Weight Formula,Standard Boarding & Daily Enrichment Walking,Engage in structured 30-minute low-impact daily walks. Weigh meal portions accurately and avoid high-calorie table scraps.
Dog,Poodle,5.7,9.0,Healthy,Moderate,Daily Complete Balanced Adult Maintenance,Blue Buffalo Life Protection Natural Adult Blend,Standard Boarding & Daily Enrichment Walking,"Maintain regular biannual health checkups, brush teeth weekly, and ensure fresh hydration throughout the day."
Cat,British Shorthair,5.2,7.1,Senior Cognitive Decline,Low,Daily Complete Balanced Adult Maintenance,Blue Buffalo Life Protection Natural Adult Blend,Gentle In-Home Senior Care & Medication Supervision,"Maintain regular biannual health checkups, brush teeth weekly, and ensure fresh hydration throughout the day."
Dog,Labrador Retriever,5.4,39.8,Overweight,Moderate,Weight Management (Low Calorie & High Satiety Fiber),Hill's Science Diet Perfect Weight Formula,Standard Boarding & Daily Enrichment Walking,Engage in structured 30-minute low-impact daily walks. Weigh meal portions accurately and avoid high-calorie table scraps.
Cat,Siamese Cat,12.5,6.7,Healthy,Low,Senior Mobility & Joint Care (Glucosamine & Omega-3),Purina Pro Plan Veterinary Diets JM Joint Mobility,Gentle In-Home Senior Care & Medication Supervision,"Maintain regular biannual health checkups, brush teeth weekly, and ensure fresh hydration throughout the day."
Dog,Poodle,8.1,10.9,Joint Issues / Arthritis,Low,Senior Mobility & Joint Care (Glucosamine & Omega-3),Purina Pro Plan Veterinary Diets JM Joint Mobility,Gentle In-Home Senior Care & Medication Supervision,"Provide orthopedic bedding, avoid stairs or sudden jumping, and supplement with EPA/DHA fatty acids for joint lubrication."
Dog,Poodle,11.5,14.7,Overweight,Low,Weight Management (Low Calorie & High Satiety Fiber),Hill's Science Diet Perfect Weight Formula,Gentle In-Home Senior Care & Medication Supervision,Engage in structured 30-minute low-impact daily walks. Weigh meal portions accurately and avoid high-calorie table scraps.
Cat,Bengal Cat,16.2,4.0,Post-Surgery Recovery,Low,Senior Mobility & Joint Care (Glucosamine & Omega-3),Purina Pro Plan Veterinary Diets JM Joint Mobility,Gentle In-Home Senior Care & Medication Supervision,"Maintain regular biannual health checkups, brush teeth weekly, and ensure fresh hydration throughout the day."
Dog,Poodle,1.9,17.9,Healthy,Very High,Active Performance & Muscle Fuel (30/20 High Energy),Orijen Amazing Grains High-Protein Energy Feast,High-Energy Active Adventure & Agility Exercise,Needs at least 60-90 minutes of vigorous daily exercise and puzzle toys to prevent boredom and anxiety.
Dog,French Bulldog,6.7,11.5,Underweight,Very High,Active Performance & Muscle Fuel (30/20 High Energy),Orijen Amazing Grains High-Protein Energy Feast,High-Energy Active Adventure & Agility Exercise,Needs at least 60-90 minutes of vigorous daily exercise and puzzle toys to prevent boredom and anxiety.
Dog,German Shepherd,11.1,30.6,Healthy,Moderate,Senior Mobility & Joint Care (Glucosamine & Omega-3),Purina Pro Plan Veterinary Diets JM Joint Mobility,Gentle In-Home Senior Care & Medication Supervision,"Maintain regular biannual health checkups, brush teeth weekly, and ensure fresh hydration throughout the day."
Cat,British Shorthair,15.4,5.3,Healthy,Low,Senior Mobility & Joint Care (Glucosamine & Omega-3),Purina Pro Plan Veterinary Diets JM Joint Mobility,Gentle In-Home Senior Care & Medication Supervision,"Maintain regular biannual health checkups, brush teeth weekly, and ensure fresh hydration throughout the day."
Cat,Bengal Cat,10.3,6.2,Healthy,Low,Senior Mobility & Joint Care (Glucosamine & Omega-3),Purina Pro Plan Veterinary Diets JM Joint Mobility,Gentle In-Home Senior Care & Medication Supervision,"Maintain regular biannual health checkups, brush teeth weekly, and ensure fresh hydration throughout the day."
Dog,Dachshund,12.1,6.8,Healthy,Low,Senior Mobility & Joint Care (Glucosamine & Omega-3),Purina Pro Plan Veterinary Diets JM Joint Mobility,Gentle In-Home Senior Care & Medication Supervision,"Maintain regular biannual health checkups, brush teeth weekly, and ensure fresh hydration throughout the day."
Cat,Domestic Shorthair,7.9,3.5,Joint Issues / Arthritis,Low,Senior Mobility & Joint Care (Glucosamine & Omega-3),Purina Pro Plan Veterinary Diets JM Joint Mobility,Gentle In-Home Senior Care & Medication Supervision,"Provide orthopedic bedding, avoid stairs or sudden jumping, and supplement with EPA/DHA fatty acids for joint lubrication."
Dog,Boxer,14.9,41.6,Overweight,Low,Weight Management (Low Calorie & High Satiety Fiber),Hill's Science Diet Perfect Weight Formula,Gentle In-Home Senior Care & Medication Supervision,Engage in structured 30-minute low-impact daily walks. Weigh meal portions accurately and avoid high-calorie table scraps.
Dog,Beagle,11.4,18.2,Overweight,Low,Weight Management (Low Calorie & High Satiety Fiber),Hill's Science Diet Perfect Weight Formula,Gentle In-Home Senior Care & Medication Supervision,Engage in structured 30-minute low-impact daily walks. Weigh meal portions accurately and avoid high-calorie table scraps.
Cat,Bengal Cat,7.1,5.1,Sensitive Stomach / Allergies,Very High,Hypoallergenic Single-Source Protein & Grain-Free,Farmina N&D Ocean Grain-Free Hypoallergenic Formula,High-Energy Active Adventure & Agility Exercise,Needs at least 60-90 minutes of vigorous daily exercise and puzzle toys to prevent boredom and anxiety.
Cat,Bengal Cat,2.1,3.9,Healthy,High,Active Performance & Muscle Fuel (30/20 High Energy),Orijen Amazing Grains High-Protein Energy Feast,High-Energy Active Adventure & Agility Exercise,Needs at least 60-90 minutes of vigorous daily exercise and puzzle toys to prevent boredom and anxiety.
Dog,Golden Retriever,10.3,26.7,Joint Issues / Arthritis,Low,Senior Mobility & Joint Care (Glucosamine & Omega-3),Purina Pro Plan Veterinary Diets JM Joint Mobility,Gentle In-Home Senior Care & Medication Supervision,"Provide orthopedic bedding, avoid stairs or sudden jumping, and supplement with EPA/DHA fatty acids for joint lubrication."
Dog,Dachshund,12.6,5.6,Senior Cognitive Decline,Moderate,Senior Mobility & Joint Care (Glucosamine & Omega-3),Purina Pro Plan Veterinary Diets JM Joint Mobility,Gentle In-Home Senior Care & Medication Supervision,"Maintain regular biannual health checkups, brush teeth weekly, and ensure fresh hydration throughout the day."
Dog,Beagle,12.4,15.9,Healthy,Low,Senior Mobility & Joint Care (Glucosamine & Omega-3),Purina Pro Plan Veterinary Diets JM Joint Mobility,Gentle In-Home Senior Care & Medication Supervision,"Maintain regular biannual health checkups, brush teeth weekly, and ensure fresh hydration throughout the day."
Dog,Siberian Husky,0.8,19.4,Healthy,High,Growth & Development (High Protein & DHA),Royal Canin Puppy / Kitten Starter Nutrition,Puppy / Kitten Care & Socialization Routine,Feed 3-4 small portioned meals daily. Complete vaccination schedule and prioritize positive-reinforcement socialization for Siberian Husky.
Cat,Persian Cat,7.5,8.0,Healthy,High,Active Performance & Muscle Fuel (30/20 High Energy),Orijen Amazing Grains High-Protein Energy Feast,High-Energy Active Adventure & Agility Exercise,Needs at least 60-90 minutes of vigorous daily exercise and puzzle toys to prevent boredom and anxiety.
Cat,Siamese Cat,14.9,5.1,Healthy,Low,Senior Mobility & Joint Care (Glucosamine & Omega-3),Purina Pro Plan Veterinary Diets JM Joint Mobility,Gentle In-Home Senior Care & Medication Supervision,"Maintain regular biannual health checkups, brush teeth weekly, and ensure fresh hydration throughout the day."
Cat,Domestic Shorthair,10.0,5.8,Healthy,Moderate,Senior Mobility & Joint Care (Glucosamine & Omega-3),Purina Pro Plan Veterinary Diets JM Joint Mobility,Standard Boarding & Daily Enrichment Walking,"Maintain regular biannual health checkups, brush teeth weekly, and ensure fresh hydration throughout the day."
Cat,Domestic Shorthair,0.5,1.6,Sensitive Stomach / Allergies,High,Growth & Development (High Protein & DHA),Royal Canin Puppy / Kitten Starter Nutrition,Puppy / Kitten Care & Socialization Routine,Feed 3-4 small portioned meals daily. Complete vaccination schedule and prioritize positive-reinforcement socialization for Domestic Shorthair.
Dog,Poodle,11.1,17.6,Joint Issues / Arthritis,Low,Senior Mobility & Joint Care (Glucosamine & Omega-3),Purina Pro Plan Veterinary Diets JM Joint Mobility,Gentle In-Home Senior Care & Medication Supervision,"Provide orthopedic bedding, avoid stairs or sudden jumping, and supplement with EPA/DHA fatty acids for joint lubrication."
Cat,British Shorthair,12.9,4.8,Healthy,Moderate,Senior Mobility & Joint Care (Glucosamine & Omega-3),Purina Pro Plan Veterinary Diets JM Joint Mobility,Gentle In-Home Senior Care & Medication Supervision,"Maintain regular biannual health checkups, brush teeth weekly, and ensure fresh hydration throughout the day."
Cat,Domestic Shorthair,7.3,6.4,Healthy,Moderate,Daily Complete Balanced Adult Maintenance,Blue Buffalo Life Protection Natural Adult Blend,Standard Boarding & Daily Enrichment Walking,"Maintain regular biannual health checkups, brush teeth weekly, and ensure fresh hydration throughout the day."
Cat,Maine Coon,5.1,7.4,Underweight,Moderate,Daily Complete Balanced Adult Maintenance,Blue Buffalo Life Protection Natural Adult Blend,Standard Boarding & Daily Enrichment Walking,"Maintain regular biannual health checkups, brush teeth weekly, and ensure fresh hydration throughout the day."
Dog,Beagle,9.6,10.7,Sensitive Stomach / Allergies,High,Senior Mobility & Joint Care (Glucosamine & Omega-3),Purina Pro Plan Veterinary Diets JM Joint Mobility,High-Energy Active Adventure & Agility Exercise,Needs at least 60-90 minutes of vigorous daily exercise and puzzle toys to prevent boredom and anxiety.
Dog,Labrador Retriever,14.0,40.0,Joint Issues / Arthritis,Low,Senior Mobility & Joint Care (Glucosamine & Omega-3),Purina Pro Plan Veterinary Diets JM Joint Mobility,Gentle In-Home Senior Care & Medication Supervision,"Provide orthopedic bedding, avoid stairs or sudden jumping, and supplement with EPA/DHA fatty acids for joint lubrication."
Cat,Siamese Cat,13.2,5.4,Sensitive Stomach / Allergies,Low,Senior Mobility & Joint Care (Glucosamine & Omega-3),Purina Pro Plan Veterinary Diets JM Joint Mobility,Gentle In-Home Senior Care & Medication Supervision,"Maintain regular biannual health checkups, brush teeth weekly, and ensure fresh hydration throughout the day."
Dog,Poodle,10.1,7.4,Joint Issues / Arthritis,Low,Senior Mobility & Joint Care (Glucosamine & Omega-3),Purina Pro Plan Veterinary Diets JM Joint Mobility,Gentle In-Home Senior Care & Medication Supervision,"Provide orthopedic bedding, avoid stairs or sudden jumping, and supplement with EPA/DHA fatty acids for joint lubrication."
Dog,Labrador Retriever,4.9,32.2,Healthy,Very High,Active Performance & Muscle Fuel (30/20 High Energy),Orijen Amazing Grains High-Protein Energy Feast,High-Energy Active Adventure & Agility Exercise,Needs at least 60-90 minutes of vigorous daily exercise and puzzle toys to prevent boredom and anxiety.
Dog,Beagle,2.1,15.7,Sensitive Stomach / Allergies,Low,Hypoallergenic Single-Source Protein & Grain-Free,Farmina N&D Ocean Grain-Free Hypoallergenic Formula,Specialized Medical Monitoring & Controlled Diet Feeding,"Maintain regular biannual health checkups, brush teeth weekly, and ensure fresh hydration throughout the day."
Dog,German Shepherd,10.7,33.4,Healthy,Low,Senior Mobility & Joint Care (Glucosamine & Omega-3),Purina Pro Plan Veterinary Diets JM Joint Mobility,Gentle In-Home Senior Care & Medication Supervision,"Maintain regular biannual health checkups, brush teeth weekly, and ensure fresh hydration throughout the day."
Dog,Boxer,2.9,38.8,Healthy,High,Active Performance & Muscle Fuel (30/20 High Energy),Orijen Amazing Grains High-Protein Energy Feast,High-Energy Active Adventure & Agility Exercise,Needs at least 60-90 minutes of vigorous daily exercise and puzzle toys to prevent boredom and anxiety.
Cat,Bengal Cat,12.3,4.8,Sensitive Stomach / Allergies,Low,Senior Mobility & Joint Care (Glucosamine & Omega-3),Purina Pro Plan Veterinary Diets JM Joint Mobility,Gentle In-Home Senior Care & Medication Supervision,"Maintain regular biannual health checkups, brush teeth weekly, and ensure fresh hydration throughout the day."
Dog,Boxer,14.0,41.9,Underweight,Low,Senior Mobility & Joint Care (Glucosamine & Omega-3),Purina Pro Plan Veterinary Diets JM Joint Mobility,Gentle In-Home Senior Care & Medication Supervision,"Maintain regular biannual health checkups, brush teeth weekly, and ensure fresh hydration throughout the day."
Dog,Labrador Retriever,8.4,27.3,Healthy,Moderate,Senior Mobility & Joint Care (Glucosamine & Omega-3),Purina Pro Plan Veterinary Diets JM Joint Mobility,Standard Boarding & Daily Enrichment Walking,"Maintain regular biannual health checkups, brush teeth weekly, and ensure fresh hydration throughout the day."
Dog,Rottweiler,13.2,33.3,Healthy,Low,Senior Mobility & Joint Care (Glucosamine & Omega-3),Purina Pro Plan Veterinary Diets JM Joint Mobility,Gentle In-Home Senior Care & Medication Supervision,"Maintain regular biannual health checkups, brush teeth weekly, and ensure fresh hydration throughout the day."
Dog,Poodle,5.2,6.9,Dental Issues,Moderate,Daily Complete Balanced Adult Maintenance,Blue Buffalo Life Protection Natural Adult Blend,Standard Boarding & Daily Enrichment Walking,"Maintain regular biannual health checkups, brush teeth weekly, and ensure fresh hydration throughout the day."
Cat,Domestic Shorthair,14.1,6.8,Post-Surgery Recovery,Low,Senior Mobility & Joint Care (Glucosamine & Omega-3),Purina Pro Plan Veterinary Diets JM Joint Mobility,Gentle In-Home Senior Care & Medication Supervision,"Maintain regular biannual health checkups, brush teeth weekly, and ensure fresh hydration throughout the day."
Cat,Persian Cat,17.7,3.8,Healthy,Moderate,Senior Mobility & Joint Care (Glucosamine & Omega-3),Purina Pro Plan Veterinary Diets JM Joint Mobility,Gentle In-Home Senior Care & Medication Supervision,"Maintain regular biannual health checkups, brush teeth weekly, and ensure fresh hydration throughout the day."
Dog,Rottweiler,11.1,36.2,Healthy,Low,Senior Mobility & Joint Care (Glucosamine & Omega-3),Purina Pro Plan Veterinary Diets JM Joint Mobility,Gentle In-Home Senior Care & Medication Supervision,"Maintain regular biannual health checkups, brush teeth weekly, and ensure fresh hydration throughout the day."
Dog,Dachshund,7.9,10.5,Overweight,Low,Weight Management (Low Calorie & High Satiety Fiber),Hill's Science Diet Perfect Weight Formula,Standard Boarding & Daily Enrichment Walking,Engage in structured 30-minute low-impact daily walks. Weigh meal portions accurately and avoid high-calorie table scraps.
Dog,Siberian Husky,1.4,26.3,Healthy,High,Active Performance & Muscle Fuel (30/20 High Energy),Orijen Amazing Grains High-Protein Energy Feast,High-Energy Active Adventure & Agility Exercise,Needs at least 60-90 minutes of vigorous daily exercise and puzzle toys to prevent boredom and anxiety.
Dog,Beagle,1.7,14.1,Joint Issues / Arthritis,Low,Senior Mobility & Joint Care (Glucosamine & Omega-3),Purina Pro Plan Veterinary Diets JM Joint Mobility,Gentle In-Home Senior Care & Medication Supervision,"Provide orthopedic bedding, avoid stairs or sudden jumping, and supplement with EPA/DHA fatty acids for joint lubrication."
Dog,Rottweiler,10.7,33.8,Healthy,Low,Senior Mobility & Joint Care (Glucosamine & Omega-3),Purina Pro Plan Veterinary Diets JM Joint Mobility,Gentle In-Home Senior Care & Medication Supervision,"Maintain regular biannual health checkups, brush teeth weekly, and ensure fresh hydration throughout the day."
Cat,Persian Cat,2.4,5.6,Healthy,Very High,Active Performance & Muscle Fuel (30/20 High Energy),Orijen Amazing Grains High-Protein Energy Feast,High-Energy Active Adventure & Agility Exercise,Needs at least 60-90 minutes of vigorous daily exercise and puzzle toys to prevent boredom and anxiety.
Dog,Boxer,8.9,37.4,Healthy,High,Senior Mobility & Joint Care (Glucosamine & Omega-3),Purina Pro Plan Veterinary Diets JM Joint Mobility,High-Energy Active Adventure & Agility Exercise,Needs at least 60-90 minutes of vigorous daily exercise and puzzle toys to prevent boredom and anxiety.
Dog,Labrador Retriever,8.3,39.9,Joint Issues / Arthritis,Low,Senior Mobility & Joint Care (Glucosamine & Omega-3),Purina Pro Plan Veterinary Diets JM Joint Mobility,Gentle In-Home Senior Care & Medication Supervision,"Provide orthopedic bedding, avoid stairs or sudden jumping, and supplement with EPA/DHA fatty acids for joint lubrication."
Cat,Domestic Shorthair,17.6,1.4,Healthy,Low,Senior Mobility & Joint Care (Glucosamine & Omega-3),Purina Pro Plan Veterinary Diets JM Joint Mobility,Gentle In-Home Senior Care & Medication Supervision,"Maintain regular biannual health checkups, brush teeth weekly, and ensure fresh hydration throughout the day."
Cat,Persian Cat,8.0,4.1,Joint Issues / Arthritis,Low,Senior Mobility & Joint Care (Glucosamine & Omega-3),Purina Pro Plan Veterinary Diets JM Joint Mobility,Gentle In-Home Senior Care & Medication Supervision,"Provide orthopedic bedding, avoid stairs or sudden jumping, and supplement with EPA/DHA fatty acids for joint lubrication."
Dog,Labrador Retriever,8.3,36.9,Healthy,High,Senior Mobility & Joint Care (Glucosamine & Omega-3),Purina Pro Plan Veterinary Diets JM Joint Mobility,High-Energy Active Adventure & Agility Exercise,Needs at least 60-90 minutes of vigorous daily exercise and puzzle toys to prevent boredom and anxiety.
Cat,Bengal Cat,0.5,1.4,Healthy,High,Growth & Development (High Protein & DHA),Royal Canin Puppy / Kitten Starter Nutrition,Puppy / Kitten Care & Socialization Routine,Feed 3-4 small portioned meals daily. Complete vaccination schedule and prioritize positive-reinforcement socialization for Bengal Cat.
Dog,Boxer,5.5,29.6,Overweight,Low,Weight Management (Low Calorie & High Satiety Fiber),Hill's Science Diet Perfect Weight Formula,Standard Boarding & Daily Enrichment Walking,Engage in structured 30-minute low-impact daily walks. Weigh meal portions accurately and avoid high-calorie table scraps.
Dog,Siberian Husky,12.6,40.2,Senior Cognitive Decline,Low,Senior Mobility & Joint Care (Glucosamine & Omega-3),Purina Pro Plan Veterinary Diets JM Joint Mobility,Gentle In-Home Senior Care & Medication Supervision,"Maintain regular biannual health checkups, brush teeth weekly, and ensure fresh hydration throughout the day."
Dog,Dachshund,7.9,9.1,Healthy,High,Active Performance & Muscle Fuel (30/20 High Energy),Orijen Amazing Grains High-Protein Energy Feast,High-Energy Active Adventure & Agility Exercise,Needs at least 60-90 minutes of vigorous daily exercise and puzzle toys to prevent boredom and anxiety.
Dog,Poodle,12.1,14.3,Senior Cognitive Decline,Moderate,Senior Mobility & Joint Care (Glucosamine & Omega-3),Purina Pro Plan Veterinary Diets JM Joint Mobility,Gentle In-Home Senior Care & Medication Supervision,"Maintain regular biannual health checkups, brush teeth weekly, and ensure fresh hydration throughout the day."
Dog,French Bulldog,6.3,16.3,Sensitive Stomach / Allergies,Moderate,Hypoallergenic Single-Source Protein & Grain-Free,Farmina N&D Ocean Grain-Free Hypoallergenic Formula,Specialized Medical Monitoring & Controlled Diet Feeding,"Maintain regular biannual health checkups, brush teeth weekly, and ensure fresh hydration throughout the day."
Dog,French Bulldog,11.8,12.4,Sensitive Stomach / Allergies,Low,Senior Mobility & Joint Care (Glucosamine & Omega-3),Purina Pro Plan Veterinary Diets JM Joint Mobility,Gentle In-Home Senior Care & Medication Supervision,"Maintain regular biannual health checkups, brush teeth weekly, and ensure fresh hydration throughout the day."
Dog,Poodle,7.7,7.5,Senior Cognitive Decline,Low,Daily Complete Balanced Adult Maintenance,Blue Buffalo Life Protection Natural Adult Blend,Gentle In-Home Senior Care & Medication Supervision,"Maintain regular biannual health checkups, brush teeth weekly, and ensure fresh hydration throughout the day."
Cat,Domestic Shorthair,0.5,1.6,Senior Cognitive Decline,Low,Growth & Development (High Protein & DHA),Royal Canin Puppy / Kitten Starter Nutrition,Puppy / Kitten Care & Socialization Routine,Feed 3-4 small portioned meals daily. Complete vaccination schedule and prioritize positive-reinforcement socialization for Domestic Shorthair.
Dog,Labrador Retriever,3.0,37.7,Sensitive Stomach / Allergies,High,Hypoallergenic Single-Source Protein & Grain-Free,Farmina N&D Ocean Grain-Free Hypoallergenic Formula,High-Energy Active Adventure & Agility Exercise,Needs at least 60-90 minutes of vigorous daily exercise and puzzle toys to prevent boredom and anxiety.
Dog,French Bulldog,0.4,4.3,Healthy,Very High,Growth & Development (High Protein & DHA),Royal Canin Puppy / Kitten Starter Nutrition,Puppy / Kitten Care & Socialization Routine,Feed 3-4 small portioned meals daily. Complete vaccination schedule and prioritize positive-reinforcement socialization for French Bulldog.
Dog,Dachshund,12.5,9.2,Senior Cognitive Decline,Moderate,Senior Mobility & Joint Care (Glucosamine & Omega-3),Purina Pro Plan Veterinary Diets JM Joint Mobility,Gentle In-Home Senior Care & Medication Supervision,"Maintain regular biannual health checkups, brush teeth weekly, and ensure fresh hydration throughout the day."
Dog,Dachshund,5.8,5.4,Healthy,Very High,Active Performance & Muscle Fuel (30/20 High Energy),Orijen Amazing Grains High-Protein Energy Feast,High-Energy Active Adventure & Agility Exercise,Needs at least 60-90 minutes of vigorous daily exercise and puzzle toys to prevent boredom and anxiety.
Dog,German Shepherd,5.4,34.4,Sensitive Stomach / Allergies,High,Hypoallergenic Single-Source Protein & Grain-Free,Farmina N&D Ocean Grain-Free Hypoallergenic Formula,High-Energy Active Adventure & Agility Exercise,Needs at least 60-90 minutes of vigorous daily exercise and puzzle toys to prevent boredom and anxiety.
Dog,Rottweiler,0.5,9.8,Overweight,Low,Growth & Development (High Protein & DHA),Royal Canin Puppy / Kitten Starter Nutrition,Puppy / Kitten Care & Socialization Routine,Feed 3-4 small portioned meals daily. Complete vaccination schedule and prioritize positive-reinforcement socialization for Rottweiler.
Cat,Bengal Cat,4.4,2.2,Healthy,Very High,Active Performance & Muscle Fuel (30/20 High Energy),Orijen Amazing Grains High-Protein Energy Feast,High-Energy Active Adventure & Agility Exercise,Needs at least 60-90 minutes of vigorous daily exercise and puzzle toys to prevent boredom and anxiety.
Cat,Siamese Cat,5.6,4.6,Healthy,High,Active Performance & Muscle Fuel (30/20 High Energy),Orijen Amazing Grains High-Protein Energy Feast,High-Energy Active Adventure & Agility Exercise,Needs at least 60-90 minutes of vigorous daily exercise and puzzle toys to prevent boredom and anxiety.
Cat,Siamese Cat,6.6,2.5,Overweight,Low,Weight Management (Low Calorie & High Satiety Fiber),Hill's Science Diet Perfect Weight Formula,Standard Boarding & Daily Enrichment Walking,Engage in structured 30-minute low-impact daily walks. Weigh meal portions accurately and avoid high-calorie table scraps.
Dog,Siberian Husky,3.9,27.0,Joint Issues / Arthritis,Low,Senior Mobility & Joint Care (Glucosamine & Omega-3),Purina Pro Plan Veterinary Diets JM Joint Mobility,Gentle In-Home Senior Care & Medication Supervision,"Provide orthopedic bedding, avoid stairs or sudden jumping, and supplement with EPA/DHA fatty acids for joint lubrication."
Cat,Persian Cat,7.7,5.2,Joint Issues / Arthritis,Moderate,Senior Mobility & Joint Care (Glucosamine & Omega-3),Purina Pro Plan Veterinary Diets JM Joint Mobility,Gentle In-Home Senior Care & Medication Supervision,"Provide orthopedic bedding, avoid stairs or sudden jumping, and supplement with EPA/DHA fatty acids for joint lubrication."
Dog,Golden Retriever,5.1,33.8,Healthy,Very High,Active Performance & Muscle Fuel (30/20 High Energy),Orijen Amazing Grains High-Protein Energy Feast,High-Energy Active Adventure & Agility Exercise,Needs at least 60-90 minutes of vigorous daily exercise and puzzle toys to prevent boredom and anxiety.
Cat,British Shorthair,2.4,2.9,Joint Issues / Arthritis,Low,Senior Mobility & Joint Care (Glucosamine & Omega-3),Purina Pro Plan Veterinary Diets JM Joint Mobility,Gentle In-Home Senior Care & Medication Supervision,"Provide orthopedic bedding, avoid stairs or sudden jumping, and supplement with EPA/DHA fatty acids for joint lubrication."
Dog,Labrador Retriever,10.3,40.2,Sensitive Stomach / Allergies,Low,Senior Mobility & Joint Care (Glucosamine & Omega-3),Purina Pro Plan Veterinary Diets JM Joint Mobility,Gentle In-Home Senior Care & Medication Supervision,"Maintain regular biannual health checkups, brush teeth weekly, and ensure fresh hydration throughout the day."
Cat,Maine Coon,8.7,9.4,Joint Issues / Arthritis,Low,Senior Mobility & Joint Care (Glucosamine & Omega-3),Purina Pro Plan Veterinary Diets JM Joint Mobility,Gentle In-Home Senior Care & Medication Supervision,"Provide orthopedic bedding, avoid stairs or sudden jumping, and supplement with EPA/DHA fatty acids for joint lubrication."
Dog,Rottweiler,8.2,40.8,Sensitive Stomach / Allergies,Moderate,Senior Mobility & Joint Care (Glucosamine & Omega-3),Purina Pro Plan Veterinary Diets JM Joint Mobility,Specialized Medical Monitoring & Controlled Diet Feeding,"Maintain regular biannual health checkups, brush teeth weekly, and ensure fresh hydration throughout the day."
Dog,Rottweiler,8.1,34.3,Healthy,Moderate,Senior Mobility & Joint Care (Glucosamine & Omega-3),Purina Pro Plan Veterinary Diets JM Joint Mobility,Standard Boarding & Daily Enrichment Walking,"Maintain regular biannual health checkups, brush teeth weekly, and ensure fresh hydration throughout the day."
Dog,Rottweiler,12.1,39.1,Healthy,Moderate,Senior Mobility & Joint Care (Glucosamine & Omega-3),Purina Pro Plan Veterinary Diets JM Joint Mobility,Gentle In-Home Senior Care & Medication Supervision,"Maintain regular biannual health checkups, brush teeth weekly, and ensure fresh hydration throughout the day."
Dog,Rottweiler,11.2,39.7,Post-Surgery Recovery,Low,Senior Mobility & Joint Care (Glucosamine & Omega-3),Purina Pro Plan Veterinary Diets JM Joint Mobility,Gentle In-Home Senior Care & Medication Supervision,"Maintain regular biannual health checkups, brush teeth weekly, and ensure fresh hydration throughout the day."
Dog,Poodle,6.7,24.7,Healthy,Moderate,Daily Complete Balanced Adult Maintenance,Blue Buffalo Life Protection Natural Adult Blend,Standard Boarding & Daily Enrichment Walking,"Maintain regular biannual health checkups, brush teeth weekly, and ensure fresh hydration throughout the day."
Dog,Boxer,1.3,29.7,Joint Issues / Arthritis,Low,Senior Mobility & Joint Care (Glucosamine & Omega-3),Purina Pro Plan Veterinary Diets JM Joint Mobility,Gentle In-Home Senior Care & Medication Supervision,"Provide orthopedic bedding, avoid stairs or sudden jumping, and supplement with EPA/DHA fatty acids for joint lubrication."
Cat,Maine Coon,7.0,11.9,Healthy,Moderate,Daily Complete Balanced Adult Maintenance,Blue Buffalo Life Protection Natural Adult Blend,Standard Boarding & Daily Enrichment Walking,"Maintain regular biannual health checkups, brush teeth weekly, and ensure fresh hydration throughout the day."
Dog,Boxer,8.4,25.2,Overweight,Moderate,Weight Management (Low Calorie & High Satiety Fiber),Hill's Science Diet Perfect Weight Formula,Standard Boarding & Daily Enrichment Walking,Engage in structured 30-minute low-impact daily walks. Weigh meal portions accurately and avoid high-calorie table scraps.
Cat,Siamese Cat,13.7,2.1,Joint Issues / Arthritis,Low,Senior Mobility & Joint Care (Glucosamine & Omega-3),Purina Pro Plan Veterinary Diets JM Joint Mobility,Gentle In-Home Senior Care & Medication Supervision,"Provide orthopedic bedding, avoid stairs or sudden jumping, and supplement with EPA/DHA fatty acids for joint lubrication."
Cat,Bengal Cat,7.2,2.8,Underweight,Very High,Active Performance & Muscle Fuel (30/20 High Energy),Orijen Amazing Grains High-Protein Energy Feast,High-Energy Active Adventure & Agility Exercise,Needs at least 60-90 minutes of vigorous daily exercise and puzzle toys to prevent boredom and anxiety.
Cat,Siamese Cat,10.5,4.0,Overweight,Moderate,Weight Management (Low Calorie & High Satiety Fiber),Hill's Science Diet Perfect Weight Formula,Gentle In-Home Senior Care & Medication Supervision,Engage in structured 30-minute low-impact daily walks. Weigh meal portions accurately and avoid high-calorie table scraps.
Dog,Boxer,9.0,26.7,Sensitive Stomach / Allergies,Very High,Senior Mobility & Joint Care (Glucosamine & Omega-3),Purina Pro Plan Veterinary Diets JM Joint Mobility,High-Energy Active Adventure & Agility Exercise,Needs at least 60-90 minutes of vigorous daily exercise and puzzle toys to prevent boredom and anxiety.
Cat,Maine Coon,3.6,7.4,Healthy,High,Active Performance & Muscle Fuel (30/20 High Energy),Orijen Amazing Grains High-Protein Energy Feast,High-Energy Active Adventure & Agility Exercise,Needs at least 60-90 minutes of vigorous daily exercise and puzzle toys to prevent boredom and anxiety.
Cat,Persian Cat,5.1,4.7,Senior Cognitive Decline,Low,Daily Complete Balanced Adult Maintenance,Blue Buffalo Life Protection Natural Adult Blend,Gentle In-Home Senior Care & Medication Supervision,"Maintain regular biannual health checkups, brush teeth weekly, and ensure fresh hydration throughout the day."
Dog,French Bulldog,10.5,11.5,Healthy,Low,Senior Mobility & Joint Care (Glucosamine & Omega-3),Purina Pro Plan Veterinary Diets JM Joint Mobility,Gentle In-Home Senior Care & Medication Supervision,"Maintain regular biannual health checkups, brush teeth weekly, and ensure fresh hydration throughout the day."
Cat,Bengal Cat,8.5,8.4,Sensitive Stomach / Allergies,Very High,Senior Mobility & Joint Care (Glucosamine & Omega-3),Purina Pro Plan Veterinary Diets JM Joint Mobility,High-Energy Active Adventure & Agility Exercise,Needs at least 60-90 minutes of vigorous daily exercise and puzzle toys to prevent boredom and anxiety.
Dog,Boxer,0.8,15.2,Healthy,Very High,Growth & Development (High Protein & DHA),Royal Canin Puppy / Kitten Starter Nutrition,Puppy / Kitten Care & Socialization Routine,Feed 3-4 small portioned meals daily. Complete vaccination schedule and prioritize positive-reinforcement socialization for Boxer.
Dog,French Bulldog,9.6,16.9,Healthy,Moderate,Senior Mobility & Joint Care (Glucosamine & Omega-3),Purina Pro Plan Veterinary Diets JM Joint Mobility,Standard Boarding & Daily Enrichment Walking,"Maintain regular biannual health checkups, brush teeth weekly, and ensure fresh hydration throughout the day."
Dog,Siberian Husky,14.9,40.7,Healthy,Low,Senior Mobility & Joint Care (Glucosamine & Omega-3),Purina Pro Plan Veterinary Diets JM Joint Mobility,Gentle In-Home Senior Care & Medication Supervision,"Maintain regular biannual health checkups, brush teeth weekly, and ensure fresh hydration throughout the day."
Dog,Beagle,13.6,17.5,Joint Issues / Arthritis,Low,Senior Mobility & Joint Care (Glucosamine & Omega-3),Purina Pro Plan Veterinary Diets JM Joint Mobility,Gentle In-Home Senior Care & Medication Supervision,"Provide orthopedic bedding, avoid stairs or sudden jumping, and supplement with EPA/DHA fatty acids for joint lubrication."
Dog,Labrador Retriever,14.4,42.1,Healthy,Low,Senior Mobility & Joint Care (Glucosamine & Omega-3),Purina Pro Plan Veterinary Diets JM Joint Mobility,Gentle In-Home Senior Care & Medication Supervision,"Maintain regular biannual health checkups, brush teeth weekly, and ensure fresh hydration throughout the day."
Dog,French Bulldog,3.7,10.9,Underweight,High,Active Performance & Muscle Fuel (30/20 High Energy),Orijen Amazing Grains High-Protein Energy Feast,High-Energy Active Adventure & Agility Exercise,Needs at least 60-90 minutes of vigorous daily exercise and puzzle toys to prevent boredom and anxiety.
Dog,Dachshund,8.6,10.9,Overweight,Low,Weight Management (Low Calorie & High Satiety Fiber),Hill's Science Diet Perfect Weight Formula,Standard Boarding & Daily Enrichment Walking,Engage in structured 30-minute low-impact daily walks. Weigh meal portions accurately and avoid high-calorie table scraps.
Cat,Maine Coon,8.1,9.0,Healthy,Moderate,Senior Mobility & Joint Care (Glucosamine & Omega-3),Purina Pro Plan Veterinary Diets JM Joint Mobility,Standard Boarding & Daily Enrichment Walking,"Maintain regular biannual health checkups, brush teeth weekly, and ensure fresh hydration throughout the day."
Cat,Domestic Shorthair,6.9,6.3,Overweight,Low,Weight Management (Low Calorie & High Satiety Fiber),Hill's Science Diet Perfect Weight Formula,Standard Boarding & Daily Enrichment Walking,Engage in structured 30-minute low-impact daily walks. Weigh meal portions accurately and avoid high-calorie table scraps.
Dog,Poodle,12.1,19.8,Healthy,Low,Senior Mobility & Joint Care (Glucosamine & Omega-3),Purina Pro Plan Veterinary Diets JM Joint Mobility,Gentle In-Home Senior Care & Medication Supervision,"Maintain regular biannual health checkups, brush teeth weekly, and ensure fresh hydration throughout the day."
Cat,Domestic Shorthair,6.9,5.1,Overweight,Low,Weight Management (Low Calorie & High Satiety Fiber),Hill's Science Diet Perfect Weight Formula,Standard Boarding & Daily Enrichment Walking,Engage in structured 30-minute low-impact daily walks. Weigh meal portions accurately and avoid high-calorie table scraps.
Cat,Persian Cat,1.5,6.7,Sensitive Stomach / Allergies,Very High,Hypoallergenic Single-Source Protein & Grain-Free,Farmina N&D Ocean Grain-Free Hypoallergenic Formula,High-Energy Active Adventure & Agility Exercise,Needs at least 60-90 minutes of vigorous daily exercise and puzzle toys to prevent boredom and anxiety.
Dog,Poodle,7.0,20.2,Healthy,Low,Daily Complete Balanced Adult Maintenance,Blue Buffalo Life Protection Natural Adult Blend,Standard Boarding & Daily Enrichment Walking,"Maintain regular biannual health checkups, brush teeth weekly, and ensure fresh hydration throughout the day."
Cat,Maine Coon,12.7,11.7,Dental Issues,Low,Senior Mobility & Joint Care (Glucosamine & Omega-3),Purina Pro Plan Veterinary Diets JM Joint Mobility,Gentle In-Home Senior Care & Medication Supervision,"Maintain regular biannual health checkups, brush teeth weekly, and ensure fresh hydration throughout the day."
Dog,Golden Retriever,8.7,30.1,Overweight,Low,Weight Management (Low Calorie & High Satiety Fiber),Hill's Science Diet Perfect Weight Formula,Standard Boarding & Daily Enrichment Walking,Engage in structured 30-minute low-impact daily walks. Weigh meal portions accurately and avoid high-calorie table scraps.
Dog,Poodle,10.6,6.4,Senior Cognitive Decline,Low,Senior Mobility & Joint Care (Glucosamine & Omega-3),Purina Pro Plan Veterinary Diets JM Joint Mobility,Gentle In-Home Senior Care & Medication Supervision,"Maintain regular biannual health checkups, brush teeth weekly, and ensure fresh hydration throughout the day."
Dog,Siberian Husky,7.7,42.9,Healthy,Very High,Active Performance & Muscle Fuel (30/20 High Energy),Orijen Amazing Grains High-Protein Energy Feast,High-Energy Active Adventure & Agility Exercise,Needs at least 60-90 minutes of vigorous daily exercise and puzzle toys to prevent boredom and anxiety.
Cat,Persian Cat,18.0,5.6,Underweight,Moderate,Senior Mobility & Joint Care (Glucosamine & Omega-3),Purina Pro Plan Veterinary Diets JM Joint Mobility,Gentle In-Home Senior Care & Medication Supervision,"Maintain regular biannual health checkups, brush teeth weekly, and ensure fresh hydration throughout the day."
Dog,French Bulldog,1.2,9.7,Dental Issues,Very High,Active Performance & Muscle Fuel (30/20 High Energy),Orijen Amazing Grains High-Protein Energy Feast,High-Energy Active Adventure & Agility Exercise,Needs at least 60-90 minutes of vigorous daily exercise and puzzle toys to prevent boredom and anxiety.
Cat,Domestic Shorthair,5.7,6.9,Healthy,Low,Daily Complete Balanced Adult Maintenance,Blue Buffalo Life Protection Natural Adult Blend,Standard Boarding & Daily Enrichment Walking,"Maintain regular biannual health checkups, brush teeth weekly, and ensure fresh hydration throughout the day."
Dog,Golden Retriever,4.2,22.9,Healthy,Very High,Active Performance & Muscle Fuel (30/20 High Energy),Orijen Amazing Grains High-Protein Energy Feast,High-Energy Active Adventure & Agility Exercise,Needs at least 60-90 minutes of vigorous daily exercise and puzzle toys to prevent boredom and anxiety.
Cat,Bengal Cat,5.2,5.4,Healthy,High,Active Performance & Muscle Fuel (30/20 High Energy),Orijen Amazing Grains High-Protein Energy Feast,High-Energy Active Adventure & Agility Exercise,Needs at least 60-90 minutes of vigorous daily exercise and puzzle toys to prevent boredom and anxiety.
Dog,Siberian Husky,5.7,28.6,Dental Issues,High,Active Performance & Muscle Fuel (30/20 High Energy),Orijen Amazing Grains High-Protein Energy Feast,High-Energy Active Adventure & Agility Exercise,Needs at least 60-90 minutes of vigorous daily exercise and puzzle toys to prevent boredom and anxiety.
Cat,Siamese Cat,6.4,4.8,Healthy,Moderate,Daily Complete Balanced Adult Maintenance,Blue Buffalo Life Protection Natural Adult Blend,Standard Boarding & Daily Enrichment Walking,"Maintain regular biannual health checkups, brush teeth weekly, and ensure fresh hydration throughout the day."
Dog,French Bulldog,7.3,14.0,Healthy,Low,Daily Complete Balanced Adult Maintenance,Blue Buffalo Life Protection Natural Adult Blend,Standard Boarding & Daily Enrichment Walking,"Maintain regular biannual health checkups, brush teeth weekly, and ensure fresh hydration throughout the day."
Dog,Siberian Husky,1.5,30.7,Sensitive Stomach / Allergies,High,Hypoallergenic Single-Source Protein & Grain-Free,Farmina N&D Ocean Grain-Free Hypoallergenic Formula,High-Energy Active Adventure & Agility Exercise,Needs at least 60-90 minutes of vigorous daily exercise and puzzle toys to prevent boredom and anxiety.
Dog,Rottweiler,3.1,29.7,Post-Surgery Recovery,High,Active Performance & Muscle Fuel (30/20 High Energy),Orijen Amazing Grains High-Protein Energy Feast,High-Energy Active Adventure & Agility Exercise,Needs at least 60-90 minutes of vigorous daily exercise and puzzle toys to prevent boredom and anxiety.
Dog,Siberian Husky,12.6,44.2,Healthy,Low,Senior Mobility & Joint Care (Glucosamine & Omega-3),Purina Pro Plan Veterinary Diets JM Joint Mobility,Gentle In-Home Senior Care & Medication Supervision,"Maintain regular biannual health checkups, brush teeth weekly, and ensure fresh hydration throughout the day."
Dog,Rottweiler,7.5,33.9,Healthy,High,Active Performance & Muscle Fuel (30/20 High Energy),Orijen Amazing Grains High-Protein Energy Feast,High-Energy Active Adventure & Agility Exercise,Needs at least 60-90 minutes of vigorous daily exercise and puzzle toys to prevent boredom and anxiety.
Dog,Siberian Husky,10.6,30.9,Senior Cognitive Decline,Moderate,Senior Mobility & Joint Care (Glucosamine & Omega-3),Purina Pro Plan Veterinary Diets JM Joint Mobility,Gentle In-Home Senior Care & Medication Supervision,"Maintain regular biannual health checkups, brush teeth weekly, and ensure fresh hydration throughout the day."
Cat,Domestic Shorthair,10.3,5.5,Underweight,Low,Senior Mobility & Joint Care (Glucosamine & Omega-3),Purina Pro Plan Veterinary Diets JM Joint Mobility,Gentle In-Home Senior Care & Medication Supervision,"Maintain regular biannual health checkups, brush teeth weekly, and ensure fresh hydration throughout the day."
Dog,Rottweiler,11.2,26.2,Sensitive Stomach / Allergies,Low,Senior Mobility & Joint Care (Glucosamine & Omega-3),Purina Pro Plan Veterinary Diets JM Joint Mobility,Gentle In-Home Senior Care & Medication Supervision,"Maintain regular biannual health checkups, brush teeth weekly, and ensure fresh hydration throughout the day."
Cat,Maine Coon,3.5,9.1,Senior Cognitive Decline,Moderate,Daily Complete Balanced Adult Maintenance,Blue Buffalo Life Protection Natural Adult Blend,Gentle In-Home Senior Care & Medication Supervision,"Maintain regular biannual health checkups, brush teeth weekly, and ensure fresh hydration throughout the day."
Dog,Rottweiler,11.8,29.8,Sensitive Stomach / Allergies,Low,Senior Mobility & Joint Care (Glucosamine & Omega-3),Purina Pro Plan Veterinary Diets JM Joint Mobility,Gentle In-Home Senior Care & Medication Supervision,"Maintain regular biannual health checkups, brush teeth weekly, and ensure fresh hydration throughout the day."
Cat,British Shorthair,14.4,5.0,Healthy,Low,Senior Mobility & Joint Care (Glucosamine & Omega-3),Purina Pro Plan Veterinary Diets JM Joint Mobility,Gentle In-Home Senior Care & Medication Supervision,"Maintain regular biannual health checkups, brush teeth weekly, and ensure fresh hydration throughout the day."
Cat,Domestic Shorthair,13.6,6.2,Healthy,Low,Senior Mobility & Joint Care (Glucosamine & Omega-3),Purina Pro Plan Veterinary Diets JM Joint Mobility,Gentle In-Home Senior Care & Medication Supervision,"Maintain regular biannual health checkups, brush teeth weekly, and ensure fresh hydration throughout the day."
Dog,Beagle,7.0,9.9,Overweight,Moderate,Weight Management (Low Calorie & High Satiety Fiber),Hill's Science Diet Perfect Weight Formula,Standard Boarding & Daily Enrichment Walking,Engage in structured 30-minute low-impact daily walks. Weigh meal portions accurately and avoid high-calorie table scraps.
Dog,Boxer,3.4,29.3,Overweight,Low,Weight Management (Low Calorie & High Satiety Fiber),Hill's Science Diet Perfect Weight Formula,Standard Boarding & Daily Enrichment Walking,Engage in structured 30-minute low-impact daily walks. Weigh meal portions accurately and avoid high-calorie table scraps.
Cat,Siamese Cat,13.8,6.3,Senior Cognitive Decline,Low,Senior Mobility & Joint Care (Glucosamine & Omega-3),Purina Pro Plan Veterinary Diets JM Joint Mobility,Gentle In-Home Senior Care & Medication Supervision,"Maintain regular biannual health checkups, brush teeth weekly, and ensure fresh hydration throughout the day."
Cat,Siamese Cat,3.3,2.1,Healthy,Moderate,Daily Complete Balanced Adult Maintenance,Blue Buffalo Life Protection Natural Adult Blend,Standard Boarding & Daily Enrichment Walking,"Maintain regular biannual health checkups, brush teeth weekly, and ensure fresh hydration throughout the day."
Dog,Rottweiler,7.2,36.1,Underweight,Moderate,Daily Complete Balanced Adult Maintenance,Blue Buffalo Life Protection Natural Adult Blend,Standard Boarding & Daily Enrichment Walking,"Maintain regular biannual health checkups, brush teeth weekly, and ensure fresh hydration throughout the day."
Cat,Persian Cat,15.2,1.7,Healthy,Low,Senior Mobility & Joint Care (Glucosamine & Omega-3),Purina Pro Plan Veterinary Diets JM Joint Mobility,Gentle In-Home Senior Care & Medication Supervision,"Maintain regular biannual health checkups, brush teeth weekly, and ensure fresh hydration throughout the day."
Dog,Labrador Retriever,11.7,39.2,Senior Cognitive Decline,Low,Senior Mobility & Joint Care (Glucosamine & Omega-3),Purina Pro Plan Veterinary Diets JM Joint Mobility,Gentle In-Home Senior Care & Medication Supervision,"Maintain regular biannual health checkups, brush teeth weekly, and ensure fresh hydration throughout the day."
Dog,Dachshund,6.1,8.0,Sensitive Stomach / Allergies,Moderate,Hypoallergenic Single-Source Protein & Grain-Free,Farmina N&D Ocean Grain-Free Hypoallergenic Formula,Specialized Medical Monitoring & Controlled Diet Feeding,"Maintain regular biannual health checkups, brush teeth weekly, and ensure fresh hydration throughout the day."
Cat,British Shorthair,15.1,6.1,Healthy,Moderate,Senior Mobility & Joint Care (Glucosamine & Omega-3),Purina Pro Plan Veterinary Diets JM Joint Mobility,Gentle In-Home Senior Care & Medication Supervision,"Maintain regular biannual health checkups, brush teeth weekly, and ensure fresh hydration throughout the day."
Dog,Boxer,11.7,26.4,Healthy,Moderate,Senior Mobility & Joint Care (Glucosamine & Omega-3),Purina Pro Plan Veterinary Diets JM Joint Mobility,Gentle In-Home Senior Care & Medication Supervision,"Maintain regular biannual health checkups, brush teeth weekly, and ensure fresh hydration throughout the day."
Cat,Maine Coon,11.6,9.8,Healthy,Low,Senior Mobility & Joint Care (Glucosamine & Omega-3),Purina Pro Plan Veterinary Diets JM Joint Mobility,Gentle In-Home Senior Care & Medication Supervision,"Maintain regular biannual health checkups, brush teeth weekly, and ensure fresh hydration throughout the day."
Dog,French Bulldog,13.3,13.6,Healthy,Moderate,Senior Mobility & Joint Care (Glucosamine & Omega-3),Purina Pro Plan Veterinary Diets JM Joint Mobility,Gentle In-Home Senior Care & Medication Supervision,"Maintain regular biannual health checkups, brush teeth weekly, and ensure fresh hydration throughout the day."
Dog,Labrador Retriever,10.7,37.4,Healthy,Low,Senior Mobility & Joint Care (Glucosamine & Omega-3),Purina Pro Plan Veterinary Diets JM Joint Mobility,Gentle In-Home Senior Care & Medication Supervision,"Maintain regular biannual health checkups, brush teeth weekly, and ensure fresh hydration throughout the day."
Dog,Labrador Retriever,1.6,42.5,Post-Surgery Recovery,Very High,Active Performance & Muscle Fuel (30/20 High Energy),Orijen Amazing Grains High-Protein Energy Feast,High-Energy Active Adventure & Agility Exercise,Needs at least 60-90 minutes of vigorous daily exercise and puzzle toys to prevent boredom and anxiety.
Dog,Poodle,1.2,6.5,Overweight,Low,Weight Management (Low Calorie & High Satiety Fiber),Hill's Science Diet Perfect Weight Formula,Standard Boarding & Daily Enrichment Walking,Engage in structured 30-minute low-impact daily walks. Weigh meal portions accurately and avoid high-calorie table scraps.
Cat,Persian Cat,16.5,1.7,Healthy,Moderate,Senior Mobility & Joint Care (Glucosamine & Omega-3),Purina Pro Plan Veterinary Diets JM Joint Mobility,Gentle In-Home Senior Care & Medication Supervision,"Maintain regular biannual health checkups, brush teeth weekly, and ensure fresh hydration throughout the day."
Dog,Boxer,8.8,42.2,Joint Issues / Arthritis,Low,Senior Mobility & Joint Care (Glucosamine & Omega-3),Purina Pro Plan Veterinary Diets JM Joint Mobility,Gentle In-Home Senior Care & Medication Supervision,"Provide orthopedic bedding, avoid stairs or sudden jumping, and supplement with EPA/DHA fatty acids for joint lubrication."
Dog,Rottweiler,10.1,30.2,Sensitive Stomach / Allergies,Moderate,Senior Mobility & Joint Care (Glucosamine & Omega-3),Purina Pro Plan Veterinary Diets JM Joint Mobility,Gentle In-Home Senior Care & Medication Supervision,"Maintain regular biannual health checkups, brush teeth weekly, and ensure fresh hydration throughout the day."
Cat,Persian Cat,8.1,8.3,Underweight,High,Senior Mobility & Joint Care (Glucosamine & Omega-3),Purina Pro Plan Veterinary Diets JM Joint Mobility,High-Energy Active Adventure & Agility Exercise,Needs at least 60-90 minutes of vigorous daily exercise and puzzle toys to prevent boredom and anxiety.
Cat,British Shorthair,13.3,4.3,Overweight,Low,Weight Management (Low Calorie & High Satiety Fiber),Hill's Science Diet Perfect Weight Formula,Gentle In-Home Senior Care & Medication Supervision,Engage in structured 30-minute low-impact daily walks. Weigh meal portions accurately and avoid high-calorie table scraps.
Dog,Rottweiler,2.7,25.1,Senior Cognitive Decline,Low,Daily Complete Balanced Adult Maintenance,Blue Buffalo Life Protection Natural Adult Blend,Gentle In-Home Senior Care & Medication Supervision,"Maintain regular biannual health checkups, brush teeth weekly, and ensure fresh hydration throughout the day."
Cat,Bengal Cat,10.6,5.7,Overweight,Low,Weight Management (Low Calorie & High Satiety Fiber),Hill's Science Diet Perfect Weight Formula,Gentle In-Home Senior Care & Medication Supervision,Engage in structured 30-minute low-impact daily walks. Weigh meal portions accurately and avoid high-calorie table scraps.
Dog,Dachshund,5.1,6.7,Sensitive Stomach / Allergies,Low,Hypoallergenic Single-Source Protein & Grain-Free,Farmina N&D Ocean Grain-Free Hypoallergenic Formula,Specialized Medical Monitoring & Controlled Diet Feeding,"Maintain regular biannual health checkups, brush teeth weekly, and ensure fresh hydration throughout the day."
Dog,Siberian Husky,5.6,24.8,Healthy,Very High,Active Performance & Muscle Fuel (30/20 High Energy),Orijen Amazing Grains High-Protein Energy Feast,High-Energy Active Adventure & Agility Exercise,Needs at least 60-90 minutes of vigorous daily exercise and puzzle toys to prevent boredom and anxiety.
Cat,Bengal Cat,11.2,5.1,Sensitive Stomach / Allergies,Moderate,Senior Mobility & Joint Care (Glucosamine & Omega-3),Purina Pro Plan Veterinary Diets JM Joint Mobility,Gentle In-Home Senior Care & Medication Supervision,"Maintain regular biannual health checkups, brush teeth weekly, and ensure fresh hydration throughout the day."
Cat,British Shorthair,4.7,6.5,Healthy,High,Active Performance & Muscle Fuel (30/20 High Energy),Orijen Amazing Grains High-Protein Energy Feast,High-Energy Active Adventure & Agility Exercise,Needs at least 60-90 minutes of vigorous daily exercise and puzzle toys to prevent boredom and anxiety.
Dog,Golden Retriever,1.0,24.5,Overweight,Low,Weight Management (Low Calorie & High Satiety Fiber),Hill's Science Diet Perfect Weight Formula,Standard Boarding & Daily Enrichment Walking,Engage in structured 30-minute low-impact daily walks. Weigh meal portions accurately and avoid high-calorie table scraps.
Dog,Labrador Retriever,2.3,38.3,Joint Issues / Arthritis,Low,Senior Mobility & Joint Care (Glucosamine & Omega-3),Purina Pro Plan Veterinary Diets JM Joint Mobility,Gentle In-Home Senior Care & Medication Supervision,"Provide orthopedic bedding, avoid stairs or sudden jumping, and supplement with EPA/DHA fatty acids for joint lubrication."
Cat,Domestic Shorthair,14.6,3.2,Healthy,Low,Senior Mobility & Joint Care (Glucosamine & Omega-3),Purina Pro Plan Veterinary Diets JM Joint Mobility,Gentle In-Home Senior Care & Medication Supervision,"Maintain regular biannual health checkups, brush teeth weekly, and ensure fresh hydration throughout the day."
Dog,Poodle,8.6,8.0,Overweight,Moderate,Weight Management (Low Calorie & High Satiety Fiber),Hill's Science Diet Perfect Weight Formula,Standard Boarding & Daily Enrichment Walking,Engage in structured 30-minute low-impact daily walks. Weigh meal portions accurately and avoid high-calorie table scraps.
Cat,British Shorthair,3.9,4.5,Healthy,Moderate,Daily Complete Balanced Adult Maintenance,Blue Buffalo Life Protection Natural Adult Blend,Standard Boarding & Daily Enrichment Walking,"Maintain regular biannual health checkups, brush teeth weekly, and ensure fresh hydration throughout the day."
Dog,French Bulldog,4.9,12.0,Underweight,Moderate,Daily Complete Balanced Adult Maintenance,Blue Buffalo Life Protection Natural Adult Blend,Standard Boarding & Daily Enrichment Walking,"Maintain regular biannual health checkups, brush teeth weekly, and ensure fresh hydration throughout the day."
Cat,Domestic Shorthair,1.5,3.0,Underweight,Very High,Active Performance & Muscle Fuel (30/20 High Energy),Orijen Amazing Grains High-Protein Energy Feast,High-Energy Active Adventure & Agility Exercise,Needs at least 60-90 minutes of vigorous daily exercise and puzzle toys to prevent boredom and anxiety.
Cat,Persian Cat,11.8,5.2,Dental Issues,Low,Senior Mobility & Joint Care (Glucosamine & Omega-3),Purina Pro Plan Veterinary Diets JM Joint Mobility,Gentle In-Home Senior Care & Medication Supervision,"Maintain regular biannual health checkups, brush teeth weekly, and ensure fresh hydration throughout the day."
Dog,Labrador Retriever,13.5,41.5,Joint Issues / Arthritis,Low,Senior Mobility & Joint Care (Glucosamine & Omega-3),Purina Pro Plan Veterinary Diets JM Joint Mobility,Gentle In-Home Senior Care & Medication Supervision,"Provide orthopedic bedding, avoid stairs or sudden jumping, and supplement with EPA/DHA fatty acids for joint lubrication."
Dog,French Bulldog,1.3,10.7,Healthy,Very High,Active Performance & Muscle Fuel (30/20 High Energy),Orijen Amazing Grains High-Protein Energy Feast,High-Energy Active Adventure & Agility Exercise,Needs at least 60-90 minutes of vigorous daily exercise and puzzle toys to prevent boredom and anxiety.
Dog,Dachshund,2.8,11.0,Healthy,Moderate,Daily Complete Balanced Adult Maintenance,Blue Buffalo Life Protection Natural Adult Blend,Standard Boarding & Daily Enrichment Walking,"Maintain regular biannual health checkups, brush teeth weekly, and ensure fresh hydration throughout the day."
Cat,Persian Cat,5.8,4.2,Overweight,Low,Weight Management (Low Calorie & High Satiety Fiber),Hill's Science Diet Perfect Weight Formula,Standard Boarding & Daily Enrichment Walking,Engage in structured 30-minute low-impact daily walks. Weigh meal portions accurately and avoid high-calorie table scraps.
Dog,German Shepherd,1.6,26.5,Sensitive Stomach / Allergies,High,Hypoallergenic Single-Source Protein & Grain-Free,Farmina N&D Ocean Grain-Free Hypoallergenic Formula,High-Energy Active Adventure & Agility Exercise,Needs at least 60-90 minutes of vigorous daily exercise and puzzle toys to prevent boredom and anxiety.
Dog,Siberian Husky,12.5,35.0,Healthy,Low,Senior Mobility & Joint Care (Glucosamine & Omega-3),Purina Pro Plan Veterinary Diets JM Joint Mobility,Gentle In-Home Senior Care & Medication Supervision,"Maintain regular biannual health checkups, brush teeth weekly, and ensure fresh hydration throughout the day."
Cat,Siamese Cat,15.2,5.3,Healthy,Low,Senior Mobility & Joint Care (Glucosamine & Omega-3),Purina Pro Plan Veterinary Diets JM Joint Mobility,Gentle In-Home Senior Care & Medication Supervision,"Maintain regular biannual health checkups, brush teeth weekly, and ensure fresh hydration throughout the day."
Dog,German Shepherd,12.5,37.7,Healthy,Low,Senior Mobility & Joint Care (Glucosamine & Omega-3),Purina Pro Plan Veterinary Diets JM Joint Mobility,Gentle In-Home Senior Care & Medication Supervision,"Maintain regular biannual health checkups, brush teeth weekly, and ensure fresh hydration throughout the day."
Dog,Poodle,12.4,12.6,Healthy,Low,Senior Mobility & Joint Care (Glucosamine & Omega-3),Purina Pro Plan Veterinary Diets JM Joint Mobility,Gentle In-Home Senior Care & Medication Supervision,"Maintain regular biannual health checkups, brush teeth weekly, and ensure fresh hydration throughout the day."
Dog,Dachshund,0.7,4.1,Joint Issues / Arthritis,Low,Growth & Development (High Protein & DHA),Royal Canin Puppy / Kitten Starter Nutrition,Puppy / Kitten Care & Socialization Routine,Feed 3-4 small portioned meals daily. Complete vaccination schedule and prioritize positive-reinforcement socialization for Dachshund.
Dog,Rottweiler,3.2,25.7,Healthy,Moderate,Daily Complete Balanced Adult Maintenance,Blue Buffalo Life Protection Natural Adult Blend,Standard Boarding & Daily Enrichment Walking,"Maintain regular biannual health checkups, brush teeth weekly, and ensure fresh hydration throughout the day."
Cat,Persian Cat,3.1,3.7,Joint Issues / Arthritis,Moderate,Senior Mobility & Joint Care (Glucosamine & Omega-3),Purina Pro Plan Veterinary Diets JM Joint Mobility,Gentle In-Home Senior Care & Medication Supervision,"Provide orthopedic bedding, avoid stairs or sudden jumping, and supplement with EPA/DHA fatty acids for joint lubrication."
Dog,Dachshund,5.3,8.0,Healthy,Moderate,Daily Complete Balanced Adult Maintenance,Blue Buffalo Life Protection Natural Adult Blend,Standard Boarding & Daily Enrichment Walking,"Maintain regular biannual health checkups, brush teeth weekly, and ensure fresh hydration throughout the day."
Dog,French Bulldog,12.6,14.5,Healthy,Moderate,Senior Mobility & Joint Care (Glucosamine & Omega-3),Purina Pro Plan Veterinary Diets JM Joint Mobility,Gentle In-Home Senior Care & Medication Supervision,"Maintain regular biannual health checkups, brush teeth weekly, and ensure fresh hydration throughout the day."
Cat,Siamese Cat,16.7,3.8,Healthy,Moderate,Senior Mobility & Joint Care (Glucosamine & Omega-3),Purina Pro Plan Veterinary Diets JM Joint Mobility,Gentle In-Home Senior Care & Medication Supervision,"Maintain regular biannual health checkups, brush teeth weekly, and ensure fresh hydration throughout the day."
Cat,Domestic Shorthair,14.1,3.3,Joint Issues / Arthritis,Low,Senior Mobility & Joint Care (Glucosamine & Omega-3),Purina Pro Plan Veterinary Diets JM Joint Mobility,Gentle In-Home Senior Care & Medication Supervision,"Provide orthopedic bedding, avoid stairs or sudden jumping, and supplement with EPA/DHA fatty acids for joint lubrication."
Dog,Poodle,8.3,12.5,Healthy,Very High,Senior Mobility & Joint Care (Glucosamine & Omega-3),Purina Pro Plan Veterinary Diets JM Joint Mobility,High-Energy Active Adventure & Agility Exercise,Needs at least 60-90 minutes of vigorous daily exercise and puzzle toys to prevent boredom and anxiety.
Dog,Boxer,1.7,29.0,Healthy,High,Active Performance & Muscle Fuel (30/20 High Energy),Orijen Amazing Grains High-Protein Energy Feast,High-Energy Active Adventure & Agility Exercise,Needs at least 60-90 minutes of vigorous daily exercise and puzzle toys to prevent boredom and anxiety.
Dog,Boxer,14.0,24.2,Healthy,Moderate,Senior Mobility & Joint Care (Glucosamine & Omega-3),Purina Pro Plan Veterinary Diets JM Joint Mobility,Gentle In-Home Senior Care & Medication Supervision,"Maintain regular biannual health checkups, brush teeth weekly, and ensure fresh hydration throughout the day."
Dog,Dachshund,10.0,12.0,Joint Issues / Arthritis,Low,Senior Mobility & Joint Care (Glucosamine & Omega-3),Purina Pro Plan Veterinary Diets JM Joint Mobility,Gentle In-Home Senior Care & Medication Supervision,"Provide orthopedic bedding, avoid stairs or sudden jumping, and supplement with EPA/DHA fatty acids for joint lubrication."
Cat,Bengal Cat,3.2,7.0,Joint Issues / Arthritis,Low,Senior Mobility & Joint Care (Glucosamine & Omega-3),Purina Pro Plan Veterinary Diets JM Joint Mobility,Gentle In-Home Senior Care & Medication Supervision,"Provide orthopedic bedding, avoid stairs or sudden jumping, and supplement with EPA/DHA fatty acids for joint lubrication."
Dog,Poodle,5.4,12.0,Healthy,High,Active Performance & Muscle Fuel (30/20 High Energy),Orijen Amazing Grains High-Protein Energy Feast,High-Energy Active Adventure & Agility Exercise,Needs at least 60-90 minutes of vigorous daily exercise and puzzle toys to prevent boredom and anxiety.
Dog,German Shepherd,10.5,27.1,Healthy,Moderate,Senior Mobility & Joint Care (Glucosamine & Omega-3),Purina Pro Plan Veterinary Diets JM Joint Mobility,Gentle In-Home Senior Care & Medication Supervision,"Maintain regular biannual health checkups, brush teeth weekly, and ensure fresh hydration throughout the day."
Cat,Bengal Cat,2.5,4.6,Sensitive Stomach / Allergies,Very High,Hypoallergenic Single-Source Protein & Grain-Free,Farmina N&D Ocean Grain-Free Hypoallergenic Formula,High-Energy Active Adventure & Agility Exercise,Needs at least 60-90 minutes of vigorous daily exercise and puzzle toys to prevent boredom and anxiety.
Dog,Beagle,1.9,10.6,Overweight,Low,Weight Management (Low Calorie & High Satiety Fiber),Hill's Science Diet Perfect Weight Formula,Standard Boarding & Daily Enrichment Walking,Engage in structured 30-minute low-impact daily walks. Weigh meal portions accurately and avoid high-calorie table scraps.
Dog,Golden Retriever,0.7,15.1,Overweight,Low,Growth & Development (High Protein & DHA),Royal Canin Puppy / Kitten Starter Nutrition,Puppy / Kitten Care & Socialization Routine,Feed 3-4 small portioned meals daily. Complete vaccination schedule and prioritize positive-reinforcement socialization for Golden Retriever.
Dog,German Shepherd,8.8,38.8,Overweight,Low,Weight Management (Low Calorie & High Satiety Fiber),Hill's Science Diet Perfect Weight Formula,Standard Boarding & Daily Enrichment Walking,Engage in structured 30-minute low-impact daily walks. Weigh meal portions accurately and avoid high-calorie table scraps.
Dog,Golden Retriever,9.4,35.8,Underweight,Low,Senior Mobility & Joint Care (Glucosamine & Omega-3),Purina Pro Plan Veterinary Diets JM Joint Mobility,Standard Boarding & Daily Enrichment Walking,"Maintain regular biannual health checkups, brush teeth weekly, and ensure fresh hydration throughout the day."
Dog,Boxer,12.4,35.0,Healthy,Moderate,Senior Mobility & Joint Care (Glucosamine & Omega-3),Purina Pro Plan Veterinary Diets JM Joint Mobility,Gentle In-Home Senior Care & Medication Supervision,"Maintain regular biannual health checkups, brush teeth weekly, and ensure fresh hydration throughout the day."
Dog,Labrador Retriever,7.5,27.2,Sensitive Stomach / Allergies,High,Hypoallergenic Single-Source Protein & Grain-Free,Farmina N&D Ocean Grain-Free Hypoallergenic Formula,High-Energy Active Adventure & Agility Exercise,Needs at least 60-90 minutes of vigorous daily exercise and puzzle toys to prevent boredom and anxiety.
Dog,Beagle,1.8,12.8,Joint Issues / Arthritis,Moderate,Senior Mobility & Joint Care (Glucosamine & Omega-3),Purina Pro Plan Veterinary Diets JM Joint Mobility,Gentle In-Home Senior Care & Medication Supervision,"Provide orthopedic bedding, avoid stairs or sudden jumping, and supplement with EPA/DHA fatty acids for joint lubrication."
Dog,Dachshund,13.4,12.5,Healthy,Low,Senior Mobility & Joint Care (Glucosamine & Omega-3),Purina Pro Plan Veterinary Diets JM Joint Mobility,Gentle In-Home Senior Care & Medication Supervision,"Maintain regular biannual health checkups, brush teeth weekly, and ensure fresh hydration throughout the day."
Dog,Rottweiler,0.6,13.1,Dental Issues,High,Growth & Development (High Protein & DHA),Royal Canin Puppy / Kitten Starter Nutrition,Puppy / Kitten Care & Socialization Routine,Feed 3-4 small portioned meals daily. Complete vaccination schedule and prioritize positive-reinforcement socialization for Rottweiler.
Cat,Domestic Shorthair,4.2,1.9,Underweight,High,Active Performance & Muscle Fuel (30/20 High Energy),Orijen Amazing Grains High-Protein Energy Feast,High-Energy Active Adventure & Agility Exercise,Needs at least 60-90 minutes of vigorous daily exercise and puzzle toys to prevent boredom and anxiety.
Dog,Rottweiler,15.0,26.6,Healthy,Low,Senior Mobility & Joint Care (Glucosamine & Omega-3),Purina Pro Plan Veterinary Diets JM Joint Mobility,Gentle In-Home Senior Care & Medication Supervision,"Maintain regular biannual health checkups, brush teeth weekly, and ensure fresh hydration throughout the day."
Dog,Dachshund,1.5,4.3,Underweight,Very High,Active Performance & Muscle Fuel (30/20 High Energy),Orijen Amazing Grains High-Protein Energy Feast,High-Energy Active Adventure & Agility Exercise,Needs at least 60-90 minutes of vigorous daily exercise and puzzle toys to prevent boredom and anxiety.
Dog,Boxer,7.5,36.7,Healthy,Very High,Active Performance & Muscle Fuel (30/20 High Energy),Orijen Amazing Grains High-Protein Energy Feast,High-Energy Active Adventure & Agility Exercise,Needs at least 60-90 minutes of vigorous daily exercise and puzzle toys to prevent boredom and anxiety.
Dog,Beagle,8.6,10.8,Healthy,Moderate,Senior Mobility & Joint Care (Glucosamine & Omega-3),Purina Pro Plan Veterinary Diets JM Joint Mobility,Standard Boarding & Daily Enrichment Walking,"Maintain regular biannual health checkups, brush teeth weekly, and ensure fresh hydration throughout the day."
Dog,Dachshund,6.3,7.0,Healthy,Moderate,Daily Complete Balanced Adult Maintenance,Blue Buffalo Life Protection Natural Adult Blend,Standard Boarding & Daily Enrichment Walking,"Maintain regular biannual health checkups, brush teeth weekly, and ensure fresh hydration throughout the day."
Cat,Bengal Cat,11.0,6.3,Underweight,Low,Senior Mobility & Joint Care (Glucosamine & Omega-3),Purina Pro Plan Veterinary Diets JM Joint Mobility,Gentle In-Home Senior Care & Medication Supervision,"Maintain regular biannual health checkups, brush teeth weekly, and ensure fresh hydration throughout the day."
Dog,French Bulldog,10.0,14.4,Healthy,High,Senior Mobility & Joint Care (Glucosamine & Omega-3),Purina Pro Plan Veterinary Diets JM Joint Mobility,High-Energy Active Adventure & Agility Exercise,Needs at least 60-90 minutes of vigorous daily exercise and puzzle toys to prevent boredom and anxiety.
Dog,Siberian Husky,8.5,27.5,Healthy,Very High,Senior Mobility & Joint Care (Glucosamine & Omega-3),Purina Pro Plan Veterinary Diets JM Joint Mobility,High-Energy Active Adventure & Agility Exercise,Needs at least 60-90 minutes of vigorous daily exercise and puzzle toys to prevent boredom and anxiety.
Cat,Siamese Cat,5.9,7.4,Healthy,Moderate,Daily Complete Balanced Adult Maintenance,Blue Buffalo Life Protection Natural Adult Blend,Standard Boarding & Daily Enrichment Walking,"Maintain regular biannual health checkups, brush teeth weekly, and ensure fresh hydration throughout the day."
Cat,British Shorthair,12.9,3.5,Healthy,Low,Senior Mobility & Joint Care (Glucosamine & Omega-3),Purina Pro Plan Veterinary Diets JM Joint Mobility,Gentle In-Home Senior Care & Medication Supervision,"Maintain regular biannual health checkups, brush teeth weekly, and ensure fresh hydration throughout the day."
Cat,Maine Coon,14.9,10.8,Sensitive Stomach / Allergies,Low,Senior Mobility & Joint Care (Glucosamine & Omega-3),Purina Pro Plan Veterinary Diets JM Joint Mobility,Gentle In-Home Senior Care & Medication Supervision,"Maintain regular biannual health checkups, brush teeth weekly, and ensure fresh hydration throughout the day."
Cat,British Shorthair,7.2,2.3,Healthy,Low,Daily Complete Balanced Adult Maintenance,Blue Buffalo Life Protection Natural Adult Blend,Standard Boarding & Daily Enrichment Walking,"Maintain regular biannual health checkups, brush teeth weekly, and ensure fresh hydration throughout the day."
Dog,Poodle,6.8,17.9,Post-Surgery Recovery,Moderate,Daily Complete Balanced Adult Maintenance,Blue Buffalo Life Protection Natural Adult Blend,Specialized Medical Monitoring & Controlled Diet Feeding,"Maintain regular biannual health checkups, brush teeth weekly, and ensure fresh hydration throughout the day."
Cat,Siamese Cat,8.7,4.6,Sensitive Stomach / Allergies,Moderate,Senior Mobility & Joint Care (Glucosamine & Omega-3),Purina Pro Plan Veterinary Diets JM Joint Mobility,Specialized Medical Monitoring & Controlled Diet Feeding,"Maintain regular biannual health checkups, brush teeth weekly, and ensure fresh hydration throughout the day."
Cat,Persian Cat,11.5,4.3,Joint Issues / Arthritis,Moderate,Senior Mobility & Joint Care (Glucosamine & Omega-3),Purina Pro Plan Veterinary Diets JM Joint Mobility,Gentle In-Home Senior Care & Medication Supervision,"Provide orthopedic bedding, avoid stairs or sudden jumping, and supplement with EPA/DHA fatty acids for joint lubrication."
Cat,Bengal Cat,7.8,4.9,Sensitive Stomach / Allergies,Very High,Hypoallergenic Single-Source Protein & Grain-Free,Farmina N&D Ocean Grain-Free Hypoallergenic Formula,High-Energy Active Adventure & Agility Exercise,Needs at least 60-90 minutes of vigorous daily exercise and puzzle toys to prevent boredom and anxiety.
Cat,Bengal Cat,8.1,7.4,Healthy,High,Senior Mobility & Joint Care (Glucosamine & Omega-3),Purina Pro Plan Veterinary Diets JM Joint Mobility,High-Energy Active Adventure & Agility Exercise,Needs at least 60-90 minutes of vigorous daily exercise and puzzle toys to prevent boredom and anxiety.
Cat,Maine Coon,8.8,9.1,Healthy,Low,Senior Mobility & Joint Care (Glucosamine & Omega-3),Purina Pro Plan Veterinary Diets JM Joint Mobility,Standard Boarding & Daily Enrichment Walking,"Maintain regular biannual health checkups, brush teeth weekly, and ensure fresh hydration throughout the day."
Dog,Siberian Husky,3.7,36.9,Healthy,Very High,Active Performance & Muscle Fuel (30/20 High Energy),Orijen Amazing Grains High-Protein Energy Feast,High-Energy Active Adventure & Agility Exercise,Needs at least 60-90 minutes of vigorous daily exercise and puzzle toys to prevent boredom and anxiety.
Cat,Domestic Shorthair,10.9,4.1,Dental Issues,Low,Senior Mobility & Joint Care (Glucosamine & Omega-3),Purina Pro Plan Veterinary Diets JM Joint Mobility,Gentle In-Home Senior Care & Medication Supervision,"Maintain regular biannual health checkups, brush teeth weekly, and ensure fresh hydration throughout the day."
Dog,Boxer,1.4,43.1,Joint Issues / Arthritis,Moderate,Senior Mobility & Joint Care (Glucosamine & Omega-3),Purina Pro Plan Veterinary Diets JM Joint Mobility,Gentle In-Home Senior Care & Medication Supervision,"Provide orthopedic bedding, avoid stairs or sudden jumping, and supplement with EPA/DHA fatty acids for joint lubrication."
Dog,German Shepherd,13.7,22.0,Healthy,Moderate,Senior Mobility & Joint Care (Glucosamine & Omega-3),Purina Pro Plan Veterinary Diets JM Joint Mobility,Gentle In-Home Senior Care & Medication Supervision,"Maintain regular biannual health checkups, brush teeth weekly, and ensure fresh hydration throughout the day."
Cat,Persian Cat,17.4,7.9,Joint Issues / Arthritis,Low,Senior Mobility & Joint Care (Glucosamine & Omega-3),Purina Pro Plan Veterinary Diets JM Joint Mobility,Gentle In-Home Senior Care & Medication Supervision,"Provide orthopedic bedding, avoid stairs or sudden jumping, and supplement with EPA/DHA fatty acids for joint lubrication."
Dog,Rottweiler,4.0,25.3,Dental Issues,Moderate,Daily Complete Balanced Adult Maintenance,Blue Buffalo Life Protection Natural Adult Blend,Standard Boarding & Daily Enrichment Walking,"Maintain regular biannual health checkups, brush teeth weekly, and ensure fresh hydration throughout the day."
Dog,German Shepherd,1.4,23.6,Overweight,Low,Weight Management (Low Calorie & High Satiety Fiber),Hill's Science Diet Perfect Weight Formula,Standard Boarding & Daily Enrichment Walking,Engage in structured 30-minute low-impact daily walks. Weigh meal portions accurately and avoid high-calorie table scraps.
Dog,Beagle,6.2,12.2,Healthy,Moderate,Daily Complete Balanced Adult Maintenance,Blue Buffalo Life Protection Natural Adult Blend,Standard Boarding & Daily Enrichment Walking,"Maintain regular biannual health checkups, brush teeth weekly, and ensure fresh hydration throughout the day."
Cat,Domestic Shorthair,11.8,5.3,Dental Issues,Low,Senior Mobility & Joint Care (Glucosamine & Omega-3),Purina Pro Plan Veterinary Diets JM Joint Mobility,Gentle In-Home Senior Care & Medication Supervision,"Maintain regular biannual health checkups, brush teeth weekly, and ensure fresh hydration throughout the day."
Cat,Persian Cat,3.5,4.5,Healthy,High,Active Performance & Muscle Fuel (30/20 High Energy),Orijen Amazing Grains High-Protein Energy Feast,High-Energy Active Adventure & Agility Exercise,Needs at least 60-90 minutes of vigorous daily exercise and puzzle toys to prevent boredom and anxiety.
Dog,French Bulldog,10.2,10.4,Joint Issues / Arthritis,Low,Senior Mobility & Joint Care (Glucosamine & Omega-3),Purina Pro Plan Veterinary Diets JM Joint Mobility,Gentle In-Home Senior Care & Medication Supervision,"Provide orthopedic bedding, avoid stairs or sudden jumping, and supplement with EPA/DHA fatty acids for joint lubrication."
Dog,Golden Retriever,13.1,33.3,Sensitive Stomach / Allergies,Low,Senior Mobility & Joint Care (Glucosamine & Omega-3),Purina Pro Plan Veterinary Diets JM Joint Mobility,Gentle In-Home Senior Care & Medication Supervision,"Maintain regular biannual health checkups, brush teeth weekly, and ensure fresh hydration throughout the day."
Dog,Rottweiler,6.1,26.6,Healthy,Moderate,Daily Complete Balanced Adult Maintenance,Blue Buffalo Life Protection Natural Adult Blend,Standard Boarding & Daily Enrichment Walking,"Maintain regular biannual health checkups, brush teeth weekly, and ensure fresh hydration throughout the day."
Dog,Labrador Retriever,8.0,28.7,Overweight,Low,Weight Management (Low Calorie & High Satiety Fiber),Hill's Science Diet Perfect Weight Formula,Standard Boarding & Daily Enrichment Walking,Engage in structured 30-minute low-impact daily walks. Weigh meal portions accurately and avoid high-calorie table scraps.
Dog,Golden Retriever,9.6,40.5,Healthy,Very High,Senior Mobility & Joint Care (Glucosamine & Omega-3),Purina Pro Plan Veterinary Diets JM Joint Mobility,High-Energy Active Adventure & Agility Exercise,Needs at least 60-90 minutes of vigorous daily exercise and puzzle toys to prevent boredom and anxiety.
Dog,Dachshund,14.8,6.6,Underweight,Moderate,Senior Mobility & Joint Care (Glucosamine & Omega-3),Purina Pro Plan Veterinary Diets JM Joint Mobility,Gentle In-Home Senior Care & Medication Supervision,"Maintain regular biannual health checkups, brush teeth weekly, and ensure fresh hydration throughout the day."
Dog,Golden Retriever,8.8,42.1,Overweight,Moderate,Weight Management (Low Calorie & High Satiety Fiber),Hill's Science Diet Perfect Weight Formula,Standard Boarding & Daily Enrichment Walking,Engage in structured 30-minute low-impact daily walks. Weigh meal portions accurately and avoid high-calorie table scraps.
Cat,Maine Coon,6.4,7.9,Healthy,Moderate,Daily Complete Balanced Adult Maintenance,Blue Buffalo Life Protection Natural Adult Blend,Standard Boarding & Daily Enrichment Walking,"Maintain regular biannual health checkups, brush teeth weekly, and ensure fresh hydration throughout the day."
Dog,Golden Retriever,9.8,27.9,Overweight,Moderate,Weight Management (Low Calorie & High Satiety Fiber),Hill's Science Diet Perfect Weight Formula,Standard Boarding & Daily Enrichment Walking,Engage in structured 30-minute low-impact daily walks. Weigh meal portions accurately and avoid high-calorie table scraps.
Dog,French Bulldog,13.6,13.8,Healthy,Low,Senior Mobility & Joint Care (Glucosamine & Omega-3),Purina Pro Plan Veterinary Diets JM Joint Mobility,Gentle In-Home Senior Care & Medication Supervision,"Maintain regular biannual health checkups, brush teeth weekly, and ensure fresh hydration throughout the day."
Dog,Golden Retriever,12.1,35.2,Underweight,Moderate,Senior Mobility & Joint Care (Glucosamine & Omega-3),Purina Pro Plan Veterinary Diets JM Joint Mobility,Gentle In-Home Senior Care & Medication Supervision,"Maintain regular biannual health checkups, brush teeth weekly, and ensure fresh hydration throughout the day."
Dog,Siberian Husky,3.9,38.1,Healthy,High,Active Performance & Muscle Fuel (30/20 High Energy),Orijen Amazing Grains High-Protein Energy Feast,High-Energy Active Adventure & Agility Exercise,Needs at least 60-90 minutes of vigorous daily exercise and puzzle toys to prevent boredom and anxiety.
Dog,Dachshund,3.0,5.9,Joint Issues / Arthritis,Low,Senior Mobility & Joint Care (Glucosamine & Omega-3),Purina Pro Plan Veterinary Diets JM Joint Mobility,Gentle In-Home Senior Care & Medication Supervision,"Provide orthopedic bedding, avoid stairs or sudden jumping, and supplement with EPA/DHA fatty acids for joint lubrication."
Dog,Siberian Husky,5.8,32.6,Healthy,Very High,Active Performance & Muscle Fuel (30/20 High Energy),Orijen Amazing Grains High-Protein Energy Feast,High-Energy Active Adventure & Agility Exercise,Needs at least 60-90 minutes of vigorous daily exercise and puzzle toys to prevent boredom and anxiety.
Dog,German Shepherd,1.1,30.5,Overweight,Low,Weight Management (Low Calorie & High Satiety Fiber),Hill's Science Diet Perfect Weight Formula,Standard Boarding & Daily Enrichment Walking,Engage in structured 30-minute low-impact daily walks. Weigh meal portions accurately and avoid high-calorie table scraps.
Cat,Bengal Cat,8.7,1.2,Overweight,Low,Weight Management (Low Calorie & High Satiety Fiber),Hill's Science Diet Perfect Weight Formula,Standard Boarding & Daily Enrichment Walking,Engage in structured 30-minute low-impact daily walks. Weigh meal portions accurately and avoid high-calorie table scraps.
Cat,Persian Cat,10.2,4.6,Healthy,Low,Senior Mobility & Joint Care (Glucosamine & Omega-3),Purina Pro Plan Veterinary Diets JM Joint Mobility,Gentle In-Home Senior Care & Medication Supervision,"Maintain regular biannual health checkups, brush teeth weekly, and ensure fresh hydration throughout the day."
Dog,Boxer,8.0,30.7,Overweight,Low,Weight Management (Low Calorie & High Satiety Fiber),Hill's Science Diet Perfect Weight Formula,Standard Boarding & Daily Enrichment Walking,Engage in structured 30-minute low-impact daily walks. Weigh meal portions accurately and avoid high-calorie table scraps.
Dog,Golden Retriever,2.8,23.2,Overweight,Low,Weight Management (Low Calorie & High Satiety Fiber),Hill's Science Diet Perfect Weight Formula,Standard Boarding & Daily Enrichment Walking,Engage in structured 30-minute low-impact daily walks. Weigh meal portions accurately and avoid high-calorie table scraps.
Dog,Poodle,10.4,21.8,Healthy,Low,Senior Mobility & Joint Care (Glucosamine & Omega-3),Purina Pro Plan Veterinary Diets JM Joint Mobility,Gentle In-Home Senior Care & Medication Supervision,"Maintain regular biannual health checkups, brush teeth weekly, and ensure fresh hydration throughout the day."
Dog,Rottweiler,1.1,30.5,Healthy,Very High,Active Performance & Muscle Fuel (30/20 High Energy),Orijen Amazing Grains High-Protein Energy Feast,High-Energy Active Adventure & Agility Exercise,Needs at least 60-90 minutes of vigorous daily exercise and puzzle toys to prevent boredom and anxiety.
Dog,Beagle,2.9,12.5,Overweight,Moderate,Weight Management (Low Calorie & High Satiety Fiber),Hill's Science Diet Perfect Weight Formula,Standard Boarding & Daily Enrichment Walking,Engage in structured 30-minute low-impact daily walks. Weigh meal portions accurately and avoid high-calorie table scraps.
Dog,French Bulldog,1.7,12.2,Joint Issues / Arthritis,Low,Senior Mobility & Joint Care (Glucosamine & Omega-3),Purina Pro Plan Veterinary Diets JM Joint Mobility,Gentle In-Home Senior Care & Medication Supervision,"Provide orthopedic bedding, avoid stairs or sudden jumping, and supplement with EPA/DHA fatty acids for joint lubrication."
Dog,Golden Retriever,9.5,37.2,Healthy,High,Senior Mobility & Joint Care (Glucosamine & Omega-3),Purina Pro Plan Veterinary Diets JM Joint Mobility,High-Energy Active Adventure & Agility Exercise,Needs at least 60-90 minutes of vigorous daily exercise and puzzle toys to prevent boredom and anxiety.
Cat,British Shorthair,4.3,4.4,Dental Issues,Low,Daily Complete Balanced Adult Maintenance,Blue Buffalo Life Protection Natural Adult Blend,Standard Boarding & Daily Enrichment Walking,"Maintain regular biannual health checkups, brush teeth weekly, and ensure fresh hydration throughout the day."
Cat,Siamese Cat,14.6,5.6,Healthy,Low,Senior Mobility & Joint Care (Glucosamine & Omega-3),Purina Pro Plan Veterinary Diets JM Joint Mobility,Gentle In-Home Senior Care & Medication Supervision,"Maintain regular biannual health checkups, brush teeth weekly, and ensure fresh hydration throughout the day."
Dog,Labrador Retriever,14.4,41.1,Overweight,Low,Weight Management (Low Calorie & High Satiety Fiber),Hill's Science Diet Perfect Weight Formula,Gentle In-Home Senior Care & Medication Supervision,Engage in structured 30-minute low-impact daily walks. Weigh meal portions accurately and avoid high-calorie table scraps.
Dog,Poodle,1.2,19.2,Post-Surgery Recovery,High,Active Performance & Muscle Fuel (30/20 High Energy),Orijen Amazing Grains High-Protein Energy Feast,High-Energy Active Adventure & Agility Exercise,Needs at least 60-90 minutes of vigorous daily exercise and puzzle toys to prevent boredom and anxiety.
Cat,Domestic Shorthair,15.9,9.1,Healthy,Low,Senior Mobility & Joint Care (Glucosamine & Omega-3),Purina Pro Plan Veterinary Diets JM Joint Mobility,Gentle In-Home Senior Care & Medication Supervision,"Maintain regular biannual health checkups, brush teeth weekly, and ensure fresh hydration throughout the day."
Cat,Maine Coon,12.7,11.1,Healthy,Low,Senior Mobility & Joint Care (Glucosamine & Omega-3),Purina Pro Plan Veterinary Diets JM Joint Mobility,Gentle In-Home Senior Care & Medication Supervision,"Maintain regular biannual health checkups, brush teeth weekly, and ensure fresh hydration throughout the day."
Cat,Maine Coon,10.4,8.3,Healthy,Low,Senior Mobility & Joint Care (Glucosamine & Omega-3),Purina Pro Plan Veterinary Diets JM Joint Mobility,Gentle In-Home Senior Care & Medication Supervision,"Maintain regular biannual health checkups, brush teeth weekly, and ensure fresh hydration throughout the day."
Cat,Bengal Cat,12.7,5.9,Healthy,Low,Senior Mobility & Joint Care (Glucosamine & Omega-3),Purina Pro Plan Veterinary Diets JM Joint Mobility,Gentle In-Home Senior Care & Medication Supervision,"Maintain regular biannual health checkups, brush teeth weekly, and ensure fresh hydration throughout the day."
Dog,Labrador Retriever,2.3,27.3,Overweight,Low,Weight Management (Low Calorie & High Satiety Fiber),Hill's Science Diet Perfect Weight Formula,Standard Boarding & Daily Enrichment Walking,Engage in structured 30-minute low-impact daily walks. Weigh meal portions accurately and avoid high-calorie table scraps.
Dog,Golden Retriever,6.4,39.4,Healthy,Moderate,Daily Complete Balanced Adult Maintenance,Blue Buffalo Life Protection Natural Adult Blend,Standard Boarding & Daily Enrichment Walking,"Maintain regular biannual health checkups, brush teeth weekly, and ensure fresh hydration throughout the day."
Dog,German Shepherd,2.9,29.9,Underweight,Very High,Active Performance & Muscle Fuel (30/20 High Energy),Orijen Amazing Grains High-Protein Energy Feast,High-Energy Active Adventure & Agility Exercise,Needs at least 60-90 minutes of vigorous daily exercise and puzzle toys to prevent boredom and anxiety.
Dog,German Shepherd,13.5,24.0,Sensitive Stomach / Allergies,Low,Senior Mobility & Joint Care (Glucosamine & Omega-3),Purina Pro Plan Veterinary Diets JM Joint Mobility,Gentle In-Home Senior Care & Medication Supervision,"Maintain regular biannual health checkups, brush teeth weekly, and ensure fresh hydration throughout the day."
Cat,Siamese Cat,11.4,6.9,Healthy,Low,Senior Mobility & Joint Care (Glucosamine & Omega-3),Purina Pro Plan Veterinary Diets JM Joint Mobility,Gentle In-Home Senior Care & Medication Supervision,"Maintain regular biannual health checkups, brush teeth weekly, and ensure fresh hydration throughout the day."
Dog,Labrador Retriever,4.3,25.2,Healthy,Moderate,Daily Complete Balanced Adult Maintenance,Blue Buffalo Life Protection Natural Adult Blend,Standard Boarding & Daily Enrichment Walking,"Maintain regular biannual health checkups, brush teeth weekly, and ensure fresh hydration throughout the day."
Dog,Dachshund,1.3,8.8,Joint Issues / Arthritis,Moderate,Senior Mobility & Joint Care (Glucosamine & Omega-3),Purina Pro Plan Veterinary Diets JM Joint Mobility,Gentle In-Home Senior Care & Medication Supervision,"Provide orthopedic bedding, avoid stairs or sudden jumping, and supplement with EPA/DHA fatty acids for joint lubrication."
Cat,Siamese Cat,5.3,6.5,Healthy,Moderate,Daily Complete Balanced Adult Maintenance,Blue Buffalo Life Protection Natural Adult Blend,Standard Boarding & Daily Enrichment Walking,"Maintain regular biannual health checkups, brush teeth weekly, and ensure fresh hydration throughout the day."
Cat,Persian Cat,5.5,3.6,Overweight,Moderate,Weight Management (Low Calorie & High Satiety Fiber),Hill's Science Diet Perfect Weight Formula,Standard Boarding & Daily Enrichment Walking,Engage in structured 30-minute low-impact daily walks. Weigh meal portions accurately and avoid high-calorie table scraps.
Cat,Siamese Cat,16.0,4.0,Joint Issues / Arthritis,Low,Senior Mobility & Joint Care (Glucosamine & Omega-3),Purina Pro Plan Veterinary Diets JM Joint Mobility,Gentle In-Home Senior Care & Medication Supervision,"Provide orthopedic bedding, avoid stairs or sudden jumping, and supplement with EPA/DHA fatty acids for joint lubrication."
Dog,German Shepherd,1.0,29.1,Healthy,High,Active Performance & Muscle Fuel (30/20 High Energy),Orijen Amazing Grains High-Protein Energy Feast,High-Energy Active Adventure & Agility Exercise,Needs at least 60-90 minutes of vigorous daily exercise and puzzle toys to prevent boredom and anxiety.
Dog,Beagle,7.7,12.9,Joint Issues / Arthritis,Moderate,Senior Mobility & Joint Care (Glucosamine & Omega-3),Purina Pro Plan Veterinary Diets JM Joint Mobility,Gentle In-Home Senior Care & Medication Supervision,"Provide orthopedic bedding, avoid stairs or sudden jumping, and supplement with EPA/DHA fatty acids for joint lubrication."
Dog,Boxer,14.0,36.4,Healthy,Low,Senior Mobility & Joint Care (Glucosamine & Omega-3),Purina Pro Plan Veterinary Diets JM Joint Mobility,Gentle In-Home Senior Care & Medication Supervision,"Maintain regular biannual health checkups, brush teeth weekly, and ensure fresh hydration throughout the day."
Dog,French Bulldog,11.6,16.7,Healthy,Low,Senior Mobility & Joint Care (Glucosamine & Omega-3),Purina Pro Plan Veterinary Diets JM Joint Mobility,Gentle In-Home Senior Care & Medication Supervision,"Maintain regular biannual health checkups, brush teeth weekly, and ensure fresh hydration throughout the day."
Cat,British Shorthair,7.9,6.8,Healthy,Low,Daily Complete Balanced Adult Maintenance,Blue Buffalo Life Protection Natural Adult Blend,Standard Boarding & Daily Enrichment Walking,"Maintain regular biannual health checkups, brush teeth weekly, and ensure fresh hydration throughout the day."
Dog,Beagle,11.3,10.7,Healthy,Low,Senior Mobility & Joint Care (Glucosamine & Omega-3),Purina Pro Plan Veterinary Diets JM Joint Mobility,Gentle In-Home Senior Care & Medication Supervision,"Maintain regular biannual health checkups, brush teeth weekly, and ensure fresh hydration throughout the day."
Cat,Persian Cat,6.9,8.1,Sensitive Stomach / Allergies,Low,Hypoallergenic Single-Source Protein & Grain-Free,Farmina N&D Ocean Grain-Free Hypoallergenic Formula,Specialized Medical Monitoring & Controlled Diet Feeding,"Maintain regular biannual health checkups, brush teeth weekly, and ensure fresh hydration throughout the day."
Cat,Domestic Shorthair,6.3,3.6,Healthy,Moderate,Daily Complete Balanced Adult Maintenance,Blue Buffalo Life Protection Natural Adult Blend,Standard Boarding & Daily Enrichment Walking,"Maintain regular biannual health checkups, brush teeth weekly, and ensure fresh hydration throughout the day."
Dog,Beagle,7.4,15.5,Sensitive Stomach / Allergies,High,Hypoallergenic Single-Source Protein & Grain-Free,Farmina N&D Ocean Grain-Free Hypoallergenic Formula,High-Energy Active Adventure & Agility Exercise,Needs at least 60-90 minutes of vigorous daily exercise and puzzle toys to prevent boredom and anxiety.
Dog,Poodle,10.4,24.4,Healthy,Low,Senior Mobility & Joint Care (Glucosamine & Omega-3),Purina Pro Plan Veterinary Diets JM Joint Mobility,Gentle In-Home Senior Care & Medication Supervision,"Maintain regular biannual health checkups, brush teeth weekly, and ensure fresh hydration throughout the day."
Dog,Dachshund,3.9,4.8,Healthy,Low,Daily Complete Balanced Adult Maintenance,Blue Buffalo Life Protection Natural Adult Blend,Standard Boarding & Daily Enrichment Walking,"Maintain regular biannual health checkups, brush teeth weekly, and ensure fresh hydration throughout the day."
Dog,French Bulldog,10.3,13.4,Sensitive Stomach / Allergies,Low,Senior Mobility & Joint Care (Glucosamine & Omega-3),Purina Pro Plan Veterinary Diets JM Joint Mobility,Gentle In-Home Senior Care & Medication Supervision,"Maintain regular biannual health checkups, brush teeth weekly, and ensure fresh hydration throughout the day."
Cat,Persian Cat,17.8,3.5,Underweight,Low,Senior Mobility & Joint Care (Glucosamine & Omega-3),Purina Pro Plan Veterinary Diets JM Joint Mobility,Gentle In-Home Senior Care & Medication Supervision,"Maintain regular biannual health checkups, brush teeth weekly, and ensure fresh hydration throughout the day."
Dog,Boxer,12.9,40.3,Healthy,Low,Senior Mobility & Joint Care (Glucosamine & Omega-3),Purina Pro Plan Veterinary Diets JM Joint Mobility,Gentle In-Home Senior Care & Medication Supervision,"Maintain regular biannual health checkups, brush teeth weekly, and ensure fresh hydration throughout the day."
Cat,Siamese Cat,10.0,5.3,Overweight,Low,Weight Management (Low Calorie & High Satiety Fiber),Hill's Science Diet Perfect Weight Formula,Standard Boarding & Daily Enrichment Walking,Engage in structured 30-minute low-impact daily walks. Weigh meal portions accurately and avoid high-calorie table scraps.
Dog,French Bulldog,14.7,18.2,Healthy,Low,Senior Mobility & Joint Care (Glucosamine & Omega-3),Purina Pro Plan Veterinary Diets JM Joint Mobility,Gentle In-Home Senior Care & Medication Supervision,"Maintain regular biannual health checkups, brush teeth weekly, and ensure fresh hydration throughout the day."
Cat,British Shorthair,6.7,7.7,Healthy,Moderate,Daily Complete Balanced Adult Maintenance,Blue Buffalo Life Protection Natural Adult Blend,Standard Boarding & Daily Enrichment Walking,"Maintain regular biannual health checkups, brush teeth weekly, and ensure fresh hydration throughout the day."
Cat,Domestic Shorthair,6.5,5.2,Joint Issues / Arthritis,Low,Senior Mobility & Joint Care (Glucosamine & Omega-3),Purina Pro Plan Veterinary Diets JM Joint Mobility,Gentle In-Home Senior Care & Medication Supervision,"Provide orthopedic bedding, avoid stairs or sudden jumping, and supplement with EPA/DHA fatty acids for joint lubrication."
Cat,Siamese Cat,14.0,3.1,Healthy,Low,Senior Mobility & Joint Care (Glucosamine & Omega-3),Purina Pro Plan Veterinary Diets JM Joint Mobility,Gentle In-Home Senior Care & Medication Supervision,"Maintain regular biannual health checkups, brush teeth weekly, and ensure fresh hydration throughout the day."
Cat,Domestic Shorthair,4.8,3.7,Healthy,Moderate,Daily Complete Balanced Adult Maintenance,Blue Buffalo Life Protection Natural Adult Blend,Standard Boarding & Daily Enrichment Walking,"Maintain regular biannual health checkups, brush teeth weekly, and ensure fresh hydration throughout the day."
Dog,Rottweiler,2.3,40.9,Healthy,High,Active Performance & Muscle Fuel (30/20 High Energy),Orijen Amazing Grains High-Protein Energy Feast,High-Energy Active Adventure & Agility Exercise,Needs at least 60-90 minutes of vigorous daily exercise and puzzle toys to prevent boredom and anxiety.
Dog,Beagle,6.5,13.5,Sensitive Stomach / Allergies,Moderate,Hypoallergenic Single-Source Protein & Grain-Free,Farmina N&D Ocean Grain-Free Hypoallergenic Formula,Specialized Medical Monitoring & Controlled Diet Feeding,"Maintain regular biannual health checkups, brush teeth weekly, and ensure fresh hydration throughout the day."
Dog,Labrador Retriever,4.4,25.6,Joint Issues / Arthritis,Moderate,Senior Mobility & Joint Care (Glucosamine & Omega-3),Purina Pro Plan Veterinary Diets JM Joint Mobility,Gentle In-Home Senior Care & Medication Supervision,"Provide orthopedic bedding, avoid stairs or sudden jumping, and supplement with EPA/DHA fatty acids for joint lubrication."
Dog,Rottweiler,6.7,40.1,Healthy,Moderate,Daily Complete Balanced Adult Maintenance,Blue Buffalo Life Protection Natural Adult Blend,Standard Boarding & Daily Enrichment Walking,"Maintain regular biannual health checkups, brush teeth weekly, and ensure fresh hydration throughout the day."
Dog,Rottweiler,1.8,33.6,Healthy,Very High,Active Performance & Muscle Fuel (30/20 High Energy),Orijen Amazing Grains High-Protein Energy Feast,High-Energy Active Adventure & Agility Exercise,Needs at least 60-90 minutes of vigorous daily exercise and puzzle toys to prevent boredom and anxiety.
Cat,Maine Coon,1.5,11.8,Healthy,High,Active Performance & Muscle Fuel (30/20 High Energy),Orijen Amazing Grains High-Protein Energy Feast,High-Energy Active Adventure & Agility Exercise,Needs at least 60-90 minutes of vigorous daily exercise and puzzle toys to prevent boredom and anxiety.
Dog,Golden Retriever,1.4,38.4,Healthy,Very High,Active Performance & Muscle Fuel (30/20 High Energy),Orijen Amazing Grains High-Protein Energy Feast,High-Energy Active Adventure & Agility Exercise,Needs at least 60-90 minutes of vigorous daily exercise and puzzle toys to prevent boredom and anxiety.
Cat,Domestic Shorthair,4.4,2.1,Healthy,Moderate,Daily Complete Balanced Adult Maintenance,Blue Buffalo Life Protection Natural Adult Blend,Standard Boarding & Daily Enrichment Walking,"Maintain regular biannual health checkups, brush teeth weekly, and ensure fresh hydration throughout the day."
Cat,British Shorthair,13.4,7.5,Sensitive Stomach / Allergies,Moderate,Senior Mobility & Joint Care (Glucosamine & Omega-3),Purina Pro Plan Veterinary Diets JM Joint Mobility,Gentle In-Home Senior Care & Medication Supervision,"Maintain regular biannual health checkups, brush teeth weekly, and ensure fresh hydration throughout the day."
Cat,Domestic Shorthair,14.1,7.6,Overweight,Moderate,Weight Management (Low Calorie & High Satiety Fiber),Hill's Science Diet Perfect Weight Formula,Gentle In-Home Senior Care & Medication Supervision,Engage in structured 30-minute low-impact daily walks. Weigh meal portions accurately and avoid high-calorie table scraps.
Cat,Domestic Shorthair,14.2,6.1,Sensitive Stomach / Allergies,Low,Senior Mobility & Joint Care (Glucosamine & Omega-3),Purina Pro Plan Veterinary Diets JM Joint Mobility,Gentle In-Home Senior Care & Medication Supervision,"Maintain regular biannual health checkups, brush teeth weekly, and ensure fresh hydration throughout the day."
Dog,Rottweiler,0.4,8.4,Healthy,Very High,Growth & Development (High Protein & DHA),Royal Canin Puppy / Kitten Starter Nutrition,Puppy / Kitten Care & Socialization Routine,Feed 3-4 small portioned meals daily. Complete vaccination schedule and prioritize positive-reinforcement socialization for Rottweiler.
Dog,Boxer,1.3,44.6,Healthy,Very High,Active Performance & Muscle Fuel (30/20 High Energy),Orijen Amazing Grains High-Protein Energy Feast,High-Energy Active Adventure & Agility Exercise,Needs at least 60-90 minutes of vigorous daily exercise and puzzle toys to prevent boredom and anxiety.
Dog,Poodle,8.5,11.3,Healthy,High,Senior Mobility & Joint Care (Glucosamine & Omega-3),Purina Pro Plan Veterinary Diets JM Joint Mobility,High-Energy Active Adventure & Agility Exercise,Needs at least 60-90 minutes of vigorous daily exercise and puzzle toys to prevent boredom and anxiety.
Cat,British Shorthair,13.4,7.1,Healthy,Moderate,Senior Mobility & Joint Care (Glucosamine & Omega-3),Purina Pro Plan Veterinary Diets JM Joint Mobility,Gentle In-Home Senior Care & Medication Supervision,"Maintain regular biannual health checkups, brush teeth weekly, and ensure fresh hydration throughout the day."
Cat,Domestic Shorthair,6.0,5.5,Healthy,Moderate,Daily Complete Balanced Adult Maintenance,Blue Buffalo Life Protection Natural Adult Blend,Standard Boarding & Daily Enrichment Walking,"Maintain regular biannual health checkups, brush teeth weekly, and ensure fresh hydration throughout the day."
Dog,Golden Retriever,13.7,27.9,Overweight,Low,Weight Management (Low Calorie & High Satiety Fiber),Hill's Science Diet Perfect Weight Formula,Gentle In-Home Senior Care & Medication Supervision,Engage in structured 30-minute low-impact daily walks. Weigh meal portions accurately and avoid high-calorie table scraps.
Cat,Maine Coon,13.4,6.4,Overweight,Low,Weight Management (Low Calorie & High Satiety Fiber),Hill's Science Diet Perfect Weight Formula,Gentle In-Home Senior Care & Medication Supervision,Engage in structured 30-minute low-impact daily walks. Weigh meal portions accurately and avoid high-calorie table scraps.
Dog,Beagle,14.0,17.5,Sensitive Stomach / Allergies,Low,Senior Mobility & Joint Care (Glucosamine & Omega-3),Purina Pro Plan Veterinary Diets JM Joint Mobility,Gentle In-Home Senior Care & Medication Supervision,"Maintain regular biannual health checkups, brush teeth weekly, and ensure fresh hydration throughout the day."
Dog,Golden Retriever,5.8,30.6,Healthy,High,Active Performance & Muscle Fuel (30/20 High Energy),Orijen Amazing Grains High-Protein Energy Feast,High-Energy Active Adventure & Agility Exercise,Needs at least 60-90 minutes of vigorous daily exercise and puzzle toys to prevent boredom and anxiety.
Dog,Labrador Retriever,7.7,39.6,Underweight,Low,Daily Complete Balanced Adult Maintenance,Blue Buffalo Life Protection Natural Adult Blend,Standard Boarding & Daily Enrichment Walking,"Maintain regular biannual health checkups, brush teeth weekly, and ensure fresh hydration throughout the day."
Dog,Poodle,12.0,8.9,Dental Issues,Low,Senior Mobility & Joint Care (Glucosamine & Omega-3),Purina Pro Plan Veterinary Diets JM Joint Mobility,Gentle In-Home Senior Care & Medication Supervision,"Maintain regular biannual health checkups, brush teeth weekly, and ensure fresh hydration throughout the day."
Dog,Dachshund,11.1,11.3,Healthy,Moderate,Senior Mobility & Joint Care (Glucosamine & Omega-3),Purina Pro Plan Veterinary Diets JM Joint Mobility,Gentle In-Home Senior Care & Medication Supervision,"Maintain regular biannual health checkups, brush teeth weekly, and ensure fresh hydration throughout the day."
Dog,Dachshund,1.9,10.8,Sensitive Stomach / Allergies,High,Hypoallergenic Single-Source Protein & Grain-Free,Farmina N&D Ocean Grain-Free Hypoallergenic Formula,High-Energy Active Adventure & Agility Exercise,Needs at least 60-90 minutes of vigorous daily exercise and puzzle toys to prevent boredom and anxiety.
Dog,Siberian Husky,9.6,31.7,Joint Issues / Arthritis,Moderate,Senior Mobility & Joint Care (Glucosamine & Omega-3),Purina Pro Plan Veterinary Diets JM Joint Mobility,Gentle In-Home Senior Care & Medication Supervision,"Provide orthopedic bedding, avoid stairs or sudden jumping, and supplement with EPA/DHA fatty acids for joint lubrication."
Cat,Maine Coon,1.5,6.7,Underweight,High,Active Performance & Muscle Fuel (30/20 High Energy),Orijen Amazing Grains High-Protein Energy Feast,High-Energy Active Adventure & Agility Exercise,Needs at least 60-90 minutes of vigorous daily exercise and puzzle toys to prevent boredom and anxiety.
Dog,Golden Retriever,10.4,32.2,Healthy,Moderate,Senior Mobility & Joint Care (Glucosamine & Omega-3),Purina Pro Plan Veterinary Diets JM Joint Mobility,Gentle In-Home Senior Care & Medication Supervision,"Maintain regular biannual health checkups, brush teeth weekly, and ensure fresh hydration throughout the day."
Cat,Maine Coon,11.7,10.0,Healthy,Moderate,Senior Mobility & Joint Care (Glucosamine & Omega-3),Purina Pro Plan Veterinary Diets JM Joint Mobility,Gentle In-Home Senior Care & Medication Supervision,"Maintain regular biannual health checkups, brush teeth weekly, and ensure fresh hydration throughout the day."
Dog,Golden Retriever,7.2,30.2,Healthy,Low,Daily Complete Balanced Adult Maintenance,Blue Buffalo Life Protection Natural Adult Blend,Standard Boarding & Daily Enrichment Walking,"Maintain regular biannual health checkups, brush teeth weekly, and ensure fresh hydration throughout the day."
Dog,Dachshund,4.9,5.9,Healthy,Moderate,Daily Complete Balanced Adult Maintenance,Blue Buffalo Life Protection Natural Adult Blend,Standard Boarding & Daily Enrichment Walking,"Maintain regular biannual health checkups, brush teeth weekly, and ensure fresh hydration throughout the day."
Dog,Boxer,3.3,32.0,Sensitive Stomach / Allergies,High,Hypoallergenic Single-Source Protein & Grain-Free,Farmina N&D Ocean Grain-Free Hypoallergenic Formula,High-Energy Active Adventure & Agility Exercise,Needs at least 60-90 minutes of vigorous daily exercise and puzzle toys to prevent boredom and anxiety.
Dog,Boxer,4.8,39.3,Dental Issues,High,Active Performance & Muscle Fuel (30/20 High Energy),Orijen Amazing Grains High-Protein Energy Feast,High-Energy Active Adventure & Agility Exercise,Needs at least 60-90 minutes of vigorous daily exercise and puzzle toys to prevent boredom and anxiety.
Cat,British Shorthair,8.2,2.4,Sensitive Stomach / Allergies,High,Senior Mobility & Joint Care (Glucosamine & Omega-3),Purina Pro Plan Veterinary Diets JM Joint Mobility,High-Energy Active Adventure & Agility Exercise,Needs at least 60-90 minutes of vigorous daily exercise and puzzle toys to prevent boredom and anxiety.
Dog,Golden Retriever,3.3,38.4,Healthy,Moderate,Daily Complete Balanced Adult Maintenance,Blue Buffalo Life Protection Natural Adult Blend,Standard Boarding & Daily Enrichment Walking,"Maintain regular biannual health checkups, brush teeth weekly, and ensure fresh hydration throughout the day."
Dog,Rottweiler,4.9,31.1,Sensitive Stomach / Allergies,Low,Hypoallergenic Single-Source Protein & Grain-Free,Farmina N&D Ocean Grain-Free Hypoallergenic Formula,Specialized Medical Monitoring & Controlled Diet Feeding,"Maintain regular biannual health checkups, brush teeth weekly, and ensure fresh hydration throughout the day."
Dog,Dachshund,5.3,11.0,Overweight,Low,Weight Management (Low Calorie & High Satiety Fiber),Hill's Science Diet Perfect Weight Formula,Standard Boarding & Daily Enrichment Walking,Engage in structured 30-minute low-impact daily walks. Weigh meal portions accurately and avoid high-calorie table scraps.
Cat,Persian Cat,5.6,4.1,Joint Issues / Arthritis,Moderate,Senior Mobility & Joint Care (Glucosamine & Omega-3),Purina Pro Plan Veterinary Diets JM Joint Mobility,Gentle In-Home Senior Care & Medication Supervision,"Provide orthopedic bedding, avoid stairs or sudden jumping, and supplement with EPA/DHA fatty acids for joint lubrication."
Cat,Bengal Cat,14.3,4.8,Overweight,Low,Weight Management (Low Calorie & High Satiety Fiber),Hill's Science Diet Perfect Weight Formula,Gentle In-Home Senior Care & Medication Supervision,Engage in structured 30-minute low-impact daily walks. Weigh meal portions accurately and avoid high-calorie table scraps.
Cat,Persian Cat,1.2,5.8,Overweight,Moderate,Weight Management (Low Calorie & High Satiety Fiber),Hill's Science Diet Perfect Weight Formula,Standard Boarding & Daily Enrichment Walking,Engage in structured 30-minute low-impact daily walks. Weigh meal portions accurately and avoid high-calorie table scraps.
Dog,Beagle,3.0,15.0,Healthy,Moderate,Daily Complete Balanced Adult Maintenance,Blue Buffalo Life Protection Natural Adult Blend,Standard Boarding & Daily Enrichment Walking,"Maintain regular biannual health checkups, brush teeth weekly, and ensure fresh hydration throughout the day."
Cat,British Shorthair,7.0,4.0,Healthy,Moderate,Daily Complete Balanced Adult Maintenance,Blue Buffalo Life Protection Natural Adult Blend,Standard Boarding & Daily Enrichment Walking,"Maintain regular biannual health checkups, brush teeth weekly, and ensure fresh hydration throughout the day."
Cat,Persian Cat,16.2,6.4,Healthy,Low,Senior Mobility & Joint Care (Glucosamine & Omega-3),Purina Pro Plan Veterinary Diets JM Joint Mobility,Gentle In-Home Senior Care & Medication Supervision,"Maintain regular biannual health checkups, brush teeth weekly, and ensure fresh hydration throughout the day."
Dog,Beagle,1.1,8.9,Healthy,High,Active Performance & Muscle Fuel (30/20 High Energy),Orijen Amazing Grains High-Protein Energy Feast,High-Energy Active Adventure & Agility Exercise,Needs at least 60-90 minutes of vigorous daily exercise and puzzle toys to prevent boredom and anxiety.
Dog,Golden Retriever,2.6,37.6,Joint Issues / Arthritis,Moderate,Senior Mobility & Joint Care (Glucosamine & Omega-3),Purina Pro Plan Veterinary Diets JM Joint Mobility,Gentle In-Home Senior Care & Medication Supervision,"Provide orthopedic bedding, avoid stairs or sudden jumping, and supplement with EPA/DHA fatty acids for joint lubrication."
Cat,Maine Coon,6.3,7.1,Sensitive Stomach / Allergies,Low,Hypoallergenic Single-Source Protein & Grain-Free,Farmina N&D Ocean Grain-Free Hypoallergenic Formula,Specialized Medical Monitoring & Controlled Diet Feeding,"Maintain regular biannual health checkups, brush teeth weekly, and ensure fresh hydration throughout the day."
Dog,Poodle,9.1,13.5,Sensitive Stomach / Allergies,Moderate,Senior Mobility & Joint Care (Glucosamine & Omega-3),Purina Pro Plan Veterinary Diets JM Joint Mobility,Specialized Medical Monitoring & Controlled Diet Feeding,"Maintain regular biannual health checkups, brush teeth weekly, and ensure fresh hydration throughout the day."
Cat,Maine Coon,1.8,8.7,Healthy,Very High,Active Performance & Muscle Fuel (30/20 High Energy),Orijen Amazing Grains High-Protein Energy Feast,High-Energy Active Adventure & Agility Exercise,Needs at least 60-90 minutes of vigorous daily exercise and puzzle toys to prevent boredom and anxiety.
Cat,British Shorthair,9.8,4.2,Healthy,Low,Senior Mobility & Joint Care (Glucosamine & Omega-3),Purina Pro Plan Veterinary Diets JM Joint Mobility,Standard Boarding & Daily Enrichment Walking,"Maintain regular biannual health checkups, brush teeth weekly, and ensure fresh hydration throughout the day."
Dog,Poodle,12.9,18.2,Dental Issues,Moderate,Senior Mobility & Joint Care (Glucosamine & Omega-3),Purina Pro Plan Veterinary Diets JM Joint Mobility,Gentle In-Home Senior Care & Medication Supervision,"Maintain regular biannual health checkups, brush teeth weekly, and ensure fresh hydration throughout the day."
Cat,Bengal Cat,1.9,7.0,Healthy,Very High,Active Performance & Muscle Fuel (30/20 High Energy),Orijen Amazing Grains High-Protein Energy Feast,High-Energy Active Adventure & Agility Exercise,Needs at least 60-90 minutes of vigorous daily exercise and puzzle toys to prevent boredom and anxiety.
Cat,Persian Cat,10.3,3.9,Healthy,Low,Senior Mobility & Joint Care (Glucosamine & Omega-3),Purina Pro Plan Veterinary Diets JM Joint Mobility,Gentle In-Home Senior Care & Medication Supervision,"Maintain regular biannual health checkups, brush teeth weekly, and ensure fresh hydration throughout the day."
Cat,British Shorthair,2.5,5.0,Healthy,Moderate,Daily Complete Balanced Adult Maintenance,Blue Buffalo Life Protection Natural Adult Blend,Standard Boarding & Daily Enrichment Walking,"Maintain regular biannual health checkups, brush teeth weekly, and ensure fresh hydration throughout the day."
Dog,Rottweiler,9.2,32.4,Healthy,Moderate,Senior Mobility & Joint Care (Glucosamine & Omega-3),Purina Pro Plan Veterinary Diets JM Joint Mobility,Standard Boarding & Daily Enrichment Walking,"Maintain regular biannual health checkups, brush teeth weekly, and ensure fresh hydration throughout the day."
Dog,Beagle,4.1,14.3,Overweight,Moderate,Weight Management (Low Calorie & High Satiety Fiber),Hill's Science Diet Perfect Weight Formula,Standard Boarding & Daily Enrichment Walking,Engage in structured 30-minute low-impact daily walks. Weigh meal portions accurately and avoid high-calorie table scraps.
Cat,Domestic Shorthair,10.2,6.9,Senior Cognitive Decline,Low,Senior Mobility & Joint Care (Glucosamine & Omega-3),Purina Pro Plan Veterinary Diets JM Joint Mobility,Gentle In-Home Senior Care & Medication Supervision,"Maintain regular biannual health checkups, brush teeth weekly, and ensure fresh hydration throughout the day."
Dog,Poodle,12.6,21.1,Sensitive Stomach / Allergies,Low,Senior Mobility & Joint Care (Glucosamine & Omega-3),Purina Pro Plan Veterinary Diets JM Joint Mobility,Gentle In-Home Senior Care & Medication Supervision,"Maintain regular biannual health checkups, brush teeth weekly, and ensure fresh hydration throughout the day."
Dog,German Shepherd,11.2,30.1,Dental Issues,Low,Senior Mobility & Joint Care (Glucosamine & Omega-3),Purina Pro Plan Veterinary Diets JM Joint Mobility,Gentle In-Home Senior Care & Medication Supervision,"Maintain regular biannual health checkups, brush teeth weekly, and ensure fresh hydration throughout the day."
Dog,Siberian Husky,7.4,29.0,Healthy,Very High,Active Performance & Muscle Fuel (30/20 High Energy),Orijen Amazing Grains High-Protein Energy Feast,High-Energy Active Adventure & Agility Exercise,Needs at least 60-90 minutes of vigorous daily exercise and puzzle toys to prevent boredom and anxiety.
Dog,Dachshund,7.7,7.8,Overweight,Low,Weight Management (Low Calorie & High Satiety Fiber),Hill's Science Diet Perfect Weight Formula,Standard Boarding & Daily Enrichment Walking,Engage in structured 30-minute low-impact daily walks. Weigh meal portions accurately and avoid high-calorie table scraps.
Dog,Beagle,6.5,13.3,Overweight,Moderate,Weight Management (Low Calorie & High Satiety Fiber),Hill's Science Diet Perfect Weight Formula,Standard Boarding & Daily Enrichment Walking,Engage in structured 30-minute low-impact daily walks. Weigh meal portions accurately and avoid high-calorie table scraps.
Dog,Labrador Retriever,6.1,36.6,Healthy,High,Active Performance & Muscle Fuel (30/20 High Energy),Orijen Amazing Grains High-Protein Energy Feast,High-Energy Active Adventure & Agility Exercise,Needs at least 60-90 minutes of vigorous daily exercise and puzzle toys to prevent boredom and anxiety.
Dog,Boxer,1.9,27.8,Joint Issues / Arthritis,Moderate,Senior Mobility & Joint Care (Glucosamine & Omega-3),Purina Pro Plan Veterinary Diets JM Joint Mobility,Gentle In-Home Senior Care & Medication Supervision,"Provide orthopedic bedding, avoid stairs or sudden jumping, and supplement with EPA/DHA fatty acids for joint lubrication."
Cat,Bengal Cat,9.4,4.6,Sensitive Stomach / Allergies,Very High,Senior Mobility & Joint Care (Glucosamine & Omega-3),Purina Pro Plan Veterinary Diets JM Joint Mobility,High-Energy Active Adventure & Agility Exercise,Needs at least 60-90 minutes of vigorous daily exercise and puzzle toys to prevent boredom and anxiety.
Dog,Dachshund,11.4,5.9,Senior Cognitive Decline,Low,Senior Mobility & Joint Care (Glucosamine & Omega-3),Purina Pro Plan Veterinary Diets JM Joint Mobility,Gentle In-Home Senior Care & Medication Supervision,"Maintain regular biannual health checkups, brush teeth weekly, and ensure fresh hydration throughout the day."
Dog,Rottweiler,8.3,23.6,Healthy,Moderate,Senior Mobility & Joint Care (Glucosamine & Omega-3),Purina Pro Plan Veterinary Diets JM Joint Mobility,Standard Boarding & Daily Enrichment Walking,"Maintain regular biannual health checkups, brush teeth weekly, and ensure fresh hydration throughout the day."
Dog,Dachshund,7.9,3.2,Dental Issues,Moderate,Daily Complete Balanced Adult Maintenance,Blue Buffalo Life Protection Natural Adult Blend,Standard Boarding & Daily Enrichment Walking,"Maintain regular biannual health checkups, brush teeth weekly, and ensure fresh hydration throughout the day."
Dog,Golden Retriever,0.5,10.5,Sensitive Stomach / Allergies,High,Growth & Development (High Protein & DHA),Royal Canin Puppy / Kitten Starter Nutrition,Puppy / Kitten Care & Socialization Routine,Feed 3-4 small portioned meals daily. Complete vaccination schedule and prioritize positive-reinforcement socialization for Golden Retriever.
Dog,Rottweiler,6.3,40.8,Sensitive Stomach / Allergies,Moderate,Hypoallergenic Single-Source Protein & Grain-Free,Farmina N&D Ocean Grain-Free Hypoallergenic Formula,Specialized Medical Monitoring & Controlled Diet Feeding,"Maintain regular biannual health checkups, brush teeth weekly, and ensure fresh hydration throughout the day."
Dog,Golden Retriever,12.7,32.9,Healthy,Low,Senior Mobility & Joint Care (Glucosamine & Omega-3),Purina Pro Plan Veterinary Diets JM Joint Mobility,Gentle In-Home Senior Care & Medication Supervision,"Maintain regular biannual health checkups, brush teeth weekly, and ensure fresh hydration throughout the day."
Dog,Beagle,11.4,11.4,Underweight,Low,Senior Mobility & Joint Care (Glucosamine & Omega-3),Purina Pro Plan Veterinary Diets JM Joint Mobility,Gentle In-Home Senior Care & Medication Supervision,"Maintain regular biannual health checkups, brush teeth weekly, and ensure fresh hydration throughout the day."
Dog,Labrador Retriever,14.8,24.8,Healthy,Moderate,Senior Mobility & Joint Care (Glucosamine & Omega-3),Purina Pro Plan Veterinary Diets JM Joint Mobility,Gentle In-Home Senior Care & Medication Supervision,"Maintain regular biannual health checkups, brush teeth weekly, and ensure fresh hydration throughout the day."
Dog,French Bulldog,5.0,9.0,Healthy,Low,Daily Complete Balanced Adult Maintenance,Blue Buffalo Life Protection Natural Adult Blend,Standard Boarding & Daily Enrichment Walking,"Maintain regular biannual health checkups, brush teeth weekly, and ensure fresh hydration throughout the day."
Dog,French Bulldog,13.7,13.9,Healthy,Moderate,Senior Mobility & Joint Care (Glucosamine & Omega-3),Purina Pro Plan Veterinary Diets JM Joint Mobility,Gentle In-Home Senior Care & Medication Supervision,"Maintain regular biannual health checkups, brush teeth weekly, and ensure fresh hydration throughout the day."
Cat,Siamese Cat,8.9,4.3,Healthy,Moderate,Senior Mobility & Joint Care (Glucosamine & Omega-3),Purina Pro Plan Veterinary Diets JM Joint Mobility,Standard Boarding & Daily Enrichment Walking,"Maintain regular biannual health checkups, brush teeth weekly, and ensure fresh hydration throughout the day."
Dog,Rottweiler,11.6,39.6,Sensitive Stomach / Allergies,Moderate,Senior Mobility & Joint Care (Glucosamine & Omega-3),Purina Pro Plan Veterinary Diets JM Joint Mobility,Gentle In-Home Senior Care & Medication Supervision,"Maintain regular biannual health checkups, brush teeth weekly, and ensure fresh hydration throughout the day."
Dog,German Shepherd,3.9,28.8,Senior Cognitive Decline,Low,Daily Complete Balanced Adult Maintenance,Blue Buffalo Life Protection Natural Adult Blend,Gentle In-Home Senior Care & Medication Supervision,"Maintain regular biannual health checkups, brush teeth weekly, and ensure fresh hydration throughout the day."
Dog,Siberian Husky,5.8,38.2,Sensitive Stomach / Allergies,High,Hypoallergenic Single-Source Protein & Grain-Free,Farmina N&D Ocean Grain-Free Hypoallergenic Formula,High-Energy Active Adventure & Agility Exercise,Needs at least 60-90 minutes of vigorous daily exercise and puzzle toys to prevent boredom and anxiety.
Cat,Persian Cat,6.1,5.6,Underweight,Moderate,Daily Complete Balanced Adult Maintenance,Blue Buffalo Life Protection Natural Adult Blend,Standard Boarding & Daily Enrichment Walking,"Maintain regular biannual health checkups, brush teeth weekly, and ensure fresh hydration throughout the day."
Cat,Siamese Cat,16.7,3.3,Healthy,Low,Senior Mobility & Joint Care (Glucosamine & Omega-3),Purina Pro Plan Veterinary Diets JM Joint Mobility,Gentle In-Home Senior Care & Medication Supervision,"Maintain regular biannual health checkups, brush teeth weekly, and ensure fresh hydration throughout the day."
Dog,Boxer,8.9,38.4,Overweight,Low,Weight Management (Low Calorie & High Satiety Fiber),Hill's Science Diet Perfect Weight Formula,Standard Boarding & Daily Enrichment Walking,Engage in structured 30-minute low-impact daily walks. Weigh meal portions accurately and avoid high-calorie table scraps.
Dog,Labrador Retriever,4.5,33.0,Senior Cognitive Decline,Low,Daily Complete Balanced Adult Maintenance,Blue Buffalo Life Protection Natural Adult Blend,Gentle In-Home Senior Care & Medication Supervision,"Maintain regular biannual health checkups, brush teeth weekly, and ensure fresh hydration throughout the day."
Cat,Maine Coon,9.4,10.1,Healthy,Moderate,Senior Mobility & Joint Care (Glucosamine & Omega-3),Purina Pro Plan Veterinary Diets JM Joint Mobility,Standard Boarding & Daily Enrichment Walking,"Maintain regular biannual health checkups, brush teeth weekly, and ensure fresh hydration throughout the day."
Cat,Maine Coon,8.4,7.8,Dental Issues,High,Senior Mobility & Joint Care (Glucosamine & Omega-3),Purina Pro Plan Veterinary Diets JM Joint Mobility,High-Energy Active Adventure & Agility Exercise,Needs at least 60-90 minutes of vigorous daily exercise and puzzle toys to prevent boredom and anxiety.
Dog,Rottweiler,15.0,29.1,Healthy,Moderate,Senior Mobility & Joint Care (Glucosamine & Omega-3),Purina Pro Plan Veterinary Diets JM Joint Mobility,Gentle In-Home Senior Care & Medication Supervision,"Maintain regular biannual health checkups, brush teeth weekly, and ensure fresh hydration throughout the day."
Cat,Siamese Cat,14.9,3.2,Dental Issues,Low,Senior Mobility & Joint Care (Glucosamine & Omega-3),Purina Pro Plan Veterinary Diets JM Joint Mobility,Gentle In-Home Senior Care & Medication Supervision,"Maintain regular biannual health checkups, brush teeth weekly, and ensure fresh hydration throughout the day."
Dog,Golden Retriever,12.6,36.1,Healthy,Low,Senior Mobility & Joint Care (Glucosamine & Omega-3),Purina Pro Plan Veterinary Diets JM Joint Mobility,Gentle In-Home Senior Care & Medication Supervision,"Maintain regular biannual health checkups, brush teeth weekly, and ensure fresh hydration throughout the day."
Cat,Maine Coon,8.6,5.5,Healthy,Very High,Senior Mobility & Joint Care (Glucosamine & Omega-3),Purina Pro Plan Veterinary Diets JM Joint Mobility,High-Energy Active Adventure & Agility Exercise,Needs at least 60-90 minutes of vigorous daily exercise and puzzle toys to prevent boredom and anxiety.
Dog,Dachshund,7.0,4.9,Overweight,Low,Weight Management (Low Calorie & High Satiety Fiber),Hill's Science Diet Perfect Weight Formula,Standard Boarding & Daily Enrichment Walking,Engage in structured 30-minute low-impact daily walks. Weigh meal portions accurately and avoid high-calorie table scraps.
Dog,German Shepherd,8.0,27.3,Underweight,Very High,Active Performance & Muscle Fuel (30/20 High Energy),Orijen Amazing Grains High-Protein Energy Feast,High-Energy Active Adventure & Agility Exercise,Needs at least 60-90 minutes of vigorous daily exercise and puzzle toys to prevent boredom and anxiety.
Dog,Labrador Retriever,11.7,25.0,Underweight,Low,Senior Mobility & Joint Care (Glucosamine & Omega-3),Purina Pro Plan Veterinary Diets JM Joint Mobility,Gentle In-Home Senior Care & Medication Supervision,"Maintain regular biannual health checkups, brush teeth weekly, and ensure fresh hydration throughout the day."
Dog,Beagle,8.6,10.8,Overweight,Moderate,Weight Management (Low Calorie & High Satiety Fiber),Hill's Science Diet Perfect Weight Formula,Standard Boarding & Daily Enrichment Walking,Engage in structured 30-minute low-impact daily walks. Weigh meal portions accurately and avoid high-calorie table scraps.
Cat,Bengal Cat,7.2,8.6,Healthy,Very High,Active Performance & Muscle Fuel (30/20 High Energy),Orijen Amazing Grains High-Protein Energy Feast,High-Energy Active Adventure & Agility Exercise,Needs at least 60-90 minutes of vigorous daily exercise and puzzle toys to prevent boredom and anxiety.
Cat,Domestic Shorthair,9.3,4.0,Dental Issues,Low,Senior Mobility & Joint Care (Glucosamine & Omega-3),Purina Pro Plan Veterinary Diets JM Joint Mobility,Standard Boarding & Daily Enrichment Walking,"Maintain regular biannual health checkups, brush teeth weekly, and ensure fresh hydration throughout the day."
Dog,Poodle,14.3,22.4,Overweight,Moderate,Weight Management (Low Calorie & High Satiety Fiber),Hill's Science Diet Perfect Weight Formula,Gentle In-Home Senior Care & Medication Supervision,Engage in structured 30-minute low-impact daily walks. Weigh meal portions accurately and avoid high-calorie table scraps.
Dog,Boxer,2.6,31.3,Healthy,High,Active Performance & Muscle Fuel (30/20 High Energy),Orijen Amazing Grains High-Protein Energy Feast,High-Energy Active Adventure & Agility Exercise,Needs at least 60-90 minutes of vigorous daily exercise and puzzle toys to prevent boredom and anxiety.
Dog,French Bulldog,7.2,14.0,Healthy,Moderate,Daily Complete Balanced Adult Maintenance,Blue Buffalo Life Protection Natural Adult Blend,Standard Boarding & Daily Enrichment Walking,"Maintain regular biannual health checkups, brush teeth weekly, and ensure fresh hydration throughout the day."
Cat,British Shorthair,14.6,4.8,Healthy,Moderate,Senior Mobility & Joint Care (Glucosamine & Omega-3),Purina Pro Plan Veterinary Diets JM Joint Mobility,Gentle In-Home Senior Care & Medication Supervision,"Maintain regular biannual health checkups, brush teeth weekly, and ensure fresh hydration throughout the day."
Dog,Labrador Retriever,0.7,16.0,Joint Issues / Arthritis,Moderate,Growth & Development (High Protein & DHA),Royal Canin Puppy / Kitten Starter Nutrition,Puppy / Kitten Care & Socialization Routine,Feed 3-4 small portioned meals daily. Complete vaccination schedule and prioritize positive-reinforcement socialization for Labrador Retriever.
Dog,Golden Retriever,4.5,33.4,Healthy,Low,Daily Complete Balanced Adult Maintenance,Blue Buffalo Life Protection Natural Adult Blend,Standard Boarding & Daily Enrichment Walking,"Maintain regular biannual health checkups, brush teeth weekly, and ensure fresh hydration throughout the day."
Cat,British Shorthair,1.3,4.3,Healthy,High,Active Performance & Muscle Fuel (30/20 High Energy),Orijen Amazing Grains High-Protein Energy Feast,High-Energy Active Adventure & Agility Exercise,Needs at least 60-90 minutes of vigorous daily exercise and puzzle toys to prevent boredom and anxiety.
Dog,Dachshund,14.9,8.3,Sensitive Stomach / Allergies,Low,Senior Mobility & Joint Care (Glucosamine & Omega-3),Purina Pro Plan Veterinary Diets JM Joint Mobility,Gentle In-Home Senior Care & Medication Supervision,"Maintain regular biannual health checkups, brush teeth weekly, and ensure fresh hydration throughout the day."
Dog,Rottweiler,11.8,33.7,Overweight,Low,Weight Management (Low Calorie & High Satiety Fiber),Hill's Science Diet Perfect Weight Formula,Gentle In-Home Senior Care & Medication Supervision,Engage in structured 30-minute low-impact daily walks. Weigh meal portions accurately and avoid high-calorie table scraps.
Cat,Persian Cat,3.6,4.8,Healthy,Low,Daily Complete Balanced Adult Maintenance,Blue Buffalo Life Protection Natural Adult Blend,Standard Boarding & Daily Enrichment Walking,"Maintain regular biannual health checkups, brush teeth weekly, and ensure fresh hydration throughout the day."
Dog,Poodle,6.8,24.3,Sensitive Stomach / Allergies,Low,Hypoallergenic Single-Source Protein & Grain-Free,Farmina N&D Ocean Grain-Free Hypoallergenic Formula,Specialized Medical Monitoring & Controlled Diet Feeding,"Maintain regular biannual health checkups, brush teeth weekly, and ensure fresh hydration throughout the day."
Dog,Boxer,8.9,36.2,Healthy,Very High,Senior Mobility & Joint Care (Glucosamine & Omega-3),Purina Pro Plan Veterinary Diets JM Joint Mobility,High-Energy Active Adventure & Agility Exercise,Needs at least 60-90 minutes of vigorous daily exercise and puzzle toys to prevent boredom and anxiety.
Dog,Rottweiler,3.9,44.1,Healthy,Moderate,Daily Complete Balanced Adult Maintenance,Blue Buffalo Life Protection Natural Adult Blend,Standard Boarding & Daily Enrichment Walking,"Maintain regular biannual health checkups, brush teeth weekly, and ensure fresh hydration throughout the day."
Cat,Bengal Cat,6.0,4.9,Healthy,High,Active Performance & Muscle Fuel (30/20 High Energy),Orijen Amazing Grains High-Protein Energy Feast,High-Energy Active Adventure & Agility Exercise,Needs at least 60-90 minutes of vigorous daily exercise and puzzle toys to prevent boredom and anxiety.
Dog,Poodle,1.9,19.5,Joint Issues / Arthritis,Low,Senior Mobility & Joint Care (Glucosamine & Omega-3),Purina Pro Plan Veterinary Diets JM Joint Mobility,Gentle In-Home Senior Care & Medication Supervision,"Provide orthopedic bedding, avoid stairs or sudden jumping, and supplement with EPA/DHA fatty acids for joint lubrication."
Cat,Bengal Cat,3.7,7.0,Healthy,Very High,Active Performance & Muscle Fuel (30/20 High Energy),Orijen Amazing Grains High-Protein Energy Feast,High-Energy Active Adventure & Agility Exercise,Needs at least 60-90 minutes of vigorous daily exercise and puzzle toys to prevent boredom and anxiety.
Dog,Dachshund,11.9,5.1,Sensitive Stomach / Allergies,Low,Senior Mobility & Joint Care (Glucosamine & Omega-3),Purina Pro Plan Veterinary Diets JM Joint Mobility,Gentle In-Home Senior Care & Medication Supervision,"Maintain regular biannual health checkups, brush teeth weekly, and ensure fresh hydration throughout the day."
Dog,Golden Retriever,1.2,35.6,Healthy,Very High,Active Performance & Muscle Fuel (30/20 High Energy),Orijen Amazing Grains High-Protein Energy Feast,High-Energy Active Adventure & Agility Exercise,Needs at least 60-90 minutes of vigorous daily exercise and puzzle toys to prevent boredom and anxiety.
Dog,Golden Retriever,6.4,30.9,Joint Issues / Arthritis,Low,Senior Mobility & Joint Care (Glucosamine & Omega-3),Purina Pro Plan Veterinary Diets JM Joint Mobility,Gentle In-Home Senior Care & Medication Supervision,"Provide orthopedic bedding, avoid stairs or sudden jumping, and supplement with EPA/DHA fatty acids for joint lubrication."
Dog,Labrador Retriever,9.4,31.5,Healthy,Moderate,Senior Mobility & Joint Care (Glucosamine & Omega-3),Purina Pro Plan Veterinary Diets JM Joint Mobility,Standard Boarding & Daily Enrichment Walking,"Maintain regular biannual health checkups, brush teeth weekly, and ensure fresh hydration throughout the day."
Dog,French Bulldog,10.9,9.6,Healthy,Moderate,Senior Mobility & Joint Care (Glucosamine & Omega-3),Purina Pro Plan Veterinary Diets JM Joint Mobility,Gentle In-Home Senior Care & Medication Supervision,"Maintain regular biannual health checkups, brush teeth weekly, and ensure fresh hydration throughout the day."
Cat,Maine Coon,14.5,5.0,Healthy,Low,Senior Mobility & Joint Care (Glucosamine & Omega-3),Purina Pro Plan Veterinary Diets JM Joint Mobility,Gentle In-Home Senior Care & Medication Supervision,"Maintain regular biannual health checkups, brush teeth weekly, and ensure fresh hydration throughout the day."
Dog,Boxer,1.6,35.0,Underweight,High,Active Performance & Muscle Fuel (30/20 High Energy),Orijen Amazing Grains High-Protein Energy Feast,High-Energy Active Adventure & Agility Exercise,Needs at least 60-90 minutes of vigorous daily exercise and puzzle toys to prevent boredom and anxiety.
Dog,Labrador Retriever,10.6,22.2,Healthy,Low,Senior Mobility & Joint Care (Glucosamine & Omega-3),Purina Pro Plan Veterinary Diets JM Joint Mobility,Gentle In-Home Senior Care & Medication Supervision,"Maintain regular biannual health checkups, brush teeth weekly, and ensure fresh hydration throughout the day."
Cat,Maine Coon,14.7,7.2,Joint Issues / Arthritis,Low,Senior Mobility & Joint Care (Glucosamine & Omega-3),Purina Pro Plan Veterinary Diets JM Joint Mobility,Gentle In-Home Senior Care & Medication Supervision,"Provide orthopedic bedding, avoid stairs or sudden jumping, and supplement with EPA/DHA fatty acids for joint lubrication."
Cat,Persian Cat,2.1,5.6,Overweight,Low,Weight Management (Low Calorie & High Satiety Fiber),Hill's Science Diet Perfect Weight Formula,Standard Boarding & Daily Enrichment Walking,Engage in structured 30-minute low-impact daily walks. Weigh meal portions accurately and avoid high-calorie table scraps.
Dog,German Shepherd,7.3,29.6,Sensitive Stomach / Allergies,Very High,Hypoallergenic Single-Source Protein & Grain-Free,Farmina N&D Ocean Grain-Free Hypoallergenic Formula,High-Energy Active Adventure & Agility Exercise,Needs at least 60-90 minutes of vigorous daily exercise and puzzle toys to prevent boredom and anxiety.
Dog,Golden Retriever,6.8,22.8,Healthy,Very High,Active Performance & Muscle Fuel (30/20 High Energy),Orijen Amazing Grains High-Protein Energy Feast,High-Energy Active Adventure & Agility Exercise,Needs at least 60-90 minutes of vigorous daily exercise and puzzle toys to prevent boredom and anxiety.
Dog,Beagle,5.0,11.1,Healthy,Very High,Active Performance & Muscle Fuel (30/20 High Energy),Orijen Amazing Grains High-Protein Energy Feast,High-Energy Active Adventure & Agility Exercise,Needs at least 60-90 minutes of vigorous daily exercise and puzzle toys to prevent boredom and anxiety.
Cat,British Shorthair,5.7,4.7,Sensitive Stomach / Allergies,Moderate,Hypoallergenic Single-Source Protein & Grain-Free,Farmina N&D Ocean Grain-Free Hypoallergenic Formula,Specialized Medical Monitoring & Controlled Diet Feeding,"Maintain regular biannual health checkups, brush teeth weekly, and ensure fresh hydration throughout the day."
Dog,Labrador Retriever,12.6,34.8,Overweight,Low,Weight Management (Low Calorie & High Satiety Fiber),Hill's Science Diet Perfect Weight Formula,Gentle In-Home Senior Care & Medication Supervision,Engage in structured 30-minute low-impact daily walks. Weigh meal portions accurately and avoid high-calorie table scraps.
Dog,Poodle,1.6,22.1,Healthy,High,Active Performance & Muscle Fuel (30/20 High Energy),Orijen Amazing Grains High-Protein Energy Feast,High-Energy Active Adventure & Agility Exercise,Needs at least 60-90 minutes of vigorous daily exercise and puzzle toys to prevent boredom and anxiety.
Dog,Golden Retriever,3.5,25.0,Overweight,Low,Weight Management (Low Calorie & High Satiety Fiber),Hill's Science Diet Perfect Weight Formula,Standard Boarding & Daily Enrichment Walking,Engage in structured 30-minute low-impact daily walks. Weigh meal portions accurately and avoid high-calorie table scraps.
Cat,Maine Coon,16.4,6.3,Joint Issues / Arthritis,Low,Senior Mobility & Joint Care (Glucosamine & Omega-3),Purina Pro Plan Veterinary Diets JM Joint Mobility,Gentle In-Home Senior Care & Medication Supervision,"Provide orthopedic bedding, avoid stairs or sudden jumping, and supplement with EPA/DHA fatty acids for joint lubrication."
Dog,Dachshund,4.1,4.7,Healthy,Very High,Active Performance & Muscle Fuel (30/20 High Energy),Orijen Amazing Grains High-Protein Energy Feast,High-Energy Active Adventure & Agility Exercise,Needs at least 60-90 minutes of vigorous daily exercise and puzzle toys to prevent boredom and anxiety.
Dog,Dachshund,7.8,10.9,Sensitive Stomach / Allergies,Low,Hypoallergenic Single-Source Protein & Grain-Free,Farmina N&D Ocean Grain-Free Hypoallergenic Formula,Specialized Medical Monitoring & Controlled Diet Feeding,"Maintain regular biannual health checkups, brush teeth weekly, and ensure fresh hydration throughout the day."
Dog,German Shepherd,11.9,35.3,Post-Surgery Recovery,Low,Senior Mobility & Joint Care (Glucosamine & Omega-3),Purina Pro Plan Veterinary Diets JM Joint Mobility,Gentle In-Home Senior Care & Medication Supervision,"Maintain regular biannual health checkups, brush teeth weekly, and ensure fresh hydration throughout the day."
Dog,Siberian Husky,14.6,39.8,Sensitive Stomach / Allergies,Low,Senior Mobility & Joint Care (Glucosamine & Omega-3),Purina Pro Plan Veterinary Diets JM Joint Mobility,Gentle In-Home Senior Care & Medication Supervision,"Maintain regular biannual health checkups, brush teeth weekly, and ensure fresh hydration throughout the day."
Dog,German Shepherd,8.2,28.9,Joint Issues / Arthritis,Low,Senior Mobility & Joint Care (Glucosamine & Omega-3),Purina Pro Plan Veterinary Diets JM Joint Mobility,Gentle In-Home Senior Care & Medication Supervision,"Provide orthopedic bedding, avoid stairs or sudden jumping, and supplement with EPA/DHA fatty acids for joint lubrication."
Dog,Golden Retriever,12.4,36.3,Healthy,Low,Senior Mobility & Joint Care (Glucosamine & Omega-3),Purina Pro Plan Veterinary Diets JM Joint Mobility,Gentle In-Home Senior Care & Medication Supervision,"Maintain regular biannual health checkups, brush teeth weekly, and ensure fresh hydration throughout the day."
Dog,Dachshund,4.3,9.7,Healthy,Very High,Active Performance & Muscle Fuel (30/20 High Energy),Orijen Amazing Grains High-Protein Energy Feast,High-Energy Active Adventure & Agility Exercise,Needs at least 60-90 minutes of vigorous daily exercise and puzzle toys to prevent boredom and anxiety.
Cat,British Shorthair,6.6,6.7,Joint Issues / Arthritis,Low,Senior Mobility & Joint Care (Glucosamine & Omega-3),Purina Pro Plan Veterinary Diets JM Joint Mobility,Gentle In-Home Senior Care & Medication Supervision,"Provide orthopedic bedding, avoid stairs or sudden jumping, and supplement with EPA/DHA fatty acids for joint lubrication."
Dog,Labrador Retriever,0.5,8.7,Joint Issues / Arthritis,Moderate,Growth & Development (High Protein & DHA),Royal Canin Puppy / Kitten Starter Nutrition,Puppy / Kitten Care & Socialization Routine,Feed 3-4 small portioned meals daily. Complete vaccination schedule and prioritize positive-reinforcement socialization for Labrador Retriever.
Cat,Maine Coon,1.7,11.0,Healthy,Very High,Active Performance & Muscle Fuel (30/20 High Energy),Orijen Amazing Grains High-Protein Energy Feast,High-Energy Active Adventure & Agility Exercise,Needs at least 60-90 minutes of vigorous daily exercise and puzzle toys to prevent boredom and anxiety.
Cat,Maine Coon,6.5,9.1,Healthy,Moderate,Daily Complete Balanced Adult Maintenance,Blue Buffalo Life Protection Natural Adult Blend,Standard Boarding & Daily Enrichment Walking,"Maintain regular biannual health checkups, brush teeth weekly, and ensure fresh hydration throughout the day."
Dog,French Bulldog,11.5,11.6,Healthy,Low,Senior Mobility & Joint Care (Glucosamine & Omega-3),Purina Pro Plan Veterinary Diets JM Joint Mobility,Gentle In-Home Senior Care & Medication Supervision,"Maintain regular biannual health checkups, brush teeth weekly, and ensure fresh hydration throughout the day."
Dog,Dachshund,11.4,11.6,Healthy,Low,Senior Mobility & Joint Care (Glucosamine & Omega-3),Purina Pro Plan Veterinary Diets JM Joint Mobility,Gentle In-Home Senior Care & Medication Supervision,"Maintain regular biannual health checkups, brush teeth weekly, and ensure fresh hydration throughout the day."
Cat,Persian Cat,15.2,1.3,Overweight,Moderate,Weight Management (Low Calorie & High Satiety Fiber),Hill's Science Diet Perfect Weight Formula,Gentle In-Home Senior Care & Medication Supervision,Engage in structured 30-minute low-impact daily walks. Weigh meal portions accurately and avoid high-calorie table scraps.
Dog,Rottweiler,4.5,44.7,Healthy,Moderate,Daily Complete Balanced Adult Maintenance,Blue Buffalo Life Protection Natural Adult Blend,Standard Boarding & Daily Enrichment Walking,"Maintain regular biannual health checkups, brush teeth weekly, and ensure fresh hydration throughout the day."
Cat,British Shorthair,12.3,3.5,Healthy,Low,Senior Mobility & Joint Care (Glucosamine & Omega-3),Purina Pro Plan Veterinary Diets JM Joint Mobility,Gentle In-Home Senior Care & Medication Supervision,"Maintain regular biannual health checkups, brush teeth weekly, and ensure fresh hydration throughout the day."
Cat,British Shorthair,11.3,3.8,Healthy,Low,Senior Mobility & Joint Care (Glucosamine & Omega-3),Purina Pro Plan Veterinary Diets JM Joint Mobility,Gentle In-Home Senior Care & Medication Supervision,"Maintain regular biannual health checkups, brush teeth weekly, and ensure fresh hydration throughout the day."
Dog,Dachshund,9.4,11.1,Sensitive Stomach / Allergies,Low,Senior Mobility & Joint Care (Glucosamine & Omega-3),Purina Pro Plan Veterinary Diets JM Joint Mobility,Specialized Medical Monitoring & Controlled Diet Feeding,"Maintain regular biannual health checkups, brush teeth weekly, and ensure fresh hydration throughout the day."
Cat,Bengal Cat,11.6,6.9,Healthy,Low,Senior Mobility & Joint Care (Glucosamine & Omega-3),Purina Pro Plan Veterinary Diets JM Joint Mobility,Gentle In-Home Senior Care & Medication Supervision,"Maintain regular biannual health checkups, brush teeth weekly, and ensure fresh hydration throughout the day."
Dog,Siberian Husky,2.9,27.2,Senior Cognitive Decline,Low,Daily Complete Balanced Adult Maintenance,Blue Buffalo Life Protection Natural Adult Blend,Gentle In-Home Senior Care & Medication Supervision,"Maintain regular biannual health checkups, brush teeth weekly, and ensure fresh hydration throughout the day."
Dog,German Shepherd,14.6,25.5,Joint Issues / Arthritis,Low,Senior Mobility & Joint Care (Glucosamine & Omega-3),Purina Pro Plan Veterinary Diets JM Joint Mobility,Gentle In-Home Senior Care & Medication Supervision,"Provide orthopedic bedding, avoid stairs or sudden jumping, and supplement with EPA/DHA fatty acids for joint lubrication."
Cat,Persian Cat,6.5,6.4,Senior Cognitive Decline,Moderate,Daily Complete Balanced Adult Maintenance,Blue Buffalo Life Protection Natural Adult Blend,Gentle In-Home Senior Care & Medication Supervision,"Maintain regular biannual health checkups, brush teeth weekly, and ensure fresh hydration throughout the day."
Dog,Golden Retriever,14.8,38.4,Sensitive Stomach / Allergies,Low,Senior Mobility & Joint Care (Glucosamine & Omega-3),Purina Pro Plan Veterinary Diets JM Joint Mobility,Gentle In-Home Senior Care & Medication Supervision,"Maintain regular biannual health checkups, brush teeth weekly, and ensure fresh hydration throughout the day."
Dog,Labrador Retriever,13.5,25.4,Senior Cognitive Decline,Low,Senior Mobility & Joint Care (Glucosamine & Omega-3),Purina Pro Plan Veterinary Diets JM Joint Mobility,Gentle In-Home Senior Care & Medication Supervision,"Maintain regular biannual health checkups, brush teeth weekly, and ensure fresh hydration throughout the day."
Cat,Siamese Cat,12.4,4.3,Overweight,Low,Weight Management (Low Calorie & High Satiety Fiber),Hill's Science Diet Perfect Weight Formula,Gentle In-Home Senior Care & Medication Supervision,Engage in structured 30-minute low-impact daily walks. Weigh meal portions accurately and avoid high-calorie table scraps.
Cat,Bengal Cat,2.8,3.5,Sensitive Stomach / Allergies,High,Hypoallergenic Single-Source Protein & Grain-Free,Farmina N&D Ocean Grain-Free Hypoallergenic Formula,High-Energy Active Adventure & Agility Exercise,Needs at least 60-90 minutes of vigorous daily exercise and puzzle toys to prevent boredom and anxiety.
Dog,Beagle,12.6,11.2,Healthy,Low,Senior Mobility & Joint Care (Glucosamine & Omega-3),Purina Pro Plan Veterinary Diets JM Joint Mobility,Gentle In-Home Senior Care & Medication Supervision,"Maintain regular biannual health checkups, brush teeth weekly, and ensure fresh hydration throughout the day."
Dog,Golden Retriever,8.2,37.0,Underweight,Moderate,Senior Mobility & Joint Care (Glucosamine & Omega-3),Purina Pro Plan Veterinary Diets JM Joint Mobility,Standard Boarding & Daily Enrichment Walking,"Maintain regular biannual health checkups, brush teeth weekly, and ensure fresh hydration throughout the day."
Dog,French Bulldog,6.6,11.3,Healthy,Moderate,Daily Complete Balanced Adult Maintenance,Blue Buffalo Life Protection Natural Adult Blend,Standard Boarding & Daily Enrichment Walking,"Maintain regular biannual health checkups, brush teeth weekly, and ensure fresh hydration throughout the day."
Dog,Labrador Retriever,14.8,35.0,Sensitive Stomach / Allergies,Low,Senior Mobility & Joint Care (Glucosamine & Omega-3),Purina Pro Plan Veterinary Diets JM Joint Mobility,Gentle In-Home Senior Care & Medication Supervision,"Maintain regular biannual health checkups, brush teeth weekly, and ensure fresh hydration throughout the day."
Cat,British Shorthair,14.8,5.0,Healthy,Low,Senior Mobility & Joint Care (Glucosamine & Omega-3),Purina Pro Plan Veterinary Diets JM Joint Mobility,Gentle In-Home Senior Care & Medication Supervision,"Maintain regular biannual health checkups, brush teeth weekly, and ensure fresh hydration throughout the day."
Dog,Dachshund,14.1,9.5,Sensitive Stomach / Allergies,Moderate,Senior Mobility & Joint Care (Glucosamine & Omega-3),Purina Pro Plan Veterinary Diets JM Joint Mobility,Gentle In-Home Senior Care & Medication Supervision,"Maintain regular biannual health checkups, brush teeth weekly, and ensure fresh hydration throughout the day."
Dog,Beagle,13.2,8.9,Healthy,Low,Senior Mobility & Joint Care (Glucosamine & Omega-3),Purina Pro Plan Veterinary Diets JM Joint Mobility,Gentle In-Home Senior Care & Medication Supervision,"Maintain regular biannual health checkups, brush teeth weekly, and ensure fresh hydration throughout the day."
Dog,Dachshund,0.7,3.4,Underweight,High,Growth & Development (High Protein & DHA),Royal Canin Puppy / Kitten Starter Nutrition,Puppy / Kitten Care & Socialization Routine,Feed 3-4 small portioned meals daily. Complete vaccination schedule and prioritize positive-reinforcement socialization for Dachshund.
Cat,Maine Coon,11.8,8.5,Healthy,Low,Senior Mobility & Joint Care (Glucosamine & Omega-3),Purina Pro Plan Veterinary Diets JM Joint Mobility,Gentle In-Home Senior Care & Medication Supervision,"Maintain regular biannual health checkups, brush teeth weekly, and ensure fresh hydration throughout the day."
Cat,Bengal Cat,14.8,5.6,Healthy,Low,Senior Mobility & Joint Care (Glucosamine & Omega-3),Purina Pro Plan Veterinary Diets JM Joint Mobility,Gentle In-Home Senior Care & Medication Supervision,"Maintain regular biannual health checkups, brush teeth weekly, and ensure fresh hydration throughout the day."
Cat,British Shorthair,1.8,6.8,Post-Surgery Recovery,High,Active Performance & Muscle Fuel (30/20 High Energy),Orijen Amazing Grains High-Protein Energy Feast,High-Energy Active Adventure & Agility Exercise,Needs at least 60-90 minutes of vigorous daily exercise and puzzle toys to prevent boredom and anxiety.
Dog,Labrador Retriever,4.7,23.4,Sensitive Stomach / Allergies,Moderate,Hypoallergenic Single-Source Protein & Grain-Free,Farmina N&D Ocean Grain-Free Hypoallergenic Formula,Specialized Medical Monitoring & Controlled Diet Feeding,"Maintain regular biannual health checkups, brush teeth weekly, and ensure fresh hydration throughout the day."
Dog,Dachshund,6.2,7.8,Joint Issues / Arthritis,Moderate,Senior Mobility & Joint Care (Glucosamine & Omega-3),Purina Pro Plan Veterinary Diets JM Joint Mobility,Gentle In-Home Senior Care & Medication Supervision,"Provide orthopedic bedding, avoid stairs or sudden jumping, and supplement with EPA/DHA fatty acids for joint lubrication."
Dog,Siberian Husky,4.4,21.7,Healthy,Very High,Active Performance & Muscle Fuel (30/20 High Energy),Orijen Amazing Grains High-Protein Energy Feast,High-Energy Active Adventure & Agility Exercise,Needs at least 60-90 minutes of vigorous daily exercise and puzzle toys to prevent boredom and anxiety.
Cat,Siamese Cat,5.7,3.0,Underweight,Very High,Active Performance & Muscle Fuel (30/20 High Energy),Orijen Amazing Grains High-Protein Energy Feast,High-Energy Active Adventure & Agility Exercise,Needs at least 60-90 minutes of vigorous daily exercise and puzzle toys to prevent boredom and anxiety.
Dog,Golden Retriever,9.7,23.2,Overweight,Moderate,Weight Management (Low Calorie & High Satiety Fiber),Hill's Science Diet Perfect Weight Formula,Standard Boarding & Daily Enrichment Walking,Engage in structured 30-minute low-impact daily walks. Weigh meal portions accurately and avoid high-calorie table scraps.
Dog,Boxer,6.7,38.9,Sensitive Stomach / Allergies,Very High,Hypoallergenic Single-Source Protein & Grain-Free,Farmina N&D Ocean Grain-Free Hypoallergenic Formula,High-Energy Active Adventure & Agility Exercise,Needs at least 60-90 minutes of vigorous daily exercise and puzzle toys to prevent boredom and anxiety.
Dog,Siberian Husky,13.7,26.2,Healthy,Low,Senior Mobility & Joint Care (Glucosamine & Omega-3),Purina Pro Plan Veterinary Diets JM Joint Mobility,Gentle In-Home Senior Care & Medication Supervision,"Maintain regular biannual health checkups, brush teeth weekly, and ensure fresh hydration throughout the day."
Dog,Golden Retriever,5.4,26.6,Sensitive Stomach / Allergies,Very High,Hypoallergenic Single-Source Protein & Grain-Free,Farmina N&D Ocean Grain-Free Hypoallergenic Formula,High-Energy Active Adventure & Agility Exercise,Needs at least 60-90 minutes of vigorous daily exercise and puzzle toys to prevent boredom and anxiety.
Dog,Boxer,13.0,31.9,Healthy,Low,Senior Mobility & Joint Care (Glucosamine & Omega-3),Purina Pro Plan Veterinary Diets JM Joint Mobility,Gentle In-Home Senior Care & Medication Supervision,"Maintain regular biannual health checkups, brush teeth weekly, and ensure fresh hydration throughout the day."
Dog,Dachshund,6.7,6.9,Joint Issues / Arthritis,Moderate,Senior Mobility & Joint Care (Glucosamine & Omega-3),Purina Pro Plan Veterinary Diets JM Joint Mobility,Gentle In-Home Senior Care & Medication Supervision,"Provide orthopedic bedding, avoid stairs or sudden jumping, and supplement with EPA/DHA fatty acids for joint lubrication."
Dog,French Bulldog,11.1,12.7,Overweight,Low,Weight Management (Low Calorie & High Satiety Fiber),Hill's Science Diet Perfect Weight Formula,Gentle In-Home Senior Care & Medication Supervision,Engage in structured 30-minute low-impact daily walks. Weigh meal portions accurately and avoid high-calorie table scraps.
Dog,French Bulldog,12.5,11.2,Sensitive Stomach / Allergies,Low,Senior Mobility & Joint Care (Glucosamine & Omega-3),Purina Pro Plan Veterinary Diets JM Joint Mobility,Gentle In-Home Senior Care & Medication Supervision,"Maintain regular biannual health checkups, brush teeth weekly, and ensure fresh hydration throughout the day."
Dog,Golden Retriever,3.3,34.3,Post-Surgery Recovery,Moderate,Daily Complete Balanced Adult Maintenance,Blue Buffalo Life Protection Natural Adult Blend,Specialized Medical Monitoring & Controlled Diet Feeding,"Maintain regular biannual health checkups, brush teeth weekly, and ensure fresh hydration throughout the day."
Dog,Poodle,4.6,24.2,Healthy,Moderate,Daily Complete Balanced Adult Maintenance,Blue Buffalo Life Protection Natural Adult Blend,Standard Boarding & Daily Enrichment Walking,"Maintain regular biannual health checkups, brush teeth weekly, and ensure fresh hydration throughout the day."
Cat,Bengal Cat,3.7,3.9,Senior Cognitive Decline,Low,Daily Complete Balanced Adult Maintenance,Blue Buffalo Life Protection Natural Adult Blend,Gentle In-Home Senior Care & Medication Supervision,"Maintain regular biannual health checkups, brush teeth weekly, and ensure fresh hydration throughout the day."
Cat,Bengal Cat,11.5,3.5,Healthy,Low,Senior Mobility & Joint Care (Glucosamine & Omega-3),Purina Pro Plan Veterinary Diets JM Joint Mobility,Gentle In-Home Senior Care & Medication Supervision,"Maintain regular biannual health checkups, brush teeth weekly, and ensure fresh hydration throughout the day."
Dog,Rottweiler,3.0,26.3,Overweight,Moderate,Weight Management (Low Calorie & High Satiety Fiber),Hill's Science Diet Perfect Weight Formula,Standard Boarding & Daily Enrichment Walking,Engage in structured 30-minute low-impact daily walks. Weigh meal portions accurately and avoid high-calorie table scraps.
Cat,Siamese Cat,7.7,3.2,Post-Surgery Recovery,High,Active Performance & Muscle Fuel (30/20 High Energy),Orijen Amazing Grains High-Protein Energy Feast,High-Energy Active Adventure & Agility Exercise,Needs at least 60-90 minutes of vigorous daily exercise and puzzle toys to prevent boredom and anxiety.
Dog,Labrador Retriever,10.8,30.1,Dental Issues,Moderate,Senior Mobility & Joint Care (Glucosamine & Omega-3),Purina Pro Plan Veterinary Diets JM Joint Mobility,Gentle In-Home Senior Care & Medication Supervision,"Maintain regular biannual health checkups, brush teeth weekly, and ensure fresh hydration throughout the day."
Dog,Beagle,11.7,14.8,Sensitive Stomach / Allergies,Low,Senior Mobility & Joint Care (Glucosamine & Omega-3),Purina Pro Plan Veterinary Diets JM Joint Mobility,Gentle In-Home Senior Care & Medication Supervision,"Maintain regular biannual health checkups, brush teeth weekly, and ensure fresh hydration throughout the day."
Dog,Boxer,6.0,38.1,Healthy,High,Active Performance & Muscle Fuel (30/20 High Energy),Orijen Amazing Grains High-Protein Energy Feast,High-Energy Active Adventure & Agility Exercise,Needs at least 60-90 minutes of vigorous daily exercise and puzzle toys to prevent boredom and anxiety.
Dog,Dachshund,13.9,5.4,Joint Issues / Arthritis,Low,Senior Mobility & Joint Care (Glucosamine & Omega-3),Purina Pro Plan Veterinary Diets JM Joint Mobility,Gentle In-Home Senior Care & Medication Supervision,"Provide orthopedic bedding, avoid stairs or sudden jumping, and supplement with EPA/DHA fatty acids for joint lubrication."
Dog,Golden Retriever,10.3,37.2,Healthy,Moderate,Senior Mobility & Joint Care (Glucosamine & Omega-3),Purina Pro Plan Veterinary Diets JM Joint Mobility,Gentle In-Home Senior Care & Medication Supervision,"Maintain regular biannual health checkups, brush teeth weekly, and ensure fresh hydration throughout the day."
Dog,Labrador Retriever,2.1,37.2,Underweight,Low,Daily Complete Balanced Adult Maintenance,Blue Buffalo Life Protection Natural Adult Blend,Standard Boarding & Daily Enrichment Walking,"Maintain regular biannual health checkups, brush teeth weekly, and ensure fresh hydration throughout the day."
Dog,Dachshund,2.3,6.1,Healthy,High,Active Performance & Muscle Fuel (30/20 High Energy),Orijen Amazing Grains High-Protein Energy Feast,High-Energy Active Adventure & Agility Exercise,Needs at least 60-90 minutes of vigorous daily exercise and puzzle toys to prevent boredom and anxiety.
Cat,Siamese Cat,16.9,7.8,Healthy,Moderate,Senior Mobility & Joint Care (Glucosamine & Omega-3),Purina Pro Plan Veterinary Diets JM Joint Mobility,Gentle In-Home Senior Care & Medication Supervision,"Maintain regular biannual health checkups, brush teeth weekly, and ensure fresh hydration throughout the day."
Cat,Persian Cat,17.0,4.5,Healthy,Moderate,Senior Mobility & Joint Care (Glucosamine & Omega-3),Purina Pro Plan Veterinary Diets JM Joint Mobility,Gentle In-Home Senior Care & Medication Supervision,"Maintain regular biannual health checkups, brush teeth weekly, and ensure fresh hydration throughout the day."
Dog,French Bulldog,14.7,13.3,Healthy,Moderate,Senior Mobility & Joint Care (Glucosamine & Omega-3),Purina Pro Plan Veterinary Diets JM Joint Mobility,Gentle In-Home Senior Care & Medication Supervision,"Maintain regular biannual health checkups, brush teeth weekly, and ensure fresh hydration throughout the day."
Dog,Golden Retriever,10.1,36.5,Overweight,Low,Weight Management (Low Calorie & High Satiety Fiber),Hill's Science Diet Perfect Weight Formula,Gentle In-Home Senior Care & Medication Supervision,Engage in structured 30-minute low-impact daily walks. Weigh meal portions accurately and avoid high-calorie table scraps.
Dog,Poodle,10.1,10.1,Healthy,Low,Senior Mobility & Joint Care (Glucosamine & Omega-3),Purina Pro Plan Veterinary Diets JM Joint Mobility,Gentle In-Home Senior Care & Medication Supervision,"Maintain regular biannual health checkups, brush teeth weekly, and ensure fresh hydration throughout the day."
Cat,Persian Cat,3.4,7.1,Healthy,Very High,Active Performance & Muscle Fuel (30/20 High Energy),Orijen Amazing Grains High-Protein Energy Feast,High-Energy Active Adventure & Agility Exercise,Needs at least 60-90 minutes of vigorous daily exercise and puzzle toys to prevent boredom and anxiety.
Dog,French Bulldog,8.9,9.0,Healthy,Moderate,Senior Mobility & Joint Care (Glucosamine & Omega-3),Purina Pro Plan Veterinary Diets JM Joint Mobility,Standard Boarding & Daily Enrichment Walking,"Maintain regular biannual health checkups, brush teeth weekly, and ensure fresh hydration throughout the day."
Cat,British Shorthair,8.4,4.3,Overweight,Low,Weight Management (Low Calorie & High Satiety Fiber),Hill's Science Diet Perfect Weight Formula,Standard Boarding & Daily Enrichment Walking,Engage in structured 30-minute low-impact daily walks. Weigh meal portions accurately and avoid high-calorie table scraps.
Dog,Dachshund,12.9,3.6,Healthy,Moderate,Senior Mobility & Joint Care (Glucosamine & Omega-3),Purina Pro Plan Veterinary Diets JM Joint Mobility,Gentle In-Home Senior Care & Medication Supervision,"Maintain regular biannual health checkups, brush teeth weekly, and ensure fresh hydration throughout the day."
Dog,Golden Retriever,0.5,12.0,Dental Issues,Very High,Growth & Development (High Protein & DHA),Royal Canin Puppy / Kitten Starter Nutrition,Puppy / Kitten Care & Socialization Routine,Feed 3-4 small portioned meals daily. Complete vaccination schedule and prioritize positive-reinforcement socialization for Golden Retriever.
Cat,Persian Cat,11.6,5.4,Sensitive Stomach / Allergies,Low,Senior Mobility & Joint Care (Glucosamine & Omega-3),Purina Pro Plan Veterinary Diets JM Joint Mobility,Gentle In-Home Senior Care & Medication Supervision,"Maintain regular biannual health checkups, brush teeth weekly, and ensure fresh hydration throughout the day."
Cat,Siamese Cat,1.1,4.3,Healthy,Very High,Active Performance & Muscle Fuel (30/20 High Energy),Orijen Amazing Grains High-Protein Energy Feast,High-Energy Active Adventure & Agility Exercise,Needs at least 60-90 minutes of vigorous daily exercise and puzzle toys to prevent boredom and anxiety.
Cat,Persian Cat,1.7,4.0,Healthy,High,Active Performance & Muscle Fuel (30/20 High Energy),Orijen Amazing Grains High-Protein Energy Feast,High-Energy Active Adventure & Agility Exercise,Needs at least 60-90 minutes of vigorous daily exercise and puzzle toys to prevent boredom and anxiety.
Dog,German Shepherd,12.0,30.8,Healthy,Low,Senior Mobility & Joint Care (Glucosamine & Omega-3),Purina Pro Plan Veterinary Diets JM Joint Mobility,Gentle In-Home Senior Care & Medication Supervision,"Maintain regular biannual health checkups, brush teeth weekly, and ensure fresh hydration throughout the day."
Dog,Rottweiler,5.2,32.7,Healthy,High,Active Performance & Muscle Fuel (30/20 High Energy),Orijen Amazing Grains High-Protein Energy Feast,High-Energy Active Adventure & Agility Exercise,Needs at least 60-90 minutes of vigorous daily exercise and puzzle toys to prevent boredom and anxiety.
Dog,Beagle,8.5,17.7,Healthy,High,Senior Mobility & Joint Care (Glucosamine & Omega-3),Purina Pro Plan Veterinary Diets JM Joint Mobility,High-Energy Active Adventure & Agility Exercise,Needs at least 60-90 minutes of vigorous daily exercise and puzzle toys to prevent boredom and anxiety.
Dog,Labrador Retriever,0.8,15.9,Overweight,Low,Growth & Development (High Protein & DHA),Royal Canin Puppy / Kitten Starter Nutrition,Puppy / Kitten Care & Socialization Routine,Feed 3-4 small portioned meals daily. Complete vaccination schedule and prioritize positive-reinforcement socialization for Labrador Retriever.
Dog,Labrador Retriever,10.2,28.0,Healthy,Low,Senior Mobility & Joint Care (Glucosamine & Omega-3),Purina Pro Plan Veterinary Diets JM Joint Mobility,Gentle In-Home Senior Care & Medication Supervision,"Maintain regular biannual health checkups, brush teeth weekly, and ensure fresh hydration throughout the day."
Dog,Rottweiler,3.3,34.3,Healthy,High,Active Performance & Muscle Fuel (30/20 High Energy),Orijen Amazing Grains High-Protein Energy Feast,High-Energy Active Adventure & Agility Exercise,Needs at least 60-90 minutes of vigorous daily exercise and puzzle toys to prevent boredom and anxiety.
Dog,Labrador Retriever,14.2,41.3,Overweight,Moderate,Weight Management (Low Calorie & High Satiety Fiber),Hill's Science Diet Perfect Weight Formula,Gentle In-Home Senior Care & Medication Supervision,Engage in structured 30-minute low-impact daily walks. Weigh meal portions accurately and avoid high-calorie table scraps.
Cat,Domestic Shorthair,14.8,3.4,Healthy,Low,Senior Mobility & Joint Care (Glucosamine & Omega-3),Purina Pro Plan Veterinary Diets JM Joint Mobility,Gentle In-Home Senior Care & Medication Supervision,"Maintain regular biannual health checkups, brush teeth weekly, and ensure fresh hydration throughout the day."
Dog,Beagle,1.5,13.1,Dental Issues,High,Active Performance & Muscle Fuel (30/20 High Energy),Orijen Amazing Grains High-Protein Energy Feast,High-Energy Active Adventure & Agility Exercise,Needs at least 60-90 minutes of vigorous daily exercise and puzzle toys to prevent boredom and anxiety.
Cat,Siamese Cat,2.6,6.7,Overweight,Low,Weight Management (Low Calorie & High Satiety Fiber),Hill's Science Diet Perfect Weight Formula,Standard Boarding & Daily Enrichment Walking,Engage in structured 30-minute low-impact daily walks. Weigh meal portions accurately and avoid high-calorie table scraps.
Cat,Domestic Shorthair,1.2,1.4,Post-Surgery Recovery,Very High,Active Performance & Muscle Fuel (30/20 High Energy),Orijen Amazing Grains High-Protein Energy Feast,High-Energy Active Adventure & Agility Exercise,Needs at least 60-90 minutes of vigorous daily exercise and puzzle toys to prevent boredom and anxiety.
Cat,Bengal Cat,13.2,4.3,Joint Issues / Arthritis,Low,Senior Mobility & Joint Care (Glucosamine & Omega-3),Purina Pro Plan Veterinary Diets JM Joint Mobility,Gentle In-Home Senior Care & Medication Supervision,"Provide orthopedic bedding, avoid stairs or sudden jumping, and supplement with EPA/DHA fatty acids for joint lubrication."
Cat,Maine Coon,1.7,4.1,Healthy,Very High,Active Performance & Muscle Fuel (30/20 High Energy),Orijen Amazing Grains High-Protein Energy Feast,High-Energy Active Adventure & Agility Exercise,Needs at least 60-90 minutes of vigorous daily exercise and puzzle toys to prevent boredom and anxiety.
Dog,Dachshund,8.1,10.5,Joint Issues / Arthritis,Low,Senior Mobility & Joint Care (Glucosamine & Omega-3),Purina Pro Plan Veterinary Diets JM Joint Mobility,Gentle In-Home Senior Care & Medication Supervision,"Provide orthopedic bedding, avoid stairs or sudden jumping, and supplement with EPA/DHA fatty acids for joint lubrication."
Cat,Domestic Shorthair,9.4,5.8,Dental Issues,Moderate,Senior Mobility & Joint Care (Glucosamine & Omega-3),Purina Pro Plan Veterinary Diets JM Joint Mobility,Standard Boarding & Daily Enrichment Walking,"Maintain regular biannual health checkups, brush teeth weekly, and ensure fresh hydration throughout the day."
Dog,French Bulldog,11.0,13.9,Healthy,Moderate,Senior Mobility & Joint Care (Glucosamine & Omega-3),Purina Pro Plan Veterinary Diets JM Joint Mobility,Gentle In-Home Senior Care & Medication Supervision,"Maintain regular biannual health checkups, brush teeth weekly, and ensure fresh hydration throughout the day."
Cat,Domestic Shorthair,9.0,4.3,Joint Issues / Arthritis,Moderate,Senior Mobility & Joint Care (Glucosamine & Omega-3),Purina Pro Plan Veterinary Diets JM Joint Mobility,Gentle In-Home Senior Care & Medication Supervision,"Provide orthopedic bedding, avoid stairs or sudden jumping, and supplement with EPA/DHA fatty acids for joint lubrication."
Dog,Boxer,6.3,40.0,Healthy,High,Active Performance & Muscle Fuel (30/20 High Energy),Orijen Amazing Grains High-Protein Energy Feast,High-Energy Active Adventure & Agility Exercise,Needs at least 60-90 minutes of vigorous daily exercise and puzzle toys to prevent boredom and anxiety.
Dog,Labrador Retriever,12.6,32.9,Overweight,Low,Weight Management (Low Calorie & High Satiety Fiber),Hill's Science Diet Perfect Weight Formula,Gentle In-Home Senior Care & Medication Supervision,Engage in structured 30-minute low-impact daily walks. Weigh meal portions accurately and avoid high-calorie table scraps.
Dog,Golden Retriever,10.9,32.7,Healthy,Low,Senior Mobility & Joint Care (Glucosamine & Omega-3),Purina Pro Plan Veterinary Diets JM Joint Mobility,Gentle In-Home Senior Care & Medication Supervision,"Maintain regular biannual health checkups, brush teeth weekly, and ensure fresh hydration throughout the day."
Dog,Poodle,4.7,7.2,Joint Issues / Arthritis,Low,Senior Mobility & Joint Care (Glucosamine & Omega-3),Purina Pro Plan Veterinary Diets JM Joint Mobility,Gentle In-Home Senior Care & Medication Supervision,"Provide orthopedic bedding, avoid stairs or sudden jumping, and supplement with EPA/DHA fatty acids for joint lubrication."
Cat,Maine Coon,11.6,8.8,Healthy,Moderate,Senior Mobility & Joint Care (Glucosamine & Omega-3),Purina Pro Plan Veterinary Diets JM Joint Mobility,Gentle In-Home Senior Care & Medication Supervision,"Maintain regular biannual health checkups, brush teeth weekly, and ensure fresh hydration throughout the day."
Dog,Siberian Husky,6.2,41.7,Healthy,Very High,Active Performance & Muscle Fuel (30/20 High Energy),Orijen Amazing Grains High-Protein Energy Feast,High-Energy Active Adventure & Agility Exercise,Needs at least 60-90 minutes of vigorous daily exercise and puzzle toys to prevent boredom and anxiety.
Dog,Golden Retriever,4.9,39.2,Sensitive Stomach / Allergies,High,Hypoallergenic Single-Source Protein & Grain-Free,Farmina N&D Ocean Grain-Free Hypoallergenic Formula,High-Energy Active Adventure & Agility Exercise,Needs at least 60-90 minutes of vigorous daily exercise and puzzle toys to prevent boredom and anxiety.
Dog,Beagle,11.7,13.4,Healthy,Low,Senior Mobility & Joint Care (Glucosamine & Omega-3),Purina Pro Plan Veterinary Diets JM Joint Mobility,Gentle In-Home Senior Care & Medication Supervision,"Maintain regular biannual health checkups, brush teeth weekly, and ensure fresh hydration throughout the day."
Dog,Golden Retriever,5.6,32.2,Healthy,Low,Daily Complete Balanced Adult Maintenance,Blue Buffalo Life Protection Natural Adult Blend,Standard Boarding & Daily Enrichment Walking,"Maintain regular biannual health checkups, brush teeth weekly, and ensure fresh hydration throughout the day."
Dog,Poodle,14.8,20.0,Overweight,Moderate,Weight Management (Low Calorie & High Satiety Fiber),Hill's Science Diet Perfect Weight Formula,Gentle In-Home Senior Care & Medication Supervision,Engage in structured 30-minute low-impact daily walks. Weigh meal portions accurately and avoid high-calorie table scraps.
Dog,Dachshund,14.6,5.3,Healthy,Low,Senior Mobility & Joint Care (Glucosamine & Omega-3),Purina Pro Plan Veterinary Diets JM Joint Mobility,Gentle In-Home Senior Care & Medication Supervision,"Maintain regular biannual health checkups, brush teeth weekly, and ensure fresh hydration throughout the day."
Cat,Domestic Shorthair,4.2,6.1,Healthy,Low,Daily Complete Balanced Adult Maintenance,Blue Buffalo Life Protection Natural Adult Blend,Standard Boarding & Daily Enrichment Walking,"Maintain regular biannual health checkups, brush teeth weekly, and ensure fresh hydration throughout the day."
Dog,Rottweiler,10.9,24.0,Healthy,Low,Senior Mobility & Joint Care (Glucosamine & Omega-3),Purina Pro Plan Veterinary Diets JM Joint Mobility,Gentle In-Home Senior Care & Medication Supervision,"Maintain regular biannual health checkups, brush teeth weekly, and ensure fresh hydration throughout the day."
Dog,Beagle,8.4,14.7,Sensitive Stomach / Allergies,Moderate,Senior Mobility & Joint Care (Glucosamine & Omega-3),Purina Pro Plan Veterinary Diets JM Joint Mobility,Specialized Medical Monitoring & Controlled Diet Feeding,"Maintain regular biannual health checkups, brush teeth weekly, and ensure fresh hydration throughout the day."
Dog,Poodle,2.6,25.8,Overweight,Moderate,Weight Management (Low Calorie & High Satiety Fiber),Hill's Science Diet Perfect Weight Formula,Standard Boarding & Daily Enrichment Walking,Engage in structured 30-minute low-impact daily walks. Weigh meal portions accurately and avoid high-calorie table scraps.
Dog,Boxer,13.5,42.2,Joint Issues / Arthritis,Low,Senior Mobility & Joint Care (Glucosamine & Omega-3),Purina Pro Plan Veterinary Diets JM Joint Mobility,Gentle In-Home Senior Care & Medication Supervision,"Provide orthopedic bedding, avoid stairs or sudden jumping, and supplement with EPA/DHA fatty acids for joint lubrication."
Cat,Bengal Cat,11.9,3.7,Sensitive Stomach / Allergies,Low,Senior Mobility & Joint Care (Glucosamine & Omega-3),Purina Pro Plan Veterinary Diets JM Joint Mobility,Gentle In-Home Senior Care & Medication Supervision,"Maintain regular biannual health checkups, brush teeth weekly, and ensure fresh hydration throughout the day."
Cat,Maine Coon,9.3,5.7,Healthy,Low,Senior Mobility & Joint Care (Glucosamine & Omega-3),Purina Pro Plan Veterinary Diets JM Joint Mobility,Standard Boarding & Daily Enrichment Walking,"Maintain regular biannual health checkups, brush teeth weekly, and ensure fresh hydration throughout the day."
Dog,Boxer,14.5,29.8,Healthy,Moderate,Senior Mobility & Joint Care (Glucosamine & Omega-3),Purina Pro Plan Veterinary Diets JM Joint Mobility,Gentle In-Home Senior Care & Medication Supervision,"Maintain regular biannual health checkups, brush teeth weekly, and ensure fresh hydration throughout the day."
Dog,Beagle,10.6,12.4,Joint Issues / Arthritis,Low,Senior Mobility & Joint Care (Glucosamine & Omega-3),Purina Pro Plan Veterinary Diets JM Joint Mobility,Gentle In-Home Senior Care & Medication Supervision,"Provide orthopedic bedding, avoid stairs or sudden jumping, and supplement with EPA/DHA fatty acids for joint lubrication."
Dog,Boxer,0.6,14.5,Healthy,Very High,Growth & Development (High Protein & DHA),Royal Canin Puppy / Kitten Starter Nutrition,Puppy / Kitten Care & Socialization Routine,Feed 3-4 small portioned meals daily. Complete vaccination schedule and prioritize positive-reinforcement socialization for Boxer.
Dog,Boxer,5.6,36.3,Sensitive Stomach / Allergies,Very High,Hypoallergenic Single-Source Protein & Grain-Free,Farmina N&D Ocean Grain-Free Hypoallergenic Formula,High-Energy Active Adventure & Agility Exercise,Needs at least 60-90 minutes of vigorous daily exercise and puzzle toys to prevent boredom and anxiety.
Cat,British Shorthair,5.2,7.9,Overweight,Low,Weight Management (Low Calorie & High Satiety Fiber),Hill's Science Diet Perfect Weight Formula,Standard Boarding & Daily Enrichment Walking,Engage in structured 30-minute low-impact daily walks. Weigh meal portions accurately and avoid high-calorie table scraps.
Dog,Boxer,10.7,27.6,Healthy,Low,Senior Mobility & Joint Care (Glucosamine & Omega-3),Purina Pro Plan Veterinary Diets JM Joint Mobility,Gentle In-Home Senior Care & Medication Supervision,"Maintain regular biannual health checkups, brush teeth weekly, and ensure fresh hydration throughout the day."
Cat,Persian Cat,7.5,2.9,Healthy,High,Active Performance & Muscle Fuel (30/20 High Energy),Orijen Amazing Grains High-Protein Energy Feast,High-Energy Active Adventure & Agility Exercise,Needs at least 60-90 minutes of vigorous daily exercise and puzzle toys to prevent boredom and anxiety.
Dog,Siberian Husky,6.5,22.5,Healthy,Very High,Active Performance & Muscle Fuel (30/20 High Energy),Orijen Amazing Grains High-Protein Energy Feast,High-Energy Active Adventure & Agility Exercise,Needs at least 60-90 minutes of vigorous daily exercise and puzzle toys to prevent boredom and anxiety.
Cat,Bengal Cat,4.7,6.5,Sensitive Stomach / Allergies,Very High,Hypoallergenic Single-Source Protein & Grain-Free,Farmina N&D Ocean Grain-Free Hypoallergenic Formula,High-Energy Active Adventure & Agility Exercise,Needs at least 60-90 minutes of vigorous daily exercise and puzzle toys to prevent boredom and anxiety.
Dog,Poodle,6.4,17.9,Post-Surgery Recovery,Low,Daily Complete Balanced Adult Maintenance,Blue Buffalo Life Protection Natural Adult Blend,Specialized Medical Monitoring & Controlled Diet Feeding,"Maintain regular biannual health checkups, brush teeth weekly, and ensure fresh hydration throughout the day."
Dog,Siberian Husky,11.7,31.2,Dental Issues,Moderate,Senior Mobility & Joint Care (Glucosamine & Omega-3),Purina Pro Plan Veterinary Diets JM Joint Mobility,Gentle In-Home Senior Care & Medication Supervision,"Maintain regular biannual health checkups, brush teeth weekly, and ensure fresh hydration throughout the day."
Dog,Siberian Husky,1.3,30.5,Overweight,Low,Weight Management (Low Calorie & High Satiety Fiber),Hill's Science Diet Perfect Weight Formula,Standard Boarding & Daily Enrichment Walking,Engage in structured 30-minute low-impact daily walks. Weigh meal portions accurately and avoid high-calorie table scraps.
Dog,Boxer,7.7,39.9,Healthy,Very High,Active Performance & Muscle Fuel (30/20 High Energy),Orijen Amazing Grains High-Protein Energy Feast,High-Energy Active Adventure & Agility Exercise,Needs at least 60-90 minutes of vigorous daily exercise and puzzle toys to prevent boredom and anxiety.
Cat,Maine Coon,9.6,10.0,Dental Issues,Low,Senior Mobility & Joint Care (Glucosamine & Omega-3),Purina Pro Plan Veterinary Diets JM Joint Mobility,Standard Boarding & Daily Enrichment Walking,"Maintain regular biannual health checkups, brush teeth weekly, and ensure fresh hydration throughout the day."
Dog,Rottweiler,9.8,41.5,Overweight,Moderate,Weight Management (Low Calorie & High Satiety Fiber),Hill's Science Diet Perfect Weight Formula,Standard Boarding & Daily Enrichment Walking,Engage in structured 30-minute low-impact daily walks. Weigh meal portions accurately and avoid high-calorie table scraps.
Dog,Siberian Husky,8.6,23.8,Joint Issues / Arthritis,Low,Senior Mobility & Joint Care (Glucosamine & Omega-3),Purina Pro Plan Veterinary Diets JM Joint Mobility,Gentle In-Home Senior Care & Medication Supervision,"Provide orthopedic bedding, avoid stairs or sudden jumping, and supplement with EPA/DHA fatty acids for joint lubrication."
Cat,Domestic Shorthair,9.1,4.4,Sensitive Stomach / Allergies,High,Senior Mobility & Joint Care (Glucosamine & Omega-3),Purina Pro Plan Veterinary Diets JM Joint Mobility,High-Energy Active Adventure & Agility Exercise,Needs at least 60-90 minutes of vigorous daily exercise and puzzle toys to prevent boredom and anxiety.
Cat,British Shorthair,10.6,7.7,Overweight,Low,Weight Management (Low Calorie & High Satiety Fiber),Hill's Science Diet Perfect Weight Formula,Gentle In-Home Senior Care & Medication Supervision,Engage in structured 30-minute low-impact daily walks. Weigh meal portions accurately and avoid high-calorie table scraps.
Dog,Rottweiler,11.3,25.2,Healthy,Low,Senior Mobility & Joint Care (Glucosamine & Omega-3),Purina Pro Plan Veterinary Diets JM Joint Mobility,Gentle In-Home Senior Care & Medication Supervision,"Maintain regular biannual health checkups, brush teeth weekly, and ensure fresh hydration throughout the day."
Dog,Rottweiler,11.1,37.3,Sensitive Stomach / Allergies,Low,Senior Mobility & Joint Care (Glucosamine & Omega-3),Purina Pro Plan Veterinary Diets JM Joint Mobility,Gentle In-Home Senior Care & Medication Supervision,"Maintain regular biannual health checkups, brush teeth weekly, and ensure fresh hydration throughout the day."
Dog,Boxer,6.7,27.9,Joint Issues / Arthritis,Low,Senior Mobility & Joint Care (Glucosamine & Omega-3),Purina Pro Plan Veterinary Diets JM Joint Mobility,Gentle In-Home Senior Care & Medication Supervision,"Provide orthopedic bedding, avoid stairs or sudden jumping, and supplement with EPA/DHA fatty acids for joint lubrication."
Dog,Poodle,11.1,11.0,Healthy,Low,Senior Mobility & Joint Care (Glucosamine & Omega-3),Purina Pro Plan Veterinary Diets JM Joint Mobility,Gentle In-Home Senior Care & Medication Supervision,"Maintain regular biannual health checkups, brush teeth weekly, and ensure fresh hydration throughout the day."
Cat,Persian Cat,17.2,7.6,Joint Issues / Arthritis,Low,Senior Mobility & Joint Care (Glucosamine & Omega-3),Purina Pro Plan Veterinary Diets JM Joint Mobility,Gentle In-Home Senior Care & Medication Supervision,"Provide orthopedic bedding, avoid stairs or sudden jumping, and supplement with EPA/DHA fatty acids for joint lubrication."
Cat,Domestic Shorthair,10.8,7.7,Overweight,Low,Weight Management (Low Calorie & High Satiety Fiber),Hill's Science Diet Perfect Weight Formula,Gentle In-Home Senior Care & Medication Supervision,Engage in structured 30-minute low-impact daily walks. Weigh meal portions accurately and avoid high-calorie table scraps.
Dog,Golden Retriever,1.0,22.1,Overweight,Low,Weight Management (Low Calorie & High Satiety Fiber),Hill's Science Diet Perfect Weight Formula,Standard Boarding & Daily Enrichment Walking,Engage in structured 30-minute low-impact daily walks. Weigh meal portions accurately and avoid high-calorie table scraps.
Dog,German Shepherd,3.7,38.6,Joint Issues / Arthritis,Moderate,Senior Mobility & Joint Care (Glucosamine & Omega-3),Purina Pro Plan Veterinary Diets JM Joint Mobility,Gentle In-Home Senior Care & Medication Supervision,"Provide orthopedic bedding, avoid stairs or sudden jumping, and supplement with EPA/DHA fatty acids for joint lubrication."
Cat,Maine Coon,14.7,6.5,Healthy,Moderate,Senior Mobility & Joint Care (Glucosamine & Omega-3),Purina Pro Plan Veterinary Diets JM Joint Mobility,Gentle In-Home Senior Care & Medication Supervision,"Maintain regular biannual health checkups, brush teeth weekly, and ensure fresh hydration throughout the day."
Cat,Siamese Cat,8.2,6.5,Underweight,High,Senior Mobility & Joint Care (Glucosamine & Omega-3),Purina Pro Plan Veterinary Diets JM Joint Mobility,High-Energy Active Adventure & Agility Exercise,Needs at least 60-90 minutes of vigorous daily exercise and puzzle toys to prevent boredom and anxiety.
Dog,Boxer,8.1,25.5,Overweight,Low,Weight Management (Low Calorie & High Satiety Fiber),Hill's Science Diet Perfect Weight Formula,Standard Boarding & Daily Enrichment Walking,Engage in structured 30-minute low-impact daily walks. Weigh meal portions accurately and avoid high-calorie table scraps.
Dog,Poodle,2.0,11.3,Sensitive Stomach / Allergies,Low,Hypoallergenic Single-Source Protein & Grain-Free,Farmina N&D Ocean Grain-Free Hypoallergenic Formula,Specialized Medical Monitoring & Controlled Diet Feeding,"Maintain regular biannual health checkups, brush teeth weekly, and ensure fresh hydration throughout the day."
Dog,Dachshund,10.7,6.0,Healthy,Moderate,Senior Mobility & Joint Care (Glucosamine & Omega-3),Purina Pro Plan Veterinary Diets JM Joint Mobility,Gentle In-Home Senior Care & Medication Supervision,"Maintain regular biannual health checkups, brush teeth weekly, and ensure fresh hydration throughout the day."
Dog,Siberian Husky,3.6,36.6,Healthy,Very High,Active Performance & Muscle Fuel (30/20 High Energy),Orijen Amazing Grains High-Protein Energy Feast,High-Energy Active Adventure & Agility Exercise,Needs at least 60-90 minutes of vigorous daily exercise and puzzle toys to prevent boredom and anxiety.
Dog,German Shepherd,12.2,40.0,Sensitive Stomach / Allergies,Low,Senior Mobility & Joint Care (Glucosamine & Omega-3),Purina Pro Plan Veterinary Diets JM Joint Mobility,Gentle In-Home Senior Care & Medication Supervision,"Maintain regular biannual health checkups, brush teeth weekly, and ensure fresh hydration throughout the day."
Dog,Labrador Retriever,12.7,38.5,Healthy,Moderate,Senior Mobility & Joint Care (Glucosamine & Omega-3),Purina Pro Plan Veterinary Diets JM Joint Mobility,Gentle In-Home Senior Care & Medication Supervision,"Maintain regular biannual health checkups, brush teeth weekly, and ensure fresh hydration throughout the day."
Cat,Persian Cat,3.1,2.8,Sensitive Stomach / Allergies,Low,Hypoallergenic Single-Source Protein & Grain-Free,Farmina N&D Ocean Grain-Free Hypoallergenic Formula,Specialized Medical Monitoring & Controlled Diet Feeding,"Maintain regular biannual health checkups, brush teeth weekly, and ensure fresh hydration throughout the day."
Dog,Labrador Retriever,11.0,35.1,Healthy,Moderate,Senior Mobility & Joint Care (Glucosamine & Omega-3),Purina Pro Plan Veterinary Diets JM Joint Mobility,Gentle In-Home Senior Care & Medication Supervision,"Maintain regular biannual health checkups, brush teeth weekly, and ensure fresh hydration throughout the day."
Dog,Boxer,5.1,29.0,Sensitive Stomach / Allergies,Very High,Hypoallergenic Single-Source Protein & Grain-Free,Farmina N&D Ocean Grain-Free Hypoallergenic Formula,High-Energy Active Adventure & Agility Exercise,Needs at least 60-90 minutes of vigorous daily exercise and puzzle toys to prevent boredom and anxiety.
Dog,Golden Retriever,9.2,27.8,Dental Issues,Moderate,Senior Mobility & Joint Care (Glucosamine & Omega-3),Purina Pro Plan Veterinary Diets JM Joint Mobility,Standard Boarding & Daily Enrichment Walking,"Maintain regular biannual health checkups, brush teeth weekly, and ensure fresh hydration throughout the day."
Dog,Rottweiler,10.5,34.6,Joint Issues / Arthritis,Moderate,Senior Mobility & Joint Care (Glucosamine & Omega-3),Purina Pro Plan Veterinary Diets JM Joint Mobility,Gentle In-Home Senior Care & Medication Supervision,"Provide orthopedic bedding, avoid stairs or sudden jumping, and supplement with EPA/DHA fatty acids for joint lubrication."
Dog,French Bulldog,8.9,10.9,Joint Issues / Arthritis,Low,Senior Mobility & Joint Care (Glucosamine & Omega-3),Purina Pro Plan Veterinary Diets JM Joint Mobility,Gentle In-Home Senior Care & Medication Supervision,"Provide orthopedic bedding, avoid stairs or sudden jumping, and supplement with EPA/DHA fatty acids for joint lubrication."
Dog,Beagle,14.3,10.3,Healthy,Low,Senior Mobility & Joint Care (Glucosamine & Omega-3),Purina Pro Plan Veterinary Diets JM Joint Mobility,Gentle In-Home Senior Care & Medication Supervision,"Maintain regular biannual health checkups, brush teeth weekly, and ensure fresh hydration throughout the day."
Dog,Beagle,12.3,11.1,Healthy,Moderate,Senior Mobility & Joint Care (Glucosamine & Omega-3),Purina Pro Plan Veterinary Diets JM Joint Mobility,Gentle In-Home Senior Care & Medication Supervision,"Maintain regular biannual health checkups, brush teeth weekly, and ensure fresh hydration throughout the day."
Dog,Labrador Retriever,1.5,38.0,Joint Issues / Arthritis,Moderate,Senior Mobility & Joint Care (Glucosamine & Omega-3),Purina Pro Plan Veterinary Diets JM Joint Mobility,Gentle In-Home Senior Care & Medication Supervision,"Provide orthopedic bedding, avoid stairs or sudden jumping, and supplement with EPA/DHA fatty acids for joint lubrication."
Dog,Boxer,8.7,42.3,Joint Issues / Arthritis,Low,Senior Mobility & Joint Care (Glucosamine & Omega-3),Purina Pro Plan Veterinary Diets JM Joint Mobility,Gentle In-Home Senior Care & Medication Supervision,"Provide orthopedic bedding, avoid stairs or sudden jumping, and supplement with EPA/DHA fatty acids for joint lubrication."
Cat,Domestic Shorthair,6.3,5.0,Healthy,Moderate,Daily Complete Balanced Adult Maintenance,Blue Buffalo Life Protection Natural Adult Blend,Standard Boarding & Daily Enrichment Walking,"Maintain regular biannual health checkups, brush teeth weekly, and ensure fresh hydration throughout the day."
Dog,German Shepherd,5.9,40.8,Healthy,High,Active Performance & Muscle Fuel (30/20 High Energy),Orijen Amazing Grains High-Protein Energy Feast,High-Energy Active Adventure & Agility Exercise,Needs at least 60-90 minutes of vigorous daily exercise and puzzle toys to prevent boredom and anxiety.
Dog,Labrador Retriever,6.9,35.7,Healthy,Moderate,Daily Complete Balanced Adult Maintenance,Blue Buffalo Life Protection Natural Adult Blend,Standard Boarding & Daily Enrichment Walking,"Maintain regular biannual health checkups, brush teeth weekly, and ensure fresh hydration throughout the day."
Dog,Dachshund,2.2,10.7,Healthy,High,Active Performance & Muscle Fuel (30/20 High Energy),Orijen Amazing Grains High-Protein Energy Feast,High-Energy Active Adventure & Agility Exercise,Needs at least 60-90 minutes of vigorous daily exercise and puzzle toys to prevent boredom and anxiety.
Cat,British Shorthair,1.3,6.0,Joint Issues / Arthritis,Low,Senior Mobility & Joint Care (Glucosamine & Omega-3),Purina Pro Plan Veterinary Diets JM Joint Mobility,Gentle In-Home Senior Care & Medication Supervision,"Provide orthopedic bedding, avoid stairs or sudden jumping, and supplement with EPA/DHA fatty acids for joint lubrication."
Dog,Boxer,11.0,24.3,Overweight,Low,Weight Management (Low Calorie & High Satiety Fiber),Hill's Science Diet Perfect Weight Formula,Gentle In-Home Senior Care & Medication Supervision,Engage in structured 30-minute low-impact daily walks. Weigh meal portions accurately and avoid high-calorie table scraps.
Cat,Bengal Cat,5.4,3.0,Joint Issues / Arthritis,Low,Senior Mobility & Joint Care (Glucosamine & Omega-3),Purina Pro Plan Veterinary Diets JM Joint Mobility,Gentle In-Home Senior Care & Medication Supervision,"Provide orthopedic bedding, avoid stairs or sudden jumping, and supplement with EPA/DHA fatty acids for joint lubrication."
Cat,Persian Cat,16.8,4.7,Overweight,Low,Weight Management (Low Calorie & High Satiety Fiber),Hill's Science Diet Perfect Weight Formula,Gentle In-Home Senior Care & Medication Supervision,Engage in structured 30-minute low-impact daily walks. Weigh meal portions accurately and avoid high-calorie table scraps.
Dog,Dachshund,6.9,11.4,Overweight,Moderate,Weight Management (Low Calorie & High Satiety Fiber),Hill's Science Diet Perfect Weight Formula,Standard Boarding & Daily Enrichment Walking,Engage in structured 30-minute low-impact daily walks. Weigh meal portions accurately and avoid high-calorie table scraps.
Dog,Beagle,10.9,12.8,Healthy,Low,Senior Mobility & Joint Care (Glucosamine & Omega-3),Purina Pro Plan Veterinary Diets JM Joint Mobility,Gentle In-Home Senior Care & Medication Supervision,"Maintain regular biannual health checkups, brush teeth weekly, and ensure fresh hydration throughout the day."
Dog,Rottweiler,2.9,26.9,Healthy,Moderate,Daily Complete Balanced Adult Maintenance,Blue Buffalo Life Protection Natural Adult Blend,Standard Boarding & Daily Enrichment Walking,"Maintain regular biannual health checkups, brush teeth weekly, and ensure fresh hydration throughout the day."
Dog,Labrador Retriever,8.7,30.6,Joint Issues / Arthritis,Moderate,Senior Mobility & Joint Care (Glucosamine & Omega-3),Purina Pro Plan Veterinary Diets JM Joint Mobility,Gentle In-Home Senior Care & Medication Supervision,"Provide orthopedic bedding, avoid stairs or sudden jumping, and supplement with EPA/DHA fatty acids for joint lubrication."
Cat,Bengal Cat,13.5,2.2,Healthy,Moderate,Senior Mobility & Joint Care (Glucosamine & Omega-3),Purina Pro Plan Veterinary Diets JM Joint Mobility,Gentle In-Home Senior Care & Medication Supervision,"Maintain regular biannual health checkups, brush teeth weekly, and ensure fresh hydration throughout the day."
Dog,Boxer,12.5,34.5,Overweight,Moderate,Weight Management (Low Calorie & High Satiety Fiber),Hill's Science Diet Perfect Weight Formula,Gentle In-Home Senior Care & Medication Supervision,Engage in structured 30-minute low-impact daily walks. Weigh meal portions accurately and avoid high-calorie table scraps.
Dog,Poodle,9.9,12.5,Healthy,High,Senior Mobility & Joint Care (Glucosamine & Omega-3),Purina Pro Plan Veterinary Diets JM Joint Mobility,High-Energy Active Adventure & Agility Exercise,Needs at least 60-90 minutes of vigorous daily exercise and puzzle toys to prevent boredom and anxiety.
Dog,Siberian Husky,4.7,34.7,Sensitive Stomach / Allergies,Very High,Hypoallergenic Single-Source Protein & Grain-Free,Farmina N&D Ocean Grain-Free Hypoallergenic Formula,High-Energy Active Adventure & Agility Exercise,Needs at least 60-90 minutes of vigorous daily exercise and puzzle toys to prevent boredom and anxiety.
Dog,Dachshund,12.1,9.9,Joint Issues / Arthritis,Low,Senior Mobility & Joint Care (Glucosamine & Omega-3),Purina Pro Plan Veterinary Diets JM Joint Mobility,Gentle In-Home Senior Care & Medication Supervision,"Provide orthopedic bedding, avoid stairs or sudden jumping, and supplement with EPA/DHA fatty acids for joint lubrication."
Cat,Siamese Cat,5.7,1.1,Healthy,Moderate,Daily Complete Balanced Adult Maintenance,Blue Buffalo Life Protection Natural Adult Blend,Standard Boarding & Daily Enrichment Walking,"Maintain regular biannual health checkups, brush teeth weekly, and ensure fresh hydration throughout the day."
Cat,Persian Cat,16.8,6.2,Senior Cognitive Decline,Low,Senior Mobility & Joint Care (Glucosamine & Omega-3),Purina Pro Plan Veterinary Diets JM Joint Mobility,Gentle In-Home Senior Care & Medication Supervision,"Maintain regular biannual health checkups, brush teeth weekly, and ensure fresh hydration throughout the day."
Dog,Poodle,3.5,6.4,Healthy,High,Active Performance & Muscle Fuel (30/20 High Energy),Orijen Amazing Grains High-Protein Energy Feast,High-Energy Active Adventure & Agility Exercise,Needs at least 60-90 minutes of vigorous daily exercise and puzzle toys to prevent boredom and anxiety.
Dog,French Bulldog,9.0,17.7,Joint Issues / Arthritis,Low,Senior Mobility & Joint Care (Glucosamine & Omega-3),Purina Pro Plan Veterinary Diets JM Joint Mobility,Gentle In-Home Senior Care & Medication Supervision,"Provide orthopedic bedding, avoid stairs or sudden jumping, and supplement with EPA/DHA fatty acids for joint lubrication."
Dog,Poodle,5.3,10.4,Sensitive Stomach / Allergies,Moderate,Hypoallergenic Single-Source Protein & Grain-Free,Farmina N&D Ocean Grain-Free Hypoallergenic Formula,Specialized Medical Monitoring & Controlled Diet Feeding,"Maintain regular biannual health checkups, brush teeth weekly, and ensure fresh hydration throughout the day."
Dog,Rottweiler,6.4,26.4,Joint Issues / Arthritis,Low,Senior Mobility & Joint Care (Glucosamine & Omega-3),Purina Pro Plan Veterinary Diets JM Joint Mobility,Gentle In-Home Senior Care & Medication Supervision,"Provide orthopedic bedding, avoid stairs or sudden jumping, and supplement with EPA/DHA fatty acids for joint lubrication."
Cat,Siamese Cat,2.8,7.6,Underweight,High,Active Performance & Muscle Fuel (30/20 High Energy),Orijen Amazing Grains High-Protein Energy Feast,High-Energy Active Adventure & Agility Exercise,Needs at least 60-90 minutes of vigorous daily exercise and puzzle toys to prevent boredom and anxiety.
Cat,Siamese Cat,12.3,6.2,Healthy,Low,Senior Mobility & Joint Care (Glucosamine & Omega-3),Purina Pro Plan Veterinary Diets JM Joint Mobility,Gentle In-Home Senior Care & Medication Supervision,"Maintain regular biannual health checkups, brush teeth weekly, and ensure fresh hydration throughout the day."
Dog,Rottweiler,8.9,28.3,Healthy,Low,Senior Mobility & Joint Care (Glucosamine & Omega-3),Purina Pro Plan Veterinary Diets JM Joint Mobility,Standard Boarding & Daily Enrichment Walking,"Maintain regular biannual health checkups, brush teeth weekly, and ensure fresh hydration throughout the day."
Cat,Persian Cat,5.4,2.8,Healthy,Moderate,Daily Complete Balanced Adult Maintenance,Blue Buffalo Life Protection Natural Adult Blend,Standard Boarding & Daily Enrichment Walking,"Maintain regular biannual health checkups, brush teeth weekly, and ensure fresh hydration throughout the day."
Cat,British Shorthair,10.2,5.9,Healthy,Low,Senior Mobility & Joint Care (Glucosamine & Omega-3),Purina Pro Plan Veterinary Diets JM Joint Mobility,Gentle In-Home Senior Care & Medication Supervision,"Maintain regular biannual health checkups, brush teeth weekly, and ensure fresh hydration throughout the day."
Dog,Beagle,9.7,10.3,Healthy,High,Senior Mobility & Joint Care (Glucosamine & Omega-3),Purina Pro Plan Veterinary Diets JM Joint Mobility,High-Energy Active Adventure & Agility Exercise,Needs at least 60-90 minutes of vigorous daily exercise and puzzle toys to prevent boredom and anxiety.
Dog,Golden Retriever,8.9,24.9,Overweight,Low,Weight Management (Low Calorie & High Satiety Fiber),Hill's Science Diet Perfect Weight Formula,Standard Boarding & Daily Enrichment Walking,Engage in structured 30-minute low-impact daily walks. Weigh meal portions accurately and avoid high-calorie table scraps.
Dog,Beagle,13.2,17.6,Sensitive Stomach / Allergies,Low,Senior Mobility & Joint Care (Glucosamine & Omega-3),Purina Pro Plan Veterinary Diets JM Joint Mobility,Gentle In-Home Senior Care & Medication Supervision,"Maintain regular biannual health checkups, brush teeth weekly, and ensure fresh hydration throughout the day."
Cat,Domestic Shorthair,2.5,4.8,Healthy,Moderate,Daily Complete Balanced Adult Maintenance,Blue Buffalo Life Protection Natural Adult Blend,Standard Boarding & Daily Enrichment Walking,"Maintain regular biannual health checkups, brush teeth weekly, and ensure fresh hydration throughout the day."
Cat,British Shorthair,2.0,3.1,Healthy,Moderate,Daily Complete Balanced Adult Maintenance,Blue Buffalo Life Protection Natural Adult Blend,Standard Boarding & Daily Enrichment Walking,"Maintain regular biannual health checkups, brush teeth weekly, and ensure fresh hydration throughout the day."
Dog,Labrador Retriever,11.2,30.2,Healthy,Moderate,Senior Mobility & Joint Care (Glucosamine & Omega-3),Purina Pro Plan Veterinary Diets JM Joint Mobility,Gentle In-Home Senior Care & Medication Supervision,"Maintain regular biannual health checkups, brush teeth weekly, and ensure fresh hydration throughout the day."
Dog,Labrador Retriever,10.1,38.7,Healthy,Low,Senior Mobility & Joint Care (Glucosamine & Omega-3),Purina Pro Plan Veterinary Diets JM Joint Mobility,Gentle In-Home Senior Care & Medication Supervision,"Maintain regular biannual health checkups, brush teeth weekly, and ensure fresh hydration throughout the day."
Cat,Maine Coon,12.9,8.5,Dental Issues,Moderate,Senior Mobility & Joint Care (Glucosamine & Omega-3),Purina Pro Plan Veterinary Diets JM Joint Mobility,Gentle In-Home Senior Care & Medication Supervision,"Maintain regular biannual health checkups, brush teeth weekly, and ensure fresh hydration throughout the day."
Dog,Golden Retriever,1.2,31.0,Dental Issues,High,Active Performance & Muscle Fuel (30/20 High Energy),Orijen Amazing Grains High-Protein Energy Feast,High-Energy Active Adventure & Agility Exercise,Needs at least 60-90 minutes of vigorous daily exercise and puzzle toys to prevent boredom and anxiety.
Cat,British Shorthair,6.0,6.1,Healthy,Low,Daily Complete Balanced Adult Maintenance,Blue Buffalo Life Protection Natural Adult Blend,Standard Boarding & Daily Enrichment Walking,"Maintain regular biannual health checkups, brush teeth weekly, and ensure fresh hydration throughout the day."
Cat,Maine Coon,17.4,8.9,Healthy,Low,Senior Mobility & Joint Care (Glucosamine & Omega-3),Purina Pro Plan Veterinary Diets JM Joint Mobility,Gentle In-Home Senior Care & Medication Supervision,"Maintain regular biannual health checkups, brush teeth weekly, and ensure fresh hydration throughout the day."
Cat,Maine Coon,15.1,7.6,Healthy,Moderate,Senior Mobility & Joint Care (Glucosamine & Omega-3),Purina Pro Plan Veterinary Diets JM Joint Mobility,Gentle In-Home Senior Care & Medication Supervision,"Maintain regular biannual health checkups, brush teeth weekly, and ensure fresh hydration throughout the day."
Dog,Siberian Husky,13.7,35.7,Healthy,Low,Senior Mobility & Joint Care (Glucosamine & Omega-3),Purina Pro Plan Veterinary Diets JM Joint Mobility,Gentle In-Home Senior Care & Medication Supervision,"Maintain regular biannual health checkups, brush teeth weekly, and ensure fresh hydration throughout the day."
Dog,Boxer,9.5,28.5,Sensitive Stomach / Allergies,Very High,Senior Mobility & Joint Care (Glucosamine & Omega-3),Purina Pro Plan Veterinary Diets JM Joint Mobility,High-Energy Active Adventure & Agility Exercise,Needs at least 60-90 minutes of vigorous daily exercise and puzzle toys to prevent boredom and anxiety.
Dog,Beagle,4.8,10.6,Overweight,Moderate,Weight Management (Low Calorie & High Satiety Fiber),Hill's Science Diet Perfect Weight Formula,Standard Boarding & Daily Enrichment Walking,Engage in structured 30-minute low-impact daily walks. Weigh meal portions accurately and avoid high-calorie table scraps.
Dog,French Bulldog,5.2,10.7,Overweight,Low,Weight Management (Low Calorie & High Satiety Fiber),Hill's Science Diet Perfect Weight Formula,Standard Boarding & Daily Enrichment Walking,Engage in structured 30-minute low-impact daily walks. Weigh meal portions accurately and avoid high-calorie table scraps.
Dog,Dachshund,4.2,8.5,Healthy,Moderate,Daily Complete Balanced Adult Maintenance,Blue Buffalo Life Protection Natural Adult Blend,Standard Boarding & Daily Enrichment Walking,"Maintain regular biannual health checkups, brush teeth weekly, and ensure fresh hydration throughout the day."
Cat,Maine Coon,16.9,8.2,Overweight,Low,Weight Management (Low Calorie & High Satiety Fiber),Hill's Science Diet Perfect Weight Formula,Gentle In-Home Senior Care & Medication Supervision,Engage in structured 30-minute low-impact daily walks. Weigh meal portions accurately and avoid high-calorie table scraps.
Dog,Golden Retriever,12.6,37.5,Healthy,Low,Senior Mobility & Joint Care (Glucosamine & Omega-3),Purina Pro Plan Veterinary Diets JM Joint Mobility,Gentle In-Home Senior Care & Medication Supervision,"Maintain regular biannual health checkups, brush teeth weekly, and ensure fresh hydration throughout the day."
Cat,Siamese Cat,7.8,2.8,Healthy,Moderate,Daily Complete Balanced Adult Maintenance,Blue Buffalo Life Protection Natural Adult Blend,Standard Boarding & Daily Enrichment Walking,"Maintain regular biannual health checkups, brush teeth weekly, and ensure fresh hydration throughout the day."
Dog,Poodle,3.7,22.7,Overweight,Low,Weight Management (Low Calorie & High Satiety Fiber),Hill's Science Diet Perfect Weight Formula,Standard Boarding & Daily Enrichment Walking,Engage in structured 30-minute low-impact daily walks. Weigh meal portions accurately and avoid high-calorie table scraps.
Cat,Maine Coon,16.7,8.6,Joint Issues / Arthritis,Low,Senior Mobility & Joint Care (Glucosamine & Omega-3),Purina Pro Plan Veterinary Diets JM Joint Mobility,Gentle In-Home Senior Care & Medication Supervision,"Provide orthopedic bedding, avoid stairs or sudden jumping, and supplement with EPA/DHA fatty acids for joint lubrication."
Dog,Poodle,6.4,21.1,Healthy,Moderate,Daily Complete Balanced Adult Maintenance,Blue Buffalo Life Protection Natural Adult Blend,Standard Boarding & Daily Enrichment Walking,"Maintain regular biannual health checkups, brush teeth weekly, and ensure fresh hydration throughout the day."
Dog,Rottweiler,5.9,29.2,Sensitive Stomach / Allergies,High,Hypoallergenic Single-Source Protein & Grain-Free,Farmina N&D Ocean Grain-Free Hypoallergenic Formula,High-Energy Active Adventure & Agility Exercise,Needs at least 60-90 minutes of vigorous daily exercise and puzzle toys to prevent boredom and anxiety.
Dog,Dachshund,2.2,11.0,Healthy,High,Active Performance & Muscle Fuel (30/20 High Energy),Orijen Amazing Grains High-Protein Energy Feast,High-Energy Active Adventure & Agility Exercise,Needs at least 60-90 minutes of vigorous daily exercise and puzzle toys to prevent boredom and anxiety.
Dog,Poodle,4.8,17.4,Healthy,Low,Daily Complete Balanced Adult Maintenance,Blue Buffalo Life Protection Natural Adult Blend,Standard Boarding & Daily Enrichment Walking,"Maintain regular biannual health checkups, brush teeth weekly, and ensure fresh hydration throughout the day."
Dog,Boxer,2.3,29.0,Healthy,Very High,Active Performance & Muscle Fuel (30/20 High Energy),Orijen Amazing Grains High-Protein Energy Feast,High-Energy Active Adventure & Agility Exercise,Needs at least 60-90 minutes of vigorous daily exercise and puzzle toys to prevent boredom and anxiety.
Dog,Boxer,1.7,33.8,Underweight,Very High,Active Performance & Muscle Fuel (30/20 High Energy),Orijen Amazing Grains High-Protein Energy Feast,High-Energy Active Adventure & Agility Exercise,Needs at least 60-90 minutes of vigorous daily exercise and puzzle toys to prevent boredom and anxiety.
Dog,Labrador Retriever,8.1,32.8,Underweight,Moderate,Senior Mobility & Joint Care (Glucosamine & Omega-3),Purina Pro Plan Veterinary Diets JM Joint Mobility,Standard Boarding & Daily Enrichment Walking,"Maintain regular biannual health checkups, brush teeth weekly, and ensure fresh hydration throughout the day."
Dog,Labrador Retriever,12.8,28.8,Healthy,Low,Senior Mobility & Joint Care (Glucosamine & Omega-3),Purina Pro Plan Veterinary Diets JM Joint Mobility,Gentle In-Home Senior Care & Medication Supervision,"Maintain regular biannual health checkups, brush teeth weekly, and ensure fresh hydration throughout the day."
Dog,Rottweiler,8.3,32.5,Sensitive Stomach / Allergies,High,Senior Mobility & Joint Care (Glucosamine & Omega-3),Purina Pro Plan Veterinary Diets JM Joint Mobility,High-Energy Active Adventure & Agility Exercise,Needs at least 60-90 minutes of vigorous daily exercise and puzzle toys to prevent boredom and anxiety.
Dog,Golden Retriever,7.8,36.2,Healthy,Moderate,Daily Complete Balanced Adult Maintenance,Blue Buffalo Life Protection Natural Adult Blend,Standard Boarding & Daily Enrichment Walking,"Maintain regular biannual health checkups, brush teeth weekly, and ensure fresh hydration throughout the day."
Cat,British Shorthair,8.6,1.7,Dental Issues,Moderate,Senior Mobility & Joint Care (Glucosamine & Omega-3),Purina Pro Plan Veterinary Diets JM Joint Mobility,Standard Boarding & Daily Enrichment Walking,"Maintain regular biannual health checkups, brush teeth weekly, and ensure fresh hydration throughout the day."
Dog,Poodle,2.6,22.2,Overweight,Moderate,Weight Management (Low Calorie & High Satiety Fiber),Hill's Science Diet Perfect Weight Formula,Standard Boarding & Daily Enrichment Walking,Engage in structured 30-minute low-impact daily walks. Weigh meal portions accurately and avoid high-calorie table scraps.
Cat,Persian Cat,1.0,5.8,Joint Issues / Arthritis,Low,Senior Mobility & Joint Care (Glucosamine & Omega-3),Purina Pro Plan Veterinary Diets JM Joint Mobility,Gentle In-Home Senior Care & Medication Supervision,"Provide orthopedic bedding, avoid stairs or sudden jumping, and supplement with EPA/DHA fatty acids for joint lubrication."
Dog,German Shepherd,12.6,25.4,Healthy,Low,Senior Mobility & Joint Care (Glucosamine & Omega-3),Purina Pro Plan Veterinary Diets JM Joint Mobility,Gentle In-Home Senior Care & Medication Supervision,"Maintain regular biannual health checkups, brush teeth weekly, and ensure fresh hydration throughout the day."
Dog,Dachshund,3.1,10.1,Healthy,Low,Daily Complete Balanced Adult Maintenance,Blue Buffalo Life Protection Natural Adult Blend,Standard Boarding & Daily Enrichment Walking,"Maintain regular biannual health checkups, brush teeth weekly, and ensure fresh hydration throughout the day."
Dog,Beagle,3.7,13.7,Sensitive Stomach / Allergies,High,Hypoallergenic Single-Source Protein & Grain-Free,Farmina N&D Ocean Grain-Free Hypoallergenic Formula,High-Energy Active Adventure & Agility Exercise,Needs at least 60-90 minutes of vigorous daily exercise and puzzle toys to prevent boredom and anxiety.
Dog,Beagle,5.9,11.4,Healthy,Moderate,Daily Complete Balanced Adult Maintenance,Blue Buffalo Life Protection Natural Adult Blend,Standard Boarding & Daily Enrichment Walking,"Maintain regular biannual health checkups, brush teeth weekly, and ensure fresh hydration throughout the day."
Dog,Golden Retriever,15.0,27.4,Healthy,Low,Senior Mobility & Joint Care (Glucosamine & Omega-3),Purina Pro Plan Veterinary Diets JM Joint Mobility,Gentle In-Home Senior Care & Medication Supervision,"Maintain regular biannual health checkups, brush teeth weekly, and ensure fresh hydration throughout the day."
Dog,Rottweiler,2.5,40.6,Joint Issues / Arthritis,Low,Senior Mobility & Joint Care (Glucosamine & Omega-3),Purina Pro Plan Veterinary Diets JM Joint Mobility,Gentle In-Home Senior Care & Medication Supervision,"Provide orthopedic bedding, avoid stairs or sudden jumping, and supplement with EPA/DHA fatty acids for joint lubrication."
Dog,Rottweiler,6.9,38.1,Overweight,Low,Weight Management (Low Calorie & High Satiety Fiber),Hill's Science Diet Perfect Weight Formula,Standard Boarding & Daily Enrichment Walking,Engage in structured 30-minute low-impact daily walks. Weigh meal portions accurately and avoid high-calorie table scraps.
Dog,Labrador Retriever,7.0,33.1,Overweight,Low,Weight Management (Low Calorie & High Satiety Fiber),Hill's Science Diet Perfect Weight Formula,Standard Boarding & Daily Enrichment Walking,Engage in structured 30-minute low-impact daily walks. Weigh meal portions accurately and avoid high-calorie table scraps.
Dog,Boxer,6.9,28.7,Healthy,Very High,Active Performance & Muscle Fuel (30/20 High Energy),Orijen Amazing Grains High-Protein Energy Feast,High-Energy Active Adventure & Agility Exercise,Needs at least 60-90 minutes of vigorous daily exercise and puzzle toys to prevent boredom and anxiety.
Dog,Boxer,6.7,32.8,Overweight,Low,Weight Management (Low Calorie & High Satiety Fiber),Hill's Science Diet Perfect Weight Formula,Standard Boarding & Daily Enrichment Walking,Engage in structured 30-minute low-impact daily walks. Weigh meal portions accurately and avoid high-calorie table scraps.
Dog,Labrador Retriever,8.5,36.4,Joint Issues / Arthritis,Low,Senior Mobility & Joint Care (Glucosamine & Omega-3),Purina Pro Plan Veterinary Diets JM Joint Mobility,Gentle In-Home Senior Care & Medication Supervision,"Provide orthopedic bedding, avoid stairs or sudden jumping, and supplement with EPA/DHA fatty acids for joint lubrication."
Dog,German Shepherd,0.6,14.7,Underweight,High,Growth & Development (High Protein & DHA),Royal Canin Puppy / Kitten Starter Nutrition,Puppy / Kitten Care & Socialization Routine,Feed 3-4 small portioned meals daily. Complete vaccination schedule and prioritize positive-reinforcement socialization for German Shepherd.
Dog,Rottweiler,13.9,34.4,Healthy,Low,Senior Mobility & Joint Care (Glucosamine & Omega-3),Purina Pro Plan Veterinary Diets JM Joint Mobility,Gentle In-Home Senior Care & Medication Supervision,"Maintain regular biannual health checkups, brush teeth weekly, and ensure fresh hydration throughout the day."
Cat,Siamese Cat,11.9,6.8,Healthy,Moderate,Senior Mobility & Joint Care (Glucosamine & Omega-3),Purina Pro Plan Veterinary Diets JM Joint Mobility,Gentle In-Home Senior Care & Medication Supervision,"Maintain regular biannual health checkups, brush teeth weekly, and ensure fresh hydration throughout the day."
Cat,Domestic Shorthair,4.9,1.4,Healthy,High,Active Performance & Muscle Fuel (30/20 High Energy),Orijen Amazing Grains High-Protein Energy Feast,High-Energy Active Adventure & Agility Exercise,Needs at least 60-90 minutes of vigorous daily exercise and puzzle toys to prevent boredom and anxiety.
Dog,French Bulldog,13.8,10.8,Overweight,Moderate,Weight Management (Low Calorie & High Satiety Fiber),Hill's Science Diet Perfect Weight Formula,Gentle In-Home Senior Care & Medication Supervision,Engage in structured 30-minute low-impact daily walks. Weigh meal portions accurately and avoid high-calorie table scraps.
Cat,Persian Cat,0.5,1.9,Healthy,Very High,Growth & Development (High Protein & DHA),Royal Canin Puppy / Kitten Starter Nutrition,Puppy / Kitten Care & Socialization Routine,Feed 3-4 small portioned meals daily. Complete vaccination schedule and prioritize positive-reinforcement socialization for Persian Cat.
Dog,Poodle,13.2,13.8,Healthy,Low,Senior Mobility & Joint Care (Glucosamine & Omega-3),Purina Pro Plan Veterinary Diets JM Joint Mobility,Gentle In-Home Senior Care & Medication Supervision,"Maintain regular biannual health checkups, brush teeth weekly, and ensure fresh hydration throughout the day."
Dog,Golden Retriever,4.5,32.6,Healthy,Moderate,Daily Complete Balanced Adult Maintenance,Blue Buffalo Life Protection Natural Adult Blend,Standard Boarding & Daily Enrichment Walking,"Maintain regular biannual health checkups, brush teeth weekly, and ensure fresh hydration throughout the day."
Cat,Persian Cat,3.8,8.1,Sensitive Stomach / Allergies,High,Hypoallergenic Single-Source Protein & Grain-Free,Farmina N&D Ocean Grain-Free Hypoallergenic Formula,High-Energy Active Adventure & Agility Exercise,Needs at least 60-90 minutes of vigorous daily exercise and puzzle toys to prevent boredom and anxiety.
Dog,Beagle,1.0,14.5,Sensitive Stomach / Allergies,Very High,Hypoallergenic Single-Source Protein & Grain-Free,Farmina N&D Ocean Grain-Free Hypoallergenic Formula,High-Energy Active Adventure & Agility Exercise,Needs at least 60-90 minutes of vigorous daily exercise and puzzle toys to prevent boredom and anxiety.
Dog,Beagle,9.9,10.1,Sensitive Stomach / Allergies,Moderate,Senior Mobility & Joint Care (Glucosamine & Omega-3),Purina Pro Plan Veterinary Diets JM Joint Mobility,Specialized Medical Monitoring & Controlled Diet Feeding,"Maintain regular biannual health checkups, brush teeth weekly, and ensure fresh hydration throughout the day."
Dog,Poodle,4.9,18.1,Healthy,Moderate,Daily Complete Balanced Adult Maintenance,Blue Buffalo Life Protection Natural Adult Blend,Standard Boarding & Daily Enrichment Walking,"Maintain regular biannual health checkups, brush teeth weekly, and ensure fresh hydration throughout the day."
Cat,Persian Cat,11.1,3.8,Joint Issues / Arthritis,Low,Senior Mobility & Joint Care (Glucosamine & Omega-3),Purina Pro Plan Veterinary Diets JM Joint Mobility,Gentle In-Home Senior Care & Medication Supervision,"Provide orthopedic bedding, avoid stairs or sudden jumping, and supplement with EPA/DHA fatty acids for joint lubrication."
Cat,Maine Coon,16.0,9.1,Healthy,Low,Senior Mobility & Joint Care (Glucosamine & Omega-3),Purina Pro Plan Veterinary Diets JM Joint Mobility,Gentle In-Home Senior Care & Medication Supervision,"Maintain regular biannual health checkups, brush teeth weekly, and ensure fresh hydration throughout the day."
Cat,Siamese Cat,4.0,3.9,Healthy,High,Active Performance & Muscle Fuel (30/20 High Energy),Orijen Amazing Grains High-Protein Energy Feast,High-Energy Active Adventure & Agility Exercise,Needs at least 60-90 minutes of vigorous daily exercise and puzzle toys to prevent boredom and anxiety.
Cat,Siamese Cat,8.8,3.5,Healthy,Moderate,Senior Mobility & Joint Care (Glucosamine & Omega-3),Purina Pro Plan Veterinary Diets JM Joint Mobility,Standard Boarding & Daily Enrichment Walking,"Maintain regular biannual health checkups, brush teeth weekly, and ensure fresh hydration throughout the day."
Cat,Maine Coon,8.9,6.9,Sensitive Stomach / Allergies,Moderate,Senior Mobility & Joint Care (Glucosamine & Omega-3),Purina Pro Plan Veterinary Diets JM Joint Mobility,Specialized Medical Monitoring & Controlled Diet Feeding,"Maintain regular biannual health checkups, brush teeth weekly, and ensure fresh hydration throughout the day."
Dog,German Shepherd,7.1,29.0,Underweight,Very High,Active Performance & Muscle Fuel (30/20 High Energy),Orijen Amazing Grains High-Protein Energy Feast,High-Energy Active Adventure & Agility Exercise,Needs at least 60-90 minutes of vigorous daily exercise and puzzle toys to prevent boredom and anxiety.
Dog,Labrador Retriever,14.0,24.9,Healthy,Low,Senior Mobility & Joint Care (Glucosamine & Omega-3),Purina Pro Plan Veterinary Diets JM Joint Mobility,Gentle In-Home Senior Care & Medication Supervision,"Maintain regular biannual health checkups, brush teeth weekly, and ensure fresh hydration throughout the day."
Cat,Siamese Cat,3.3,4.5,Healthy,Moderate,Daily Complete Balanced Adult Maintenance,Blue Buffalo Life Protection Natural Adult Blend,Standard Boarding & Daily Enrichment Walking,"Maintain regular biannual health checkups, brush teeth weekly, and ensure fresh hydration throughout the day."
Dog,Rottweiler,1.8,23.0,Dental Issues,Very High,Active Performance & Muscle Fuel (30/20 High Energy),Orijen Amazing Grains High-Protein Energy Feast,High-Energy Active Adventure & Agility Exercise,Needs at least 60-90 minutes of vigorous daily exercise and puzzle toys to prevent boredom and anxiety.
Dog,Dachshund,13.5,13.1,Healthy,Moderate,Senior Mobility & Joint Care (Glucosamine & Omega-3),Purina Pro Plan Veterinary Diets JM Joint Mobility,Gentle In-Home Senior Care & Medication Supervision,"Maintain regular biannual health checkups, brush teeth weekly, and ensure fresh hydration throughout the day."
Dog,Labrador Retriever,6.8,23.6,Healthy,Moderate,Daily Complete Balanced Adult Maintenance,Blue Buffalo Life Protection Natural Adult Blend,Standard Boarding & Daily Enrichment Walking,"Maintain regular biannual health checkups, brush teeth weekly, and ensure fresh hydration throughout the day."
Dog,Siberian Husky,2.7,39.9,Sensitive Stomach / Allergies,High,Hypoallergenic Single-Source Protein & Grain-Free,Farmina N&D Ocean Grain-Free Hypoallergenic Formula,High-Energy Active Adventure & Agility Exercise,Needs at least 60-90 minutes of vigorous daily exercise and puzzle toys to prevent boredom and anxiety.
Dog,Boxer,4.5,24.3,Sensitive Stomach / Allergies,High,Hypoallergenic Single-Source Protein & Grain-Free,Farmina N&D Ocean Grain-Free Hypoallergenic Formula,High-Energy Active Adventure & Agility Exercise,Needs at least 60-90 minutes of vigorous daily exercise and puzzle toys to prevent boredom and anxiety.
Cat,British Shorthair,8.1,8.6,Underweight,Moderate,Senior Mobility & Joint Care (Glucosamine & Omega-3),Purina Pro Plan Veterinary Diets JM Joint Mobility,Standard Boarding & Daily Enrichment Walking,"Maintain regular biannual health checkups, brush teeth weekly, and ensure fresh hydration throughout the day."
Dog,Boxer,0.9,22.9,Healthy,High,Growth & Development (High Protein & DHA),Royal Canin Puppy / Kitten Starter Nutrition,Puppy / Kitten Care & Socialization Routine,Feed 3-4 small portioned meals daily. Complete vaccination schedule and prioritize positive-reinforcement socialization for Boxer.
Dog,Poodle,6.3,13.6,Healthy,Low,Daily Complete Balanced Adult Maintenance,Blue Buffalo Life Protection Natural Adult Blend,Standard Boarding & Daily Enrichment Walking,"Maintain regular biannual health checkups, brush teeth weekly, and ensure fresh hydration throughout the day."
Dog,Dachshund,5.0,12.0,Healthy,Moderate,Daily Complete Balanced Adult Maintenance,Blue Buffalo Life Protection Natural Adult Blend,Standard Boarding & Daily Enrichment Walking,"Maintain regular biannual health checkups, brush teeth weekly, and ensure fresh hydration throughout the day."
Cat,Domestic Shorthair,7.9,8.6,Joint Issues / Arthritis,Low,Senior Mobility & Joint Care (Glucosamine & Omega-3),Purina Pro Plan Veterinary Diets JM Joint Mobility,Gentle In-Home Senior Care & Medication Supervision,"Provide orthopedic bedding, avoid stairs or sudden jumping, and supplement with EPA/DHA fatty acids for joint lubrication."
Dog,Labrador Retriever,8.1,40.8,Senior Cognitive Decline,Moderate,Senior Mobility & Joint Care (Glucosamine & Omega-3),Purina Pro Plan Veterinary Diets JM Joint Mobility,Gentle In-Home Senior Care & Medication Supervision,"Maintain regular biannual health checkups, brush teeth weekly, and ensure fresh hydration throughout the day."
Dog,French Bulldog,14.4,11.2,Underweight,Low,Senior Mobility & Joint Care (Glucosamine & Omega-3),Purina Pro Plan Veterinary Diets JM Joint Mobility,Gentle In-Home Senior Care & Medication Supervision,"Maintain regular biannual health checkups, brush teeth weekly, and ensure fresh hydration throughout the day."
Cat,Maine Coon,8.9,8.5,Healthy,Moderate,Senior Mobility & Joint Care (Glucosamine & Omega-3),Purina Pro Plan Veterinary Diets JM Joint Mobility,Standard Boarding & Daily Enrichment Walking,"Maintain regular biannual health checkups, brush teeth weekly, and ensure fresh hydration throughout the day."
Dog,Labrador Retriever,10.1,22.7,Joint Issues / Arthritis,Low,Senior Mobility & Joint Care (Glucosamine & Omega-3),Purina Pro Plan Veterinary Diets JM Joint Mobility,Gentle In-Home Senior Care & Medication Supervision,"Provide orthopedic bedding, avoid stairs or sudden jumping, and supplement with EPA/DHA fatty acids for joint lubrication."
Dog,French Bulldog,14.5,12.2,Healthy,Low,Senior Mobility & Joint Care (Glucosamine & Omega-3),Purina Pro Plan Veterinary Diets JM Joint Mobility,Gentle In-Home Senior Care & Medication Supervision,"Maintain regular biannual health checkups, brush teeth weekly, and ensure fresh hydration throughout the day."
Cat,Domestic Shorthair,11.0,3.0,Sensitive Stomach / Allergies,Low,Senior Mobility & Joint Care (Glucosamine & Omega-3),Purina Pro Plan Veterinary Diets JM Joint Mobility,Gentle In-Home Senior Care & Medication Supervision,"Maintain regular biannual health checkups, brush teeth weekly, and ensure fresh hydration throughout the day."
Dog,German Shepherd,3.1,28.0,Healthy,Very High,Active Performance & Muscle Fuel (30/20 High Energy),Orijen Amazing Grains High-Protein Energy Feast,High-Energy Active Adventure & Agility Exercise,Needs at least 60-90 minutes of vigorous daily exercise and puzzle toys to prevent boredom and anxiety.
Dog,Rottweiler,3.1,21.5,Post-Surgery Recovery,High,Active Performance & Muscle Fuel (30/20 High Energy),Orijen Amazing Grains High-Protein Energy Feast,High-Energy Active Adventure & Agility Exercise,Needs at least 60-90 minutes of vigorous daily exercise and puzzle toys to prevent boredom and anxiety.
Cat,Bengal Cat,11.9,7.6,Healthy,Low,Senior Mobility & Joint Care (Glucosamine & Omega-3),Purina Pro Plan Veterinary Diets JM Joint Mobility,Gentle In-Home Senior Care & Medication Supervision,"Maintain regular biannual health checkups, brush teeth weekly, and ensure fresh hydration throughout the day."
Dog,German Shepherd,7.0,32.9,Dental Issues,High,Active Performance & Muscle Fuel (30/20 High Energy),Orijen Amazing Grains High-Protein Energy Feast,High-Energy Active Adventure & Agility Exercise,Needs at least 60-90 minutes of vigorous daily exercise and puzzle toys to prevent boredom and anxiety.
Dog,Beagle,2.7,14.3,Joint Issues / Arthritis,Low,Senior Mobility & Joint Care (Glucosamine & Omega-3),Purina Pro Plan Veterinary Diets JM Joint Mobility,Gentle In-Home Senior Care & Medication Supervision,"Provide orthopedic bedding, avoid stairs or sudden jumping, and supplement with EPA/DHA fatty acids for joint lubrication."
Cat,Siamese Cat,4.4,5.2,Healthy,Low,Daily Complete Balanced Adult Maintenance,Blue Buffalo Life Protection Natural Adult Blend,Standard Boarding & Daily Enrichment Walking,"Maintain regular biannual health checkups, brush teeth weekly, and ensure fresh hydration throughout the day."
Cat,British Shorthair,9.0,4.0,Senior Cognitive Decline,Low,Senior Mobility & Joint Care (Glucosamine & Omega-3),Purina Pro Plan Veterinary Diets JM Joint Mobility,Gentle In-Home Senior Care & Medication Supervision,"Maintain regular biannual health checkups, brush teeth weekly, and ensure fresh hydration throughout the day."
Dog,Dachshund,4.7,5.0,Healthy,Moderate,Daily Complete Balanced Adult Maintenance,Blue Buffalo Life Protection Natural Adult Blend,Standard Boarding & Daily Enrichment Walking,"Maintain regular biannual health checkups, brush teeth weekly, and ensure fresh hydration throughout the day."
Cat,Maine Coon,7.9,9.3,Overweight,Low,Weight Management (Low Calorie & High Satiety Fiber),Hill's Science Diet Perfect Weight Formula,Standard Boarding & Daily Enrichment Walking,Engage in structured 30-minute low-impact daily walks. Weigh meal portions accurately and avoid high-calorie table scraps.
Dog,Labrador Retriever,13.5,22.2,Joint Issues / Arthritis,Low,Senior Mobility & Joint Care (Glucosamine & Omega-3),Purina Pro Plan Veterinary Diets JM Joint Mobility,Gentle In-Home Senior Care & Medication Supervision,"Provide orthopedic bedding, avoid stairs or sudden jumping, and supplement with EPA/DHA fatty acids for joint lubrication."
Dog,French Bulldog,1.2,12.6,Joint Issues / Arthritis,Low,Senior Mobility & Joint Care (Glucosamine & Omega-3),Purina Pro Plan Veterinary Diets JM Joint Mobility,Gentle In-Home Senior Care & Medication Supervision,"Provide orthopedic bedding, avoid stairs or sudden jumping, and supplement with EPA/DHA fatty acids for joint lubrication."
Dog,Siberian Husky,7.2,33.0,Overweight,Low,Weight Management (Low Calorie & High Satiety Fiber),Hill's Science Diet Perfect Weight Formula,Standard Boarding & Daily Enrichment Walking,Engage in structured 30-minute low-impact daily walks. Weigh meal portions accurately and avoid high-calorie table scraps.
Dog,Rottweiler,9.1,30.7,Healthy,High,Senior Mobility & Joint Care (Glucosamine & Omega-3),Purina Pro Plan Veterinary Diets JM Joint Mobility,High-Energy Active Adventure & Agility Exercise,Needs at least 60-90 minutes of vigorous daily exercise and puzzle toys to prevent boredom and anxiety.
Dog,Golden Retriever,13.0,26.9,Healthy,Low,Senior Mobility & Joint Care (Glucosamine & Omega-3),Purina Pro Plan Veterinary Diets JM Joint Mobility,Gentle In-Home Senior Care & Medication Supervision,"Maintain regular biannual health checkups, brush teeth weekly, and ensure fresh hydration throughout the day."
Dog,Beagle,6.0,12.3,Healthy,Low,Daily Complete Balanced Adult Maintenance,Blue Buffalo Life Protection Natural Adult Blend,Standard Boarding & Daily Enrichment Walking,"Maintain regular biannual health checkups, brush teeth weekly, and ensure fresh hydration throughout the day."
Dog,Dachshund,10.1,6.7,Healthy,Low,Senior Mobility & Joint Care (Glucosamine & Omega-3),Purina Pro Plan Veterinary Diets JM Joint Mobility,Gentle In-Home Senior Care & Medication Supervision,"Maintain regular biannual health checkups, brush teeth weekly, and ensure fresh hydration throughout the day."
Dog,German Shepherd,8.0,37.2,Healthy,Very High,Active Performance & Muscle Fuel (30/20 High Energy),Orijen Amazing Grains High-Protein Energy Feast,High-Energy Active Adventure & Agility Exercise,Needs at least 60-90 minutes of vigorous daily exercise and puzzle toys to prevent boredom and anxiety.
Cat,Persian Cat,2.7,5.0,Joint Issues / Arthritis,Low,Senior Mobility & Joint Care (Glucosamine & Omega-3),Purina Pro Plan Veterinary Diets JM Joint Mobility,Gentle In-Home Senior Care & Medication Supervision,"Provide orthopedic bedding, avoid stairs or sudden jumping, and supplement with EPA/DHA fatty acids for joint lubrication."
Dog,French Bulldog,12.6,12.8,Overweight,Low,Weight Management (Low Calorie & High Satiety Fiber),Hill's Science Diet Perfect Weight Formula,Gentle In-Home Senior Care & Medication Supervision,Engage in structured 30-minute low-impact daily walks. Weigh meal portions accurately and avoid high-calorie table scraps.
Dog,Siberian Husky,9.2,29.2,Healthy,Very High,Senior Mobility & Joint Care (Glucosamine & Omega-3),Purina Pro Plan Veterinary Diets JM Joint Mobility,High-Energy Active Adventure & Agility Exercise,Needs at least 60-90 minutes of vigorous daily exercise and puzzle toys to prevent boredom and anxiety.
Dog,Rottweiler,0.9,25.2,Overweight,Moderate,Growth & Development (High Protein & DHA),Royal Canin Puppy / Kitten Starter Nutrition,Puppy / Kitten Care & Socialization Routine,Feed 3-4 small portioned meals daily. Complete vaccination schedule and prioritize positive-reinforcement socialization for Rottweiler.
Cat,Maine Coon,11.2,9.3,Healthy,Moderate,Senior Mobility & Joint Care (Glucosamine & Omega-3),Purina Pro Plan Veterinary Diets JM Joint Mobility,Gentle In-Home Senior Care & Medication Supervision,"Maintain regular biannual health checkups, brush teeth weekly, and ensure fresh hydration throughout the day."
Dog,Labrador Retriever,7.6,33.4,Sensitive Stomach / Allergies,Moderate,Hypoallergenic Single-Source Protein & Grain-Free,Farmina N&D Ocean Grain-Free Hypoallergenic Formula,Specialized Medical Monitoring & Controlled Diet Feeding,"Maintain regular biannual health checkups, brush teeth weekly, and ensure fresh hydration throughout the day."
Dog,Golden Retriever,11.0,25.2,Healthy,Moderate,Senior Mobility & Joint Care (Glucosamine & Omega-3),Purina Pro Plan Veterinary Diets JM Joint Mobility,Gentle In-Home Senior Care & Medication Supervision,"Maintain regular biannual health checkups, brush teeth weekly, and ensure fresh hydration throughout the day."
Cat,Maine Coon,15.9,12.5,Joint Issues / Arthritis,Low,Senior Mobility & Joint Care (Glucosamine & Omega-3),Purina Pro Plan Veterinary Diets JM Joint Mobility,Gentle In-Home Senior Care & Medication Supervision,"Provide orthopedic bedding, avoid stairs or sudden jumping, and supplement with EPA/DHA fatty acids for joint lubrication."
Dog,Boxer,9.2,34.4,Dental Issues,Very High,Senior Mobility & Joint Care (Glucosamine & Omega-3),Purina Pro Plan Veterinary Diets JM Joint Mobility,High-Energy Active Adventure & Agility Exercise,Needs at least 60-90 minutes of vigorous daily exercise and puzzle toys to prevent boredom and anxiety.
Dog,French Bulldog,2.1,10.7,Dental Issues,Moderate,Daily Complete Balanced Adult Maintenance,Blue Buffalo Life Protection Natural Adult Blend,Standard Boarding & Daily Enrichment Walking,"Maintain regular biannual health checkups, brush teeth weekly, and ensure fresh hydration throughout the day."
Dog,Dachshund,8.6,4.8,Overweight,Moderate,Weight Management (Low Calorie & High Satiety Fiber),Hill's Science Diet Perfect Weight Formula,Standard Boarding & Daily Enrichment Walking,Engage in structured 30-minute low-impact daily walks. Weigh meal portions accurately and avoid high-calorie table scraps.
Cat,Siamese Cat,14.8,3.2,Sensitive Stomach / Allergies,Low,Senior Mobility & Joint Care (Glucosamine & Omega-3),Purina Pro Plan Veterinary Diets JM Joint Mobility,Gentle In-Home Senior Care & Medication Supervision,"Maintain regular biannual health checkups, brush teeth weekly, and ensure fresh hydration throughout the day."
Dog,Rottweiler,10.0,43.8,Sensitive Stomach / Allergies,High,Senior Mobility & Joint Care (Glucosamine & Omega-3),Purina Pro Plan Veterinary Diets JM Joint Mobility,High-Energy Active Adventure & Agility Exercise,Needs at least 60-90 minutes of vigorous daily exercise and puzzle toys to prevent boredom and anxiety.
Dog,Rottweiler,9.7,25.6,Healthy,Moderate,Senior Mobility & Joint Care (Glucosamine & Omega-3),Purina Pro Plan Veterinary Diets JM Joint Mobility,Standard Boarding & Daily Enrichment Walking,"Maintain regular biannual health checkups, brush teeth weekly, and ensure fresh hydration throughout the day."
Dog,French Bulldog,11.9,11.5,Healthy,Low,Senior Mobility & Joint Care (Glucosamine & Omega-3),Purina Pro Plan Veterinary Diets JM Joint Mobility,Gentle In-Home Senior Care & Medication Supervision,"Maintain regular biannual health checkups, brush teeth weekly, and ensure fresh hydration throughout the day."
Dog,Beagle,14.8,8.4,Sensitive Stomach / Allergies,Low,Senior Mobility & Joint Care (Glucosamine & Omega-3),Purina Pro Plan Veterinary Diets JM Joint Mobility,Gentle In-Home Senior Care & Medication Supervision,"Maintain regular biannual health checkups, brush teeth weekly, and ensure fresh hydration throughout the day."
Cat,Maine Coon,2.2,8.9,Sensitive Stomach / Allergies,Moderate,Hypoallergenic Single-Source Protein & Grain-Free,Farmina N&D Ocean Grain-Free Hypoallergenic Formula,Specialized Medical Monitoring & Controlled Diet Feeding,"Maintain regular biannual health checkups, brush teeth weekly, and ensure fresh hydration throughout the day."
Dog,Rottweiler,3.1,32.8,Sensitive Stomach / Allergies,High,Hypoallergenic Single-Source Protein & Grain-Free,Farmina N&D Ocean Grain-Free Hypoallergenic Formula,High-Energy Active Adventure & Agility Exercise,Needs at least 60-90 minutes of vigorous daily exercise and puzzle toys to prevent boredom and anxiety.
Cat,Persian Cat,5.5,4.1,Sensitive Stomach / Allergies,Moderate,Hypoallergenic Single-Source Protein & Grain-Free,Farmina N&D Ocean Grain-Free Hypoallergenic Formula,Specialized Medical Monitoring & Controlled Diet Feeding,"Maintain regular biannual health checkups, brush teeth weekly, and ensure fresh hydration throughout the day."
Cat,Siamese Cat,6.8,3.6,Joint Issues / Arthritis,Low,Senior Mobility & Joint Care (Glucosamine & Omega-3),Purina Pro Plan Veterinary Diets JM Joint Mobility,Gentle In-Home Senior Care & Medication Supervision,"Provide orthopedic bedding, avoid stairs or sudden jumping, and supplement with EPA/DHA fatty acids for joint lubrication."
Dog,Beagle,11.1,13.2,Joint Issues / Arthritis,Moderate,Senior Mobility & Joint Care (Glucosamine & Omega-3),Purina Pro Plan Veterinary Diets JM Joint Mobility,Gentle In-Home Senior Care & Medication Supervision,"Provide orthopedic bedding, avoid stairs or sudden jumping, and supplement with EPA/DHA fatty acids for joint lubrication."
Dog,Boxer,3.6,39.5,Healthy,Very High,Active Performance & Muscle Fuel (30/20 High Energy),Orijen Amazing Grains High-Protein Energy Feast,High-Energy Active Adventure & Agility Exercise,Needs at least 60-90 minutes of vigorous daily exercise and puzzle toys to prevent boredom and anxiety.
Dog,Golden Retriever,15.0,41.8,Healthy,Low,Senior Mobility & Joint Care (Glucosamine & Omega-3),Purina Pro Plan Veterinary Diets JM Joint Mobility,Gentle In-Home Senior Care & Medication Supervision,"Maintain regular biannual health checkups, brush teeth weekly, and ensure fresh hydration throughout the day."
Cat,Maine Coon,3.4,10.9,Healthy,High,Active Performance & Muscle Fuel (30/20 High Energy),Orijen Amazing Grains High-Protein Energy Feast,High-Energy Active Adventure & Agility Exercise,Needs at least 60-90 minutes of vigorous daily exercise and puzzle toys to prevent boredom and anxiety.
Dog,Poodle,12.1,16.3,Sensitive Stomach / Allergies,Moderate,Senior Mobility & Joint Care (Glucosamine & Omega-3),Purina Pro Plan Veterinary Diets JM Joint Mobility,Gentle In-Home Senior Care & Medication Supervision,"Maintain regular biannual health checkups, brush teeth weekly, and ensure fresh hydration throughout the day."
Dog,Beagle,9.7,12.0,Dental Issues,Low,Senior Mobility & Joint Care (Glucosamine & Omega-3),Purina Pro Plan Veterinary Diets JM Joint Mobility,Standard Boarding & Daily Enrichment Walking,"Maintain regular biannual health checkups, brush teeth weekly, and ensure fresh hydration throughout the day."
Cat,Bengal Cat,3.1,6.0,Joint Issues / Arthritis,Moderate,Senior Mobility & Joint Care (Glucosamine & Omega-3),Purina Pro Plan Veterinary Diets JM Joint Mobility,Gentle In-Home Senior Care & Medication Supervision,"Provide orthopedic bedding, avoid stairs or sudden jumping, and supplement with EPA/DHA fatty acids for joint lubrication."
Dog,Golden Retriever,2.0,31.7,Overweight,Moderate,Weight Management (Low Calorie & High Satiety Fiber),Hill's Science Diet Perfect Weight Formula,Standard Boarding & Daily Enrichment Walking,Engage in structured 30-minute low-impact daily walks. Weigh meal portions accurately and avoid high-calorie table scraps.
Cat,Maine Coon,1.1,8.2,Healthy,High,Active Performance & Muscle Fuel (30/20 High Energy),Orijen Amazing Grains High-Protein Energy Feast,High-Energy Active Adventure & Agility Exercise,Needs at least 60-90 minutes of vigorous daily exercise and puzzle toys to prevent boredom and anxiety.
Dog,Rottweiler,6.7,26.1,Joint Issues / Arthritis,Low,Senior Mobility & Joint Care (Glucosamine & Omega-3),Purina Pro Plan Veterinary Diets JM Joint Mobility,Gentle In-Home Senior Care & Medication Supervision,"Provide orthopedic bedding, avoid stairs or sudden jumping, and supplement with EPA/DHA fatty acids for joint lubrication."
Dog,Rottweiler,10.4,35.7,Sensitive Stomach / Allergies,Low,Senior Mobility & Joint Care (Glucosamine & Omega-3),Purina Pro Plan Veterinary Diets JM Joint Mobility,Gentle In-Home Senior Care & Medication Supervision,"Maintain regular biannual health checkups, brush teeth weekly, and ensure fresh hydration throughout the day."
Cat,Persian Cat,13.6,6.9,Overweight,Low,Weight Management (Low Calorie & High Satiety Fiber),Hill's Science Diet Perfect Weight Formula,Gentle In-Home Senior Care & Medication Supervision,Engage in structured 30-minute low-impact daily walks. Weigh meal portions accurately and avoid high-calorie table scraps.
Dog,Boxer,12.7,27.6,Joint Issues / Arthritis,Low,Senior Mobility & Joint Care (Glucosamine & Omega-3),Purina Pro Plan Veterinary Diets JM Joint Mobility,Gentle In-Home Senior Care & Medication Supervision,"Provide orthopedic bedding, avoid stairs or sudden jumping, and supplement with EPA/DHA fatty acids for joint lubrication."
Cat,Siamese Cat,15.7,6.0,Overweight,Moderate,Weight Management (Low Calorie & High Satiety Fiber),Hill's Science Diet Perfect Weight Formula,Gentle In-Home Senior Care & Medication Supervision,Engage in structured 30-minute low-impact daily walks. Weigh meal portions accurately and avoid high-calorie table scraps.
Dog,Boxer,7.8,41.3,Healthy,High,Active Performance & Muscle Fuel (30/20 High Energy),Orijen Amazing Grains High-Protein Energy Feast,High-Energy Active Adventure & Agility Exercise,Needs at least 60-90 minutes of vigorous daily exercise and puzzle toys to prevent boredom and anxiety.
Cat,Maine Coon,9.7,9.0,Healthy,High,Senior Mobility & Joint Care (Glucosamine & Omega-3),Purina Pro Plan Veterinary Diets JM Joint Mobility,High-Energy Active Adventure & Agility Exercise,Needs at least 60-90 minutes of vigorous daily exercise and puzzle toys to prevent boredom and anxiety.
Cat,Persian Cat,11.3,6.4,Joint Issues / Arthritis,Low,Senior Mobility & Joint Care (Glucosamine & Omega-3),Purina Pro Plan Veterinary Diets JM Joint Mobility,Gentle In-Home Senior Care & Medication Supervision,"Provide orthopedic bedding, avoid stairs or sudden jumping, and supplement with EPA/DHA fatty acids for joint lubrication."
Cat,Maine Coon,16.9,9.0,Joint Issues / Arthritis,Low,Senior Mobility & Joint Care (Glucosamine & Omega-3),Purina Pro Plan Veterinary Diets JM Joint Mobility,Gentle In-Home Senior Care & Medication Supervision,"Provide orthopedic bedding, avoid stairs or sudden jumping, and supplement with EPA/DHA fatty acids for joint lubrication."
Dog,Labrador Retriever,1.8,23.5,Joint Issues / Arthritis,Moderate,Senior Mobility & Joint Care (Glucosamine & Omega-3),Purina Pro Plan Veterinary Diets JM Joint Mobility,Gentle In-Home Senior Care & Medication Supervision,"Provide orthopedic bedding, avoid stairs or sudden jumping, and supplement with EPA/DHA fatty acids for joint lubrication."
Dog,Poodle,11.5,17.9,Healthy,Low,Senior Mobility & Joint Care (Glucosamine & Omega-3),Purina Pro Plan Veterinary Diets JM Joint Mobility,Gentle In-Home Senior Care & Medication Supervision,"Maintain regular biannual health checkups, brush teeth weekly, and ensure fresh hydration throughout the day."
Dog,Poodle,8.9,5.7,Joint Issues / Arthritis,Low,Senior Mobility & Joint Care (Glucosamine & Omega-3),Purina Pro Plan Veterinary Diets JM Joint Mobility,Gentle In-Home Senior Care & Medication Supervision,"Provide orthopedic bedding, avoid stairs or sudden jumping, and supplement with EPA/DHA fatty acids for joint lubrication."
Dog,German Shepherd,8.4,38.6,Joint Issues / Arthritis,Moderate,Senior Mobility & Joint Care (Glucosamine & Omega-3),Purina Pro Plan Veterinary Diets JM Joint Mobility,Gentle In-Home Senior Care & Medication Supervision,"Provide orthopedic bedding, avoid stairs or sudden jumping, and supplement with EPA/DHA fatty acids for joint lubrication."
Dog,Siberian Husky,6.5,41.4,Overweight,Low,Weight Management (Low Calorie & High Satiety Fiber),Hill's Science Diet Perfect Weight Formula,Standard Boarding & Daily Enrichment Walking,Engage in structured 30-minute low-impact daily walks. Weigh meal portions accurately and avoid high-calorie table scraps.
Dog,Dachshund,5.3,11.0,Overweight,Moderate,Weight Management (Low Calorie & High Satiety Fiber),Hill's Science Diet Perfect Weight Formula,Standard Boarding & Daily Enrichment Walking,Engage in structured 30-minute low-impact daily walks. Weigh meal portions accurately and avoid high-calorie table scraps.
Dog,Boxer,9.2,27.0,Healthy,Very High,Senior Mobility & Joint Care (Glucosamine & Omega-3),Purina Pro Plan Veterinary Diets JM Joint Mobility,High-Energy Active Adventure & Agility Exercise,Needs at least 60-90 minutes of vigorous daily exercise and puzzle toys to prevent boredom and anxiety.
Dog,Rottweiler,1.0,24.9,Healthy,Very High,Active Performance & Muscle Fuel (30/20 High Energy),Orijen Amazing Grains High-Protein Energy Feast,High-Energy Active Adventure & Agility Exercise,Needs at least 60-90 minutes of vigorous daily exercise and puzzle toys to prevent boredom and anxiety.
Cat,Bengal Cat,9.5,6.3,Dental Issues,Very High,Senior Mobility & Joint Care (Glucosamine & Omega-3),Purina Pro Plan Veterinary Diets JM Joint Mobility,High-Energy Active Adventure & Agility Exercise,Needs at least 60-90 minutes of vigorous daily exercise and puzzle toys to prevent boredom and anxiety.
Dog,Boxer,8.8,43.1,Post-Surgery Recovery,Very High,Senior Mobility & Joint Care (Glucosamine & Omega-3),Purina Pro Plan Veterinary Diets JM Joint Mobility,High-Energy Active Adventure & Agility Exercise,Needs at least 60-90 minutes of vigorous daily exercise and puzzle toys to prevent boredom and anxiety.
Cat,Maine Coon,2.1,9.6,Joint Issues / Arthritis,Low,Senior Mobility & Joint Care (Glucosamine & Omega-3),Purina Pro Plan Veterinary Diets JM Joint Mobility,Gentle In-Home Senior Care & Medication Supervision,"Provide orthopedic bedding, avoid stairs or sudden jumping, and supplement with EPA/DHA fatty acids for joint lubrication."
Dog,Dachshund,3.7,10.5,Joint Issues / Arthritis,Low,Senior Mobility & Joint Care (Glucosamine & Omega-3),Purina Pro Plan Veterinary Diets JM Joint Mobility,Gentle In-Home Senior Care & Medication Supervision,"Provide orthopedic bedding, avoid stairs or sudden jumping, and supplement with EPA/DHA fatty acids for joint lubrication."
Cat,Domestic Shorthair,0.8,3.4,Healthy,Very High,Growth & Development (High Protein & DHA),Royal Canin Puppy / Kitten Starter Nutrition,Puppy / Kitten Care & Socialization Routine,Feed 3-4 small portioned meals daily. Complete vaccination schedule and prioritize positive-reinforcement socialization for Domestic Shorthair.
Dog,German Shepherd,12.8,33.4,Healthy,Low,Senior Mobility & Joint Care (Glucosamine & Omega-3),Purina Pro Plan Veterinary Diets JM Joint Mobility,Gentle In-Home Senior Care & Medication Supervision,"Maintain regular biannual health checkups, brush teeth weekly, and ensure fresh hydration throughout the day."
Cat,Siamese Cat,11.8,3.5,Senior Cognitive Decline,Low,Senior Mobility & Joint Care (Glucosamine & Omega-3),Purina Pro Plan Veterinary Diets JM Joint Mobility,Gentle In-Home Senior Care & Medication Supervision,"Maintain regular biannual health checkups, brush teeth weekly, and ensure fresh hydration throughout the day."
Dog,Labrador Retriever,0.9,15.4,Post-Surgery Recovery,High,Growth & Development (High Protein & DHA),Royal Canin Puppy / Kitten Starter Nutrition,Puppy / Kitten Care & Socialization Routine,Feed 3-4 small portioned meals daily. Complete vaccination schedule and prioritize positive-reinforcement socialization for Labrador Retriever.
Dog,French Bulldog,14.9,11.3,Sensitive Stomach / Allergies,Low,Senior Mobility & Joint Care (Glucosamine & Omega-3),Purina Pro Plan Veterinary Diets JM Joint Mobility,Gentle In-Home Senior Care & Medication Supervision,"Maintain regular biannual health checkups, brush teeth weekly, and ensure fresh hydration throughout the day."
Dog,German Shepherd,1.8,29.8,Overweight,Low,Weight Management (Low Calorie & High Satiety Fiber),Hill's Science Diet Perfect Weight Formula,Standard Boarding & Daily Enrichment Walking,Engage in structured 30-minute low-impact daily walks. Weigh meal portions accurately and avoid high-calorie table scraps.
Cat,British Shorthair,1.5,8.0,Overweight,Moderate,Weight Management (Low Calorie & High Satiety Fiber),Hill's Science Diet Perfect Weight Formula,Standard Boarding & Daily Enrichment Walking,Engage in structured 30-minute low-impact daily walks. Weigh meal portions accurately and avoid high-calorie table scraps.
Dog,German Shepherd,12.9,40.6,Overweight,Low,Weight Management (Low Calorie & High Satiety Fiber),Hill's Science Diet Perfect Weight Formula,Gentle In-Home Senior Care & Medication Supervision,Engage in structured 30-minute low-impact daily walks. Weigh meal portions accurately and avoid high-calorie table scraps.
Dog,Golden Retriever,12.3,23.4,Joint Issues / Arthritis,Low,Senior Mobility & Joint Care (Glucosamine & Omega-3),Purina Pro Plan Veterinary Diets JM Joint Mobility,Gentle In-Home Senior Care & Medication Supervision,"Provide orthopedic bedding, avoid stairs or sudden jumping, and supplement with EPA/DHA fatty acids for joint lubrication."
Cat,Persian Cat,8.6,3.6,Joint Issues / Arthritis,Low,Senior Mobility & Joint Care (Glucosamine & Omega-3),Purina Pro Plan Veterinary Diets JM Joint Mobility,Gentle In-Home Senior Care & Medication Supervision,"Provide orthopedic bedding, avoid stairs or sudden jumping, and supplement with EPA/DHA fatty acids for joint lubrication."
Cat,British Shorthair,11.2,6.4,Healthy,Low,Senior Mobility & Joint Care (Glucosamine & Omega-3),Purina Pro Plan Veterinary Diets JM Joint Mobility,Gentle In-Home Senior Care & Medication Supervision,"Maintain regular biannual health checkups, brush teeth weekly, and ensure fresh hydration throughout the day."
Dog,Rottweiler,4.0,39.3,Healthy,Moderate,Daily Complete Balanced Adult Maintenance,Blue Buffalo Life Protection Natural Adult Blend,Standard Boarding & Daily Enrichment Walking,"Maintain regular biannual health checkups, brush teeth weekly, and ensure fresh hydration throughout the day."
Dog,Boxer,2.3,24.2,Healthy,High,Active Performance & Muscle Fuel (30/20 High Energy),Orijen Amazing Grains High-Protein Energy Feast,High-Energy Active Adventure & Agility Exercise,Needs at least 60-90 minutes of vigorous daily exercise and puzzle toys to prevent boredom and anxiety.
Dog,Poodle,5.8,9.4,Post-Surgery Recovery,Moderate,Daily Complete Balanced Adult Maintenance,Blue Buffalo Life Protection Natural Adult Blend,Specialized Medical Monitoring & Controlled Diet Feeding,"Maintain regular biannual health checkups, brush teeth weekly, and ensure fresh hydration throughout the day."
Dog,Siberian Husky,14.1,40.5,Overweight,Low,Weight Management (Low Calorie & High Satiety Fiber),Hill's Science Diet Perfect Weight Formula,Gentle In-Home Senior Care & Medication Supervision,Engage in structured 30-minute low-impact daily walks. Weigh meal portions accurately and avoid high-calorie table scraps.
Dog,Beagle,6.0,13.6,Healthy,Moderate,Daily Complete Balanced Adult Maintenance,Blue Buffalo Life Protection Natural Adult Blend,Standard Boarding & Daily Enrichment Walking,"Maintain regular biannual health checkups, brush teeth weekly, and ensure fresh hydration throughout the day."
Dog,Poodle,11.1,15.6,Overweight,Low,Weight Management (Low Calorie & High Satiety Fiber),Hill's Science Diet Perfect Weight Formula,Gentle In-Home Senior Care & Medication Supervision,Engage in structured 30-minute low-impact daily walks. Weigh meal portions accurately and avoid high-calorie table scraps.
Cat,Maine Coon,14.5,8.2,Sensitive Stomach / Allergies,Moderate,Senior Mobility & Joint Care (Glucosamine & Omega-3),Purina Pro Plan Veterinary Diets JM Joint Mobility,Gentle In-Home Senior Care & Medication Supervision,"Maintain regular biannual health checkups, brush teeth weekly, and ensure fresh hydration throughout the day."
Dog,French Bulldog,13.3,12.1,Healthy,Moderate,Senior Mobility & Joint Care (Glucosamine & Omega-3),Purina Pro Plan Veterinary Diets JM Joint Mobility,Gentle In-Home Senior Care & Medication Supervision,"Maintain regular biannual health checkups, brush teeth weekly, and ensure fresh hydration throughout the day."
Dog,German Shepherd,4.9,29.9,Healthy,Very High,Active Performance & Muscle Fuel (30/20 High Energy),Orijen Amazing Grains High-Protein Energy Feast,High-Energy Active Adventure & Agility Exercise,Needs at least 60-90 minutes of vigorous daily exercise and puzzle toys to prevent boredom and anxiety.
Cat,Maine Coon,9.8,3.8,Healthy,High,Senior Mobility & Joint Care (Glucosamine & Omega-3),Purina Pro Plan Veterinary Diets JM Joint Mobility,High-Energy Active Adventure & Agility Exercise,Needs at least 60-90 minutes of vigorous daily exercise and puzzle toys to prevent boredom and anxiety.
Dog,Beagle,1.9,14.9,Healthy,High,Active Performance & Muscle Fuel (30/20 High Energy),Orijen Amazing Grains High-Protein Energy Feast,High-Energy Active Adventure & Agility Exercise,Needs at least 60-90 minutes of vigorous daily exercise and puzzle toys to prevent boredom and anxiety.
Dog,German Shepherd,12.8,41.1,Healthy,Moderate,Senior Mobility & Joint Care (Glucosamine & Omega-3),Purina Pro Plan Veterinary Diets JM Joint Mobility,Gentle In-Home Senior Care & Medication Supervision,"Maintain regular biannual health checkups, brush teeth weekly, and ensure fresh hydration throughout the day."
Cat,British Shorthair,17.6,3.4,Healthy,Low,Senior Mobility & Joint Care (Glucosamine & Omega-3),Purina Pro Plan Veterinary Diets JM Joint Mobility,Gentle In-Home Senior Care & Medication Supervision,"Maintain regular biannual health checkups, brush teeth weekly, and ensure fresh hydration throughout the day."
Cat,Siamese Cat,11.8,2.5,Senior Cognitive Decline,Moderate,Senior Mobility & Joint Care (Glucosamine & Omega-3),Purina Pro Plan Veterinary Diets JM Joint Mobility,Gentle In-Home Senior Care & Medication Supervision,"Maintain regular biannual health checkups, brush teeth weekly, and ensure fresh hydration throughout the day."
Cat,Siamese Cat,16.8,6.7,Healthy,Low,Senior Mobility & Joint Care (Glucosamine & Omega-3),Purina Pro Plan Veterinary Diets JM Joint Mobility,Gentle In-Home Senior Care & Medication Supervision,"Maintain regular biannual health checkups, brush teeth weekly, and ensure fresh hydration throughout the day."
Dog,German Shepherd,12.4,42.7,Post-Surgery Recovery,Low,Senior Mobility & Joint Care (Glucosamine & Omega-3),Purina Pro Plan Veterinary Diets JM Joint Mobility,Gentle In-Home Senior Care & Medication Supervision,"Maintain regular biannual health checkups, brush teeth weekly, and ensure fresh hydration throughout the day."
Cat,Bengal Cat,5.9,3.8,Overweight,Low,Weight Management (Low Calorie & High Satiety Fiber),Hill's Science Diet Perfect Weight Formula,Standard Boarding & Daily Enrichment Walking,Engage in structured 30-minute low-impact daily walks. Weigh meal portions accurately and avoid high-calorie table scraps.
Dog,Dachshund,14.1,4.4,Healthy,Low,Senior Mobility & Joint Care (Glucosamine & Omega-3),Purina Pro Plan Veterinary Diets JM Joint Mobility,Gentle In-Home Senior Care & Medication Supervision,"Maintain regular biannual health checkups, brush teeth weekly, and ensure fresh hydration throughout the day."
Dog,Siberian Husky,2.6,42.2,Joint Issues / Arthritis,Moderate,Senior Mobility & Joint Care (Glucosamine & Omega-3),Purina Pro Plan Veterinary Diets JM Joint Mobility,Gentle In-Home Senior Care & Medication Supervision,"Provide orthopedic bedding, avoid stairs or sudden jumping, and supplement with EPA/DHA fatty acids for joint lubrication."
Dog,German Shepherd,10.4,26.6,Sensitive Stomach / Allergies,Moderate,Senior Mobility & Joint Care (Glucosamine & Omega-3),Purina Pro Plan Veterinary Diets JM Joint Mobility,Gentle In-Home Senior Care & Medication Supervision,"Maintain regular biannual health checkups, brush teeth weekly, and ensure fresh hydration throughout the day."
Dog,Poodle,10.0,9.9,Senior Cognitive Decline,Low,Senior Mobility & Joint Care (Glucosamine & Omega-3),Purina Pro Plan Veterinary Diets JM Joint Mobility,Gentle In-Home Senior Care & Medication Supervision,"Maintain regular biannual health checkups, brush teeth weekly, and ensure fresh hydration throughout the day."
Dog,Golden Retriever,4.3,26.5,Senior Cognitive Decline,Low,Daily Complete Balanced Adult Maintenance,Blue Buffalo Life Protection Natural Adult Blend,Gentle In-Home Senior Care & Medication Supervision,"Maintain regular biannual health checkups, brush teeth weekly, and ensure fresh hydration throughout the day."
Cat,Siamese Cat,6.4,5.0,Healthy,Low,Daily Complete Balanced Adult Maintenance,Blue Buffalo Life Protection Natural Adult Blend,Standard Boarding & Daily Enrichment Walking,"Maintain regular biannual health checkups, brush teeth weekly, and ensure fresh hydration throughout the day."
Cat,Siamese Cat,12.6,5.3,Healthy,Low,Senior Mobility & Joint Care (Glucosamine & Omega-3),Purina Pro Plan Veterinary Diets JM Joint Mobility,Gentle In-Home Senior Care & Medication Supervision,"Maintain regular biannual health checkups, brush teeth weekly, and ensure fresh hydration throughout the day."
Dog,Poodle,6.2,13.4,Healthy,High,Active Performance & Muscle Fuel (30/20 High Energy),Orijen Amazing Grains High-Protein Energy Feast,High-Energy Active Adventure & Agility Exercise,Needs at least 60-90 minutes of vigorous daily exercise and puzzle toys to prevent boredom and anxiety.
Dog,Siberian Husky,12.7,38.1,Healthy,Low,Senior Mobility & Joint Care (Glucosamine & Omega-3),Purina Pro Plan Veterinary Diets JM Joint Mobility,Gentle In-Home Senior Care & Medication Supervision,"Maintain regular biannual health checkups, brush teeth weekly, and ensure fresh hydration throughout the day."
Cat,British Shorthair,14.0,4.2,Underweight,Low,Senior Mobility & Joint Care (Glucosamine & Omega-3),Purina Pro Plan Veterinary Diets JM Joint Mobility,Gentle In-Home Senior Care & Medication Supervision,"Maintain regular biannual health checkups, brush teeth weekly, and ensure fresh hydration throughout the day."
Cat,Persian Cat,14.4,2.7,Sensitive Stomach / Allergies,Low,Senior Mobility & Joint Care (Glucosamine & Omega-3),Purina Pro Plan Veterinary Diets JM Joint Mobility,Gentle In-Home Senior Care & Medication Supervision,"Maintain regular biannual health checkups, brush teeth weekly, and ensure fresh hydration throughout the day."
Cat,Persian Cat,8.4,8.7,Healthy,High,Senior Mobility & Joint Care (Glucosamine & Omega-3),Purina Pro Plan Veterinary Diets JM Joint Mobility,High-Energy Active Adventure & Agility Exercise,Needs at least 60-90 minutes of vigorous daily exercise and puzzle toys to prevent boredom and anxiety.
Cat,Maine Coon,8.6,9.3,Healthy,High,Senior Mobility & Joint Care (Glucosamine & Omega-3),Purina Pro Plan Veterinary Diets JM Joint Mobility,High-Energy Active Adventure & Agility Exercise,Needs at least 60-90 minutes of vigorous daily exercise and puzzle toys to prevent boredom and anxiety.
Cat,British Shorthair,14.0,3.2,Underweight,Low,Senior Mobility & Joint Care (Glucosamine & Omega-3),Purina Pro Plan Veterinary Diets JM Joint Mobility,Gentle In-Home Senior Care & Medication Supervision,"Maintain regular biannual health checkups, brush teeth weekly, and ensure fresh hydration throughout the day."
Cat,Bengal Cat,4.9,5.2,Dental Issues,High,Active Performance & Muscle Fuel (30/20 High Energy),Orijen Amazing Grains High-Protein Energy Feast,High-Energy Active Adventure & Agility Exercise,Needs at least 60-90 minutes of vigorous daily exercise and puzzle toys to prevent boredom and anxiety.
Dog,Labrador Retriever,12.4,25.4,Healthy,Moderate,Senior Mobility & Joint Care (Glucosamine & Omega-3),Purina Pro Plan Veterinary Diets JM Joint Mobility,Gentle In-Home Senior Care & Medication Supervision,"Maintain regular biannual health checkups, brush teeth weekly, and ensure fresh hydration throughout the day."
Dog,Siberian Husky,4.5,34.8,Overweight,Moderate,Weight Management (Low Calorie & High Satiety Fiber),Hill's Science Diet Perfect Weight Formula,Standard Boarding & Daily Enrichment Walking,Engage in structured 30-minute low-impact daily walks. Weigh meal portions accurately and avoid high-calorie table scraps.
Cat,Maine Coon,2.8,5.1,Joint Issues / Arthritis,Low,Senior Mobility & Joint Care (Glucosamine & Omega-3),Purina Pro Plan Veterinary Diets JM Joint Mobility,Gentle In-Home Senior Care & Medication Supervision,"Provide orthopedic bedding, avoid stairs or sudden jumping, and supplement with EPA/DHA fatty acids for joint lubrication."
Cat,Domestic Shorthair,1.2,8.4,Healthy,Very High,Active Performance & Muscle Fuel (30/20 High Energy),Orijen Amazing Grains High-Protein Energy Feast,High-Energy Active Adventure & Agility Exercise,Needs at least 60-90 minutes of vigorous daily exercise and puzzle toys to prevent boredom and anxiety.
Cat,Maine Coon,6.0,10.1,Joint Issues / Arthritis,Low,Senior Mobility & Joint Care (Glucosamine & Omega-3),Purina Pro Plan Veterinary Diets JM Joint Mobility,Gentle In-Home Senior Care & Medication Supervision,"Provide orthopedic bedding, avoid stairs or sudden jumping, and supplement with EPA/DHA fatty acids for joint lubrication."
Dog,Dachshund,14.8,5.3,Sensitive Stomach / Allergies,Low,Senior Mobility & Joint Care (Glucosamine & Omega-3),Purina Pro Plan Veterinary Diets JM Joint Mobility,Gentle In-Home Senior Care & Medication Supervision,"Maintain regular biannual health checkups, brush teeth weekly, and ensure fresh hydration throughout the day."
Dog,Dachshund,3.2,10.0,Healthy,High,Active Performance & Muscle Fuel (30/20 High Energy),Orijen Amazing Grains High-Protein Energy Feast,High-Energy Active Adventure & Agility Exercise,Needs at least 60-90 minutes of vigorous daily exercise and puzzle toys to prevent boredom and anxiety.
Dog,Poodle,5.2,18.9,Sensitive Stomach / Allergies,Moderate,Hypoallergenic Single-Source Protein & Grain-Free,Farmina N&D Ocean Grain-Free Hypoallergenic Formula,Specialized Medical Monitoring & Controlled Diet Feeding,"Maintain regular biannual health checkups, brush teeth weekly, and ensure fresh hydration throughout the day."
Cat,British Shorthair,12.3,4.6,Healthy,Low,Senior Mobility & Joint Care (Glucosamine & Omega-3),Purina Pro Plan Veterinary Diets JM Joint Mobility,Gentle In-Home Senior Care & Medication Supervision,"Maintain regular biannual health checkups, brush teeth weekly, and ensure fresh hydration throughout the day."
Dog,Rottweiler,13.1,28.6,Underweight,Moderate,Senior Mobility & Joint Care (Glucosamine & Omega-3),Purina Pro Plan Veterinary Diets JM Joint Mobility,Gentle In-Home Senior Care & Medication Supervision,"Maintain regular biannual health checkups, brush teeth weekly, and ensure fresh hydration throughout the day."
Dog,Poodle,1.2,16.0,Overweight,Low,Weight Management (Low Calorie & High Satiety Fiber),Hill's Science Diet Perfect Weight Formula,Standard Boarding & Daily Enrichment Walking,Engage in structured 30-minute low-impact daily walks. Weigh meal portions accurately and avoid high-calorie table scraps.
Dog,Dachshund,6.2,5.5,Joint Issues / Arthritis,Low,Senior Mobility & Joint Care (Glucosamine & Omega-3),Purina Pro Plan Veterinary Diets JM Joint Mobility,Gentle In-Home Senior Care & Medication Supervision,"Provide orthopedic bedding, avoid stairs or sudden jumping, and supplement with EPA/DHA fatty acids for joint lubrication."
Dog,Rottweiler,3.9,34.4,Sensitive Stomach / Allergies,Low,Hypoallergenic Single-Source Protein & Grain-Free,Farmina N&D Ocean Grain-Free Hypoallergenic Formula,Specialized Medical Monitoring & Controlled Diet Feeding,"Maintain regular biannual health checkups, brush teeth weekly, and ensure fresh hydration throughout the day."
Cat,Maine Coon,12.9,7.4,Sensitive Stomach / Allergies,Moderate,Senior Mobility & Joint Care (Glucosamine & Omega-3),Purina Pro Plan Veterinary Diets JM Joint Mobility,Gentle In-Home Senior Care & Medication Supervision,"Maintain regular biannual health checkups, brush teeth weekly, and ensure fresh hydration throughout the day."
Dog,Labrador Retriever,7.4,29.3,Healthy,High,Active Performance & Muscle Fuel (30/20 High Energy),Orijen Amazing Grains High-Protein Energy Feast,High-Energy Active Adventure & Agility Exercise,Needs at least 60-90 minutes of vigorous daily exercise and puzzle toys to prevent boredom and anxiety.
Dog,Labrador Retriever,12.3,38.5,Healthy,Low,Senior Mobility & Joint Care (Glucosamine & Omega-3),Purina Pro Plan Veterinary Diets JM Joint Mobility,Gentle In-Home Senior Care & Medication Supervision,"Maintain regular biannual health checkups, brush teeth weekly, and ensure fresh hydration throughout the day."
Dog,Boxer,3.2,23.0,Sensitive Stomach / Allergies,High,Hypoallergenic Single-Source Protein & Grain-Free,Farmina N&D Ocean Grain-Free Hypoallergenic Formula,High-Energy Active Adventure & Agility Exercise,Needs at least 60-90 minutes of vigorous daily exercise and puzzle toys to prevent boredom and anxiety.
Dog,French Bulldog,5.3,16.6,Healthy,Moderate,Daily Complete Balanced Adult Maintenance,Blue Buffalo Life Protection Natural Adult Blend,Standard Boarding & Daily Enrichment Walking,"Maintain regular biannual health checkups, brush teeth weekly, and ensure fresh hydration throughout the day."
Dog,Poodle,6.1,11.1,Healthy,Moderate,Daily Complete Balanced Adult Maintenance,Blue Buffalo Life Protection Natural Adult Blend,Standard Boarding & Daily Enrichment Walking,"Maintain regular biannual health checkups, brush teeth weekly, and ensure fresh hydration throughout the day."
Cat,British Shorthair,12.5,6.4,Healthy,Moderate,Senior Mobility & Joint Care (Glucosamine & Omega-3),Purina Pro Plan Veterinary Diets JM Joint Mobility,Gentle In-Home Senior Care & Medication Supervision,"Maintain regular biannual health checkups, brush teeth weekly, and ensure fresh hydration throughout the day."
Dog,Dachshund,10.1,4.8,Healthy,Low,Senior Mobility & Joint Care (Glucosamine & Omega-3),Purina Pro Plan Veterinary Diets JM Joint Mobility,Gentle In-Home Senior Care & Medication Supervision,"Maintain regular biannual health checkups, brush teeth weekly, and ensure fresh hydration throughout the day."
Dog,Beagle,14.7,18.0,Joint Issues / Arthritis,Low,Senior Mobility & Joint Care (Glucosamine & Omega-3),Purina Pro Plan Veterinary Diets JM Joint Mobility,Gentle In-Home Senior Care & Medication Supervision,"Provide orthopedic bedding, avoid stairs or sudden jumping, and supplement with EPA/DHA fatty acids for joint lubrication."
Dog,German Shepherd,4.9,29.6,Sensitive Stomach / Allergies,High,Hypoallergenic Single-Source Protein & Grain-Free,Farmina N&D Ocean Grain-Free Hypoallergenic Formula,High-Energy Active Adventure & Agility Exercise,Needs at least 60-90 minutes of vigorous daily exercise and puzzle toys to prevent boredom and anxiety.
Dog,German Shepherd,5.3,26.3,Dental Issues,Very High,Active Performance & Muscle Fuel (30/20 High Energy),Orijen Amazing Grains High-Protein Energy Feast,High-Energy Active Adventure & Agility Exercise,Needs at least 60-90 minutes of vigorous daily exercise and puzzle toys to prevent boredom and anxiety.
Dog,Beagle,3.3,14.1,Overweight,Low,Weight Management (Low Calorie & High Satiety Fiber),Hill's Science Diet Perfect Weight Formula,Standard Boarding & Daily Enrichment Walking,Engage in structured 30-minute low-impact daily walks. Weigh meal portions accurately and avoid high-calorie table scraps.
Dog,French Bulldog,1.8,7.4,Healthy,Very High,Active Performance & Muscle Fuel (30/20 High Energy),Orijen Amazing Grains High-Protein Energy Feast,High-Energy Active Adventure & Agility Exercise,Needs at least 60-90 minutes of vigorous daily exercise and puzzle toys to prevent boredom and anxiety.
Cat,Domestic Shorthair,6.2,4.4,Overweight,Moderate,Weight Management (Low Calorie & High Satiety Fiber),Hill's Science Diet Perfect Weight Formula,Standard Boarding & Daily Enrichment Walking,Engage in structured 30-minute low-impact daily walks. Weigh meal portions accurately and avoid high-calorie table scraps.
Cat,Bengal Cat,14.5,4.5,Healthy,Moderate,Senior Mobility & Joint Care (Glucosamine & Omega-3),Purina Pro Plan Veterinary Diets JM Joint Mobility,Gentle In-Home Senior Care & Medication Supervision,"Maintain regular biannual health checkups, brush teeth weekly, and ensure fresh hydration throughout the day."
Dog,Labrador Retriever,14.7,36.2,Healthy,Low,Senior Mobility & Joint Care (Glucosamine & Omega-3),Purina Pro Plan Veterinary Diets JM Joint Mobility,Gentle In-Home Senior Care & Medication Supervision,"Maintain regular biannual health checkups, brush teeth weekly, and ensure fresh hydration throughout the day."
Cat,Bengal Cat,6.0,6.1,Overweight,Moderate,Weight Management (Low Calorie & High Satiety Fiber),Hill's Science Diet Perfect Weight Formula,Standard Boarding & Daily Enrichment Walking,Engage in structured 30-minute low-impact daily walks. Weigh meal portions accurately and avoid high-calorie table scraps.
Dog,Dachshund,1.9,5.9,Overweight,Moderate,Weight Management (Low Calorie & High Satiety Fiber),Hill's Science Diet Perfect Weight Formula,Standard Boarding & Daily Enrichment Walking,Engage in structured 30-minute low-impact daily walks. Weigh meal portions accurately and avoid high-calorie table scraps.
Dog,Labrador Retriever,6.2,22.2,Dental Issues,High,Active Performance & Muscle Fuel (30/20 High Energy),Orijen Amazing Grains High-Protein Energy Feast,High-Energy Active Adventure & Agility Exercise,Needs at least 60-90 minutes of vigorous daily exercise and puzzle toys to prevent boredom and anxiety.
Dog,Golden Retriever,12.0,27.1,Joint Issues / Arthritis,Moderate,Senior Mobility & Joint Care (Glucosamine & Omega-3),Purina Pro Plan Veterinary Diets JM Joint Mobility,Gentle In-Home Senior Care & Medication Supervision,"Provide orthopedic bedding, avoid stairs or sudden jumping, and supplement with EPA/DHA fatty acids for joint lubrication."
Dog,Beagle,10.5,8.4,Sensitive Stomach / Allergies,Moderate,Senior Mobility & Joint Care (Glucosamine & Omega-3),Purina Pro Plan Veterinary Diets JM Joint Mobility,Gentle In-Home Senior Care & Medication Supervision,"Maintain regular biannual health checkups, brush teeth weekly, and ensure fresh hydration throughout the day."
Dog,Boxer,10.6,24.3,Overweight,Low,Weight Management (Low Calorie & High Satiety Fiber),Hill's Science Diet Perfect Weight Formula,Gentle In-Home Senior Care & Medication Supervision,Engage in structured 30-minute low-impact daily walks. Weigh meal portions accurately and avoid high-calorie table scraps.
Dog,French Bulldog,0.9,6.6,Healthy,High,Growth & Development (High Protein & DHA),Royal Canin Puppy / Kitten Starter Nutrition,Puppy / Kitten Care & Socialization Routine,Feed 3-4 small portioned meals daily. Complete vaccination schedule and prioritize positive-reinforcement socialization for French Bulldog.
Dog,German Shepherd,9.4,42.9,Sensitive Stomach / Allergies,Very High,Senior Mobility & Joint Care (Glucosamine & Omega-3),Purina Pro Plan Veterinary Diets JM Joint Mobility,High-Energy Active Adventure & Agility Exercise,Needs at least 60-90 minutes of vigorous daily exercise and puzzle toys to prevent boredom and anxiety.
Cat,Maine Coon,15.6,11.5,Overweight,Low,Weight Management (Low Calorie & High Satiety Fiber),Hill's Science Diet Perfect Weight Formula,Gentle In-Home Senior Care & Medication Supervision,Engage in structured 30-minute low-impact daily walks. Weigh meal portions accurately and avoid high-calorie table scraps.
Cat,Persian Cat,8.1,5.4,Healthy,Very High,Senior Mobility & Joint Care (Glucosamine & Omega-3),Purina Pro Plan Veterinary Diets JM Joint Mobility,High-Energy Active Adventure & Agility Exercise,Needs at least 60-90 minutes of vigorous daily exercise and puzzle toys to prevent boredom and anxiety.
Cat,Domestic Shorthair,3.4,3.1,Overweight,Low,Weight Management (Low Calorie & High Satiety Fiber),Hill's Science Diet Perfect Weight Formula,Standard Boarding & Daily Enrichment Walking,Engage in structured 30-minute low-impact daily walks. Weigh meal portions accurately and avoid high-calorie table scraps.
Dog,Boxer,7.4,33.2,Sensitive Stomach / Allergies,Very High,Hypoallergenic Single-Source Protein & Grain-Free,Farmina N&D Ocean Grain-Free Hypoallergenic Formula,High-Energy Active Adventure & Agility Exercise,Needs at least 60-90 minutes of vigorous daily exercise and puzzle toys to prevent boredom and anxiety.
Dog,Siberian Husky,0.5,13.9,Healthy,Very High,Growth & Development (High Protein & DHA),Royal Canin Puppy / Kitten Starter Nutrition,Puppy / Kitten Care & Socialization Routine,Feed 3-4 small portioned meals daily. Complete vaccination schedule and prioritize positive-reinforcement socialization for Siberian Husky.
Cat,Siamese Cat,11.7,4.2,Sensitive Stomach / Allergies,Low,Senior Mobility & Joint Care (Glucosamine & Omega-3),Purina Pro Plan Veterinary Diets JM Joint Mobility,Gentle In-Home Senior Care & Medication Supervision,"Maintain regular biannual health checkups, brush teeth weekly, and ensure fresh hydration throughout the day."
Dog,Poodle,5.4,22.4,Overweight,Moderate,Weight Management (Low Calorie & High Satiety Fiber),Hill's Science Diet Perfect Weight Formula,Standard Boarding & Daily Enrichment Walking,Engage in structured 30-minute low-impact daily walks. Weigh meal portions accurately and avoid high-calorie table scraps.
Cat,Bengal Cat,0.5,1.8,Joint Issues / Arthritis,Low,Growth & Development (High Protein & DHA),Royal Canin Puppy / Kitten Starter Nutrition,Puppy / Kitten Care & Socialization Routine,Feed 3-4 small portioned meals daily. Complete vaccination schedule and prioritize positive-reinforcement socialization for Bengal Cat.
Cat,Persian Cat,11.2,2.2,Healthy,Low,Senior Mobility & Joint Care (Glucosamine & Omega-3),Purina Pro Plan Veterinary Diets JM Joint Mobility,Gentle In-Home Senior Care & Medication Supervision,"Maintain regular biannual health checkups, brush teeth weekly, and ensure fresh hydration throughout the day."
Cat,Maine Coon,8.6,6.4,Overweight,Low,Weight Management (Low Calorie & High Satiety Fiber),Hill's Science Diet Perfect Weight Formula,Standard Boarding & Daily Enrichment Walking,Engage in structured 30-minute low-impact daily walks. Weigh meal portions accurately and avoid high-calorie table scraps.
Dog,Boxer,10.0,38.3,Overweight,Moderate,Weight Management (Low Calorie & High Satiety Fiber),Hill's Science Diet Perfect Weight Formula,Standard Boarding & Daily Enrichment Walking,Engage in structured 30-minute low-impact daily walks. Weigh meal portions accurately and avoid high-calorie table scraps.
Dog,Rottweiler,7.2,43.0,Dental Issues,High,Active Performance & Muscle Fuel (30/20 High Energy),Orijen Amazing Grains High-Protein Energy Feast,High-Energy Active Adventure & Agility Exercise,Needs at least 60-90 minutes of vigorous daily exercise and puzzle toys to prevent boredom and anxiety.
Dog,Beagle,9.0,14.4,Dental Issues,Moderate,Senior Mobility & Joint Care (Glucosamine & Omega-3),Purina Pro Plan Veterinary Diets JM Joint Mobility,Standard Boarding & Daily Enrichment Walking,"Maintain regular biannual health checkups, brush teeth weekly, and ensure fresh hydration throughout the day."
Cat,British Shorthair,15.3,6.4,Sensitive Stomach / Allergies,Low,Senior Mobility & Joint Care (Glucosamine & Omega-3),Purina Pro Plan Veterinary Diets JM Joint Mobility,Gentle In-Home Senior Care & Medication Supervision,"Maintain regular biannual health checkups, brush teeth weekly, and ensure fresh hydration throughout the day."
Dog,Poodle,8.0,15.2,Sensitive Stomach / Allergies,High,Hypoallergenic Single-Source Protein & Grain-Free,Farmina N&D Ocean Grain-Free Hypoallergenic Formula,High-Energy Active Adventure & Agility Exercise,Needs at least 60-90 minutes of vigorous daily exercise and puzzle toys to prevent boredom and anxiety.
Cat,Bengal Cat,5.9,5.3,Healthy,Very High,Active Performance & Muscle Fuel (30/20 High Energy),Orijen Amazing Grains High-Protein Energy Feast,High-Energy Active Adventure & Agility Exercise,Needs at least 60-90 minutes of vigorous daily exercise and puzzle toys to prevent boredom and anxiety.
Dog,Dachshund,0.5,1.9,Healthy,High,Growth & Development (High Protein & DHA),Royal Canin Puppy / Kitten Starter Nutrition,Puppy / Kitten Care & Socialization Routine,Feed 3-4 small portioned meals daily. Complete vaccination schedule and prioritize positive-reinforcement socialization for Dachshund.
Cat,Persian Cat,0.8,3.1,Healthy,High,Growth & Development (High Protein & DHA),Royal Canin Puppy / Kitten Starter Nutrition,Puppy / Kitten Care & Socialization Routine,Feed 3-4 small portioned meals daily. Complete vaccination schedule and prioritize positive-reinforcement socialization for Persian Cat.
Dog,German Shepherd,5.2,37.9,Healthy,Very High,Active Performance & Muscle Fuel (30/20 High Energy),Orijen Amazing Grains High-Protein Energy Feast,High-Energy Active Adventure & Agility Exercise,Needs at least 60-90 minutes of vigorous daily exercise and puzzle toys to prevent boredom and anxiety.
Dog,Rottweiler,4.1,33.1,Post-Surgery Recovery,Moderate,Daily Complete Balanced Adult Maintenance,Blue Buffalo Life Protection Natural Adult Blend,Specialized Medical Monitoring & Controlled Diet Feeding,"Maintain regular biannual health checkups, brush teeth weekly, and ensure fresh hydration throughout the day."
Dog,Golden Retriever,10.2,25.8,Healthy,Moderate,Senior Mobility & Joint Care (Glucosamine & Omega-3),Purina Pro Plan Veterinary Diets JM Joint Mobility,Gentle In-Home Senior Care & Medication Supervision,"Maintain regular biannual health checkups, brush teeth weekly, and ensure fresh hydration throughout the day."
Dog,Rottweiler,3.2,37.9,Joint Issues / Arthritis,Low,Senior Mobility & Joint Care (Glucosamine & Omega-3),Purina Pro Plan Veterinary Diets JM Joint Mobility,Gentle In-Home Senior Care & Medication Supervision,"Provide orthopedic bedding, avoid stairs or sudden jumping, and supplement with EPA/DHA fatty acids for joint lubrication."
Cat,Domestic Shorthair,14.5,5.7,Healthy,Low,Senior Mobility & Joint Care (Glucosamine & Omega-3),Purina Pro Plan Veterinary Diets JM Joint Mobility,Gentle In-Home Senior Care & Medication Supervision,"Maintain regular biannual health checkups, brush teeth weekly, and ensure fresh hydration throughout the day."
Dog,Poodle,1.7,4.7,Healthy,Very High,Active Performance & Muscle Fuel (30/20 High Energy),Orijen Amazing Grains High-Protein Energy Feast,High-Energy Active Adventure & Agility Exercise,Needs at least 60-90 minutes of vigorous daily exercise and puzzle toys to prevent boredom and anxiety.
Cat,Domestic Shorthair,1.8,6.5,Dental Issues,High,Active Performance & Muscle Fuel (30/20 High Energy),Orijen Amazing Grains High-Protein Energy Feast,High-Energy Active Adventure & Agility Exercise,Needs at least 60-90 minutes of vigorous daily exercise and puzzle toys to prevent boredom and anxiety.
Dog,Rottweiler,6.5,26.5,Healthy,High,Active Performance & Muscle Fuel (30/20 High Energy),Orijen Amazing Grains High-Protein Energy Feast,High-Energy Active Adventure & Agility Exercise,Needs at least 60-90 minutes of vigorous daily exercise and puzzle toys to prevent boredom and anxiety.
Dog,Dachshund,3.0,8.4,Overweight,Moderate,Weight Management (Low Calorie & High Satiety Fiber),Hill's Science Diet Perfect Weight Formula,Standard Boarding & Daily Enrichment Walking,Engage in structured 30-minute low-impact daily walks. Weigh meal portions accurately and avoid high-calorie table scraps.
Dog,Beagle,5.2,10.7,Healthy,High,Active Performance & Muscle Fuel (30/20 High Energy),Orijen Amazing Grains High-Protein Energy Feast,High-Energy Active Adventure & Agility Exercise,Needs at least 60-90 minutes of vigorous daily exercise and puzzle toys to prevent boredom and anxiety.
Dog,Poodle,13.9,19.4,Sensitive Stomach / Allergies,Low,Senior Mobility & Joint Care (Glucosamine & Omega-3),Purina Pro Plan Veterinary Diets JM Joint Mobility,Gentle In-Home Senior Care & Medication Supervision,"Maintain regular biannual health checkups, brush teeth weekly, and ensure fresh hydration throughout the day."
Dog,Boxer,4.5,27.0,Joint Issues / Arthritis,Low,Senior Mobility & Joint Care (Glucosamine & Omega-3),Purina Pro Plan Veterinary Diets JM Joint Mobility,Gentle In-Home Senior Care & Medication Supervision,"Provide orthopedic bedding, avoid stairs or sudden jumping, and supplement with EPA/DHA fatty acids for joint lubrication."
Dog,Rottweiler,7.4,27.1,Healthy,Moderate,Daily Complete Balanced Adult Maintenance,Blue Buffalo Life Protection Natural Adult Blend,Standard Boarding & Daily Enrichment Walking,"Maintain regular biannual health checkups, brush teeth weekly, and ensure fresh hydration throughout the day."
Cat,British Shorthair,7.8,3.0,Healthy,High,Active Performance & Muscle Fuel (30/20 High Energy),Orijen Amazing Grains High-Protein Energy Feast,High-Energy Active Adventure & Agility Exercise,Needs at least 60-90 minutes of vigorous daily exercise and puzzle toys to prevent boredom and anxiety.
Cat,Persian Cat,16.4,3.8,Sensitive Stomach / Allergies,Low,Senior Mobility & Joint Care (Glucosamine & Omega-3),Purina Pro Plan Veterinary Diets JM Joint Mobility,Gentle In-Home Senior Care & Medication Supervision,"Maintain regular biannual health checkups, brush teeth weekly, and ensure fresh hydration throughout the day."
Dog,Beagle,14.4,15.4,Sensitive Stomach / Allergies,Low,Senior Mobility & Joint Care (Glucosamine & Omega-3),Purina Pro Plan Veterinary Diets JM Joint Mobility,Gentle In-Home Senior Care & Medication Supervision,"Maintain regular biannual health checkups, brush teeth weekly, and ensure fresh hydration throughout the day."
Cat,Bengal Cat,9.4,5.7,Healthy,High,Senior Mobility & Joint Care (Glucosamine & Omega-3),Purina Pro Plan Veterinary Diets JM Joint Mobility,High-Energy Active Adventure & Agility Exercise,Needs at least 60-90 minutes of vigorous daily exercise and puzzle toys to prevent boredom and anxiety.
Cat,British Shorthair,6.6,2.1,Post-Surgery Recovery,Moderate,Daily Complete Balanced Adult Maintenance,Blue Buffalo Life Protection Natural Adult Blend,Specialized Medical Monitoring & Controlled Diet Feeding,"Maintain regular biannual health checkups, brush teeth weekly, and ensure fresh hydration throughout the day."
Dog,Beagle,11.6,13.7,Sensitive Stomach / Allergies,Low,Senior Mobility & Joint Care (Glucosamine & Omega-3),Purina Pro Plan Veterinary Diets JM Joint Mobility,Gentle In-Home Senior Care & Medication Supervision,"Maintain regular biannual health checkups, brush teeth weekly, and ensure fresh hydration throughout the day."
Cat,Maine Coon,5.5,6.3,Healthy,Moderate,Daily Complete Balanced Adult Maintenance,Blue Buffalo Life Protection Natural Adult Blend,Standard Boarding & Daily Enrichment Walking,"Maintain regular biannual health checkups, brush teeth weekly, and ensure fresh hydration throughout the day."
Cat,Persian Cat,7.2,3.3,Sensitive Stomach / Allergies,Low,Hypoallergenic Single-Source Protein & Grain-Free,Farmina N&D Ocean Grain-Free Hypoallergenic Formula,Specialized Medical Monitoring & Controlled Diet Feeding,"Maintain regular biannual health checkups, brush teeth weekly, and ensure fresh hydration throughout the day."
Cat,Siamese Cat,12.0,3.1,Healthy,Low,Senior Mobility & Joint Care (Glucosamine & Omega-3),Purina Pro Plan Veterinary Diets JM Joint Mobility,Gentle In-Home Senior Care & Medication Supervision,"Maintain regular biannual health checkups, brush teeth weekly, and ensure fresh hydration throughout the day."
Dog,Labrador Retriever,12.1,26.6,Sensitive Stomach / Allergies,Low,Senior Mobility & Joint Care (Glucosamine & Omega-3),Purina Pro Plan Veterinary Diets JM Joint Mobility,Gentle In-Home Senior Care & Medication Supervision,"Maintain regular biannual health checkups, brush teeth weekly, and ensure fresh hydration throughout the day."
Dog,German Shepherd,11.1,35.3,Healthy,Moderate,Senior Mobility & Joint Care (Glucosamine & Omega-3),Purina Pro Plan Veterinary Diets JM Joint Mobility,Gentle In-Home Senior Care & Medication Supervision,"Maintain regular biannual health checkups, brush teeth weekly, and ensure fresh hydration throughout the day."
Dog,Labrador Retriever,8.0,35.2,Joint Issues / Arthritis,Moderate,Senior Mobility & Joint Care (Glucosamine & Omega-3),Purina Pro Plan Veterinary Diets JM Joint Mobility,Gentle In-Home Senior Care & Medication Supervision,"Provide orthopedic bedding, avoid stairs or sudden jumping, and supplement with EPA/DHA fatty acids for joint lubrication."
Dog,Rottweiler,6.3,35.0,Underweight,High,Active Performance & Muscle Fuel (30/20 High Energy),Orijen Amazing Grains High-Protein Energy Feast,High-Energy Active Adventure & Agility Exercise,Needs at least 60-90 minutes of vigorous daily exercise and puzzle toys to prevent boredom and anxiety.
Dog,French Bulldog,6.5,15.5,Healthy,Very High,Active Performance & Muscle Fuel (30/20 High Energy),Orijen Amazing Grains High-Protein Energy Feast,High-Energy Active Adventure & Agility Exercise,Needs at least 60-90 minutes of vigorous daily exercise and puzzle toys to prevent boredom and anxiety.
Cat,British Shorthair,0.6,1.5,Post-Surgery Recovery,High,Growth & Development (High Protein & DHA),Royal Canin Puppy / Kitten Starter Nutrition,Puppy / Kitten Care & Socialization Routine,Feed 3-4 small portioned meals daily. Complete vaccination schedule and prioritize positive-reinforcement socialization for British Shorthair.
Dog,German Shepherd,9.7,40.7,Healthy,High,Senior Mobility & Joint Care (Glucosamine & Omega-3),Purina Pro Plan Veterinary Diets JM Joint Mobility,High-Energy Active Adventure & Agility Exercise,Needs at least 60-90 minutes of vigorous daily exercise and puzzle toys to prevent boredom and anxiety.
Dog,Poodle,10.2,8.2,Healthy,Low,Senior Mobility & Joint Care (Glucosamine & Omega-3),Purina Pro Plan Veterinary Diets JM Joint Mobility,Gentle In-Home Senior Care & Medication Supervision,"Maintain regular biannual health checkups, brush teeth weekly, and ensure fresh hydration throughout the day."
Cat,Maine Coon,17.1,10.5,Healthy,Low,Senior Mobility & Joint Care (Glucosamine & Omega-3),Purina Pro Plan Veterinary Diets JM Joint Mobility,Gentle In-Home Senior Care & Medication Supervision,"Maintain regular biannual health checkups, brush teeth weekly, and ensure fresh hydration throughout the day."
Dog,Beagle,4.2,13.0,Healthy,Low,Daily Complete Balanced Adult Maintenance,Blue Buffalo Life Protection Natural Adult Blend,Standard Boarding & Daily Enrichment Walking,"Maintain regular biannual health checkups, brush teeth weekly, and ensure fresh hydration throughout the day."
Cat,Bengal Cat,11.8,8.5,Overweight,Low,Weight Management (Low Calorie & High Satiety Fiber),Hill's Science Diet Perfect Weight Formula,Gentle In-Home Senior Care & Medication Supervision,Engage in structured 30-minute low-impact daily walks. Weigh meal portions accurately and avoid high-calorie table scraps.
Dog,Beagle,8.2,9.2,Sensitive Stomach / Allergies,Moderate,Senior Mobility & Joint Care (Glucosamine & Omega-3),Purina Pro Plan Veterinary Diets JM Joint Mobility,Specialized Medical Monitoring & Controlled Diet Feeding,"Maintain regular biannual health checkups, brush teeth weekly, and ensure fresh hydration throughout the day."
Dog,French Bulldog,7.6,13.7,Joint Issues / Arthritis,Low,Senior Mobility & Joint Care (Glucosamine & Omega-3),Purina Pro Plan Veterinary Diets JM Joint Mobility,Gentle In-Home Senior Care & Medication Supervision,"Provide orthopedic bedding, avoid stairs or sudden jumping, and supplement with EPA/DHA fatty acids for joint lubrication."
Dog,German Shepherd,14.2,25.2,Healthy,Low,Senior Mobility & Joint Care (Glucosamine & Omega-3),Purina Pro Plan Veterinary Diets JM Joint Mobility,Gentle In-Home Senior Care & Medication Supervision,"Maintain regular biannual health checkups, brush teeth weekly, and ensure fresh hydration throughout the day."
Dog,Dachshund,9.0,5.5,Senior Cognitive Decline,Moderate,Senior Mobility & Joint Care (Glucosamine & Omega-3),Purina Pro Plan Veterinary Diets JM Joint Mobility,Gentle In-Home Senior Care & Medication Supervision,"Maintain regular biannual health checkups, brush teeth weekly, and ensure fresh hydration throughout the day."
Cat,Persian Cat,6.3,4.6,Healthy,Moderate,Daily Complete Balanced Adult Maintenance,Blue Buffalo Life Protection Natural Adult Blend,Standard Boarding & Daily Enrichment Walking,"Maintain regular biannual health checkups, brush teeth weekly, and ensure fresh hydration throughout the day."
Dog,Dachshund,10.0,4.3,Overweight,Low,Weight Management (Low Calorie & High Satiety Fiber),Hill's Science Diet Perfect Weight Formula,Standard Boarding & Daily Enrichment Walking,Engage in structured 30-minute low-impact daily walks. Weigh meal portions accurately and avoid high-calorie table scraps.
Cat,Bengal Cat,16.5,4.8,Healthy,Low,Senior Mobility & Joint Care (Glucosamine & Omega-3),Purina Pro Plan Veterinary Diets JM Joint Mobility,Gentle In-Home Senior Care & Medication Supervision,"Maintain regular biannual health checkups, brush teeth weekly, and ensure fresh hydration throughout the day."
Cat,Persian Cat,4.9,6.5,Overweight,Low,Weight Management (Low Calorie & High Satiety Fiber),Hill's Science Diet Perfect Weight Formula,Standard Boarding & Daily Enrichment Walking,Engage in structured 30-minute low-impact daily walks. Weigh meal portions accurately and avoid high-calorie table scraps.
Cat,Siamese Cat,9.3,7.7,Joint Issues / Arthritis,Moderate,Senior Mobility & Joint Care (Glucosamine & Omega-3),Purina Pro Plan Veterinary Diets JM Joint Mobility,Gentle In-Home Senior Care & Medication Supervision,"Provide orthopedic bedding, avoid stairs or sudden jumping, and supplement with EPA/DHA fatty acids for joint lubrication."
Dog,French Bulldog,13.5,16.2,Joint Issues / Arthritis,Moderate,Senior Mobility & Joint Care (Glucosamine & Omega-3),Purina Pro Plan Veterinary Diets JM Joint Mobility,Gentle In-Home Senior Care & Medication Supervision,"Provide orthopedic bedding, avoid stairs or sudden jumping, and supplement with EPA/DHA fatty acids for joint lubrication."
Cat,Bengal Cat,13.1,3.5,Healthy,Low,Senior Mobility & Joint Care (Glucosamine & Omega-3),Purina Pro Plan Veterinary Diets JM Joint Mobility,Gentle In-Home Senior Care & Medication Supervision,"Maintain regular biannual health checkups, brush teeth weekly, and ensure fresh hydration throughout the day."
Dog,Boxer,12.2,35.1,Healthy,Low,Senior Mobility & Joint Care (Glucosamine & Omega-3),Purina Pro Plan Veterinary Diets JM Joint Mobility,Gentle In-Home Senior Care & Medication Supervision,"Maintain regular biannual health checkups, brush teeth weekly, and ensure fresh hydration throughout the day."
Dog,Boxer,6.6,26.6,Healthy,High,Active Performance & Muscle Fuel (30/20 High Energy),Orijen Amazing Grains High-Protein Energy Feast,High-Energy Active Adventure & Agility Exercise,Needs at least 60-90 minutes of vigorous daily exercise and puzzle toys to prevent boredom and anxiety.
Cat,Bengal Cat,9.2,2.0,Healthy,High,Senior Mobility & Joint Care (Glucosamine & Omega-3),Purina Pro Plan Veterinary Diets JM Joint Mobility,High-Energy Active Adventure & Agility Exercise,Needs at least 60-90 minutes of vigorous daily exercise and puzzle toys to prevent boredom and anxiety.
Dog,French Bulldog,3.2,16.6,Healthy,Moderate,Daily Complete Balanced Adult Maintenance,Blue Buffalo Life Protection Natural Adult Blend,Standard Boarding & Daily Enrichment Walking,"Maintain regular biannual health checkups, brush teeth weekly, and ensure fresh hydration throughout the day."
Dog,Rottweiler,6.4,35.3,Sensitive Stomach / Allergies,Moderate,Hypoallergenic Single-Source Protein & Grain-Free,Farmina N&D Ocean Grain-Free Hypoallergenic Formula,Specialized Medical Monitoring & Controlled Diet Feeding,"Maintain regular biannual health checkups, brush teeth weekly, and ensure fresh hydration throughout the day."
Dog,Poodle,1.3,5.8,Overweight,Moderate,Weight Management (Low Calorie & High Satiety Fiber),Hill's Science Diet Perfect Weight Formula,Standard Boarding & Daily Enrichment Walking,Engage in structured 30-minute low-impact daily walks. Weigh meal portions accurately and avoid high-calorie table scraps.
Cat,Maine Coon,10.1,10.3,Healthy,Moderate,Senior Mobility & Joint Care (Glucosamine & Omega-3),Purina Pro Plan Veterinary Diets JM Joint Mobility,Gentle In-Home Senior Care & Medication Supervision,"Maintain regular biannual health checkups, brush teeth weekly, and ensure fresh hydration throughout the day."
Dog,Boxer,11.6,31.1,Healthy,Low,Senior Mobility & Joint Care (Glucosamine & Omega-3),Purina Pro Plan Veterinary Diets JM Joint Mobility,Gentle In-Home Senior Care & Medication Supervision,"Maintain regular biannual health checkups, brush teeth weekly, and ensure fresh hydration throughout the day."
Dog,Boxer,0.5,8.5,Healthy,High,Growth & Development (High Protein & DHA),Royal Canin Puppy / Kitten Starter Nutrition,Puppy / Kitten Care & Socialization Routine,Feed 3-4 small portioned meals daily. Complete vaccination schedule and prioritize positive-reinforcement socialization for Boxer.
Dog,Labrador Retriever,7.8,34.3,Healthy,Low,Daily Complete Balanced Adult Maintenance,Blue Buffalo Life Protection Natural Adult Blend,Standard Boarding & Daily Enrichment Walking,"Maintain regular biannual health checkups, brush teeth weekly, and ensure fresh hydration throughout the day."
Dog,Golden Retriever,2.2,33.4,Healthy,Moderate,Daily Complete Balanced Adult Maintenance,Blue Buffalo Life Protection Natural Adult Blend,Standard Boarding & Daily Enrichment Walking,"Maintain regular biannual health checkups, brush teeth weekly, and ensure fresh hydration throughout the day."
Cat,Domestic Shorthair,13.6,3.1,Overweight,Low,Weight Management (Low Calorie & High Satiety Fiber),Hill's Science Diet Perfect Weight Formula,Gentle In-Home Senior Care & Medication Supervision,Engage in structured 30-minute low-impact daily walks. Weigh meal portions accurately and avoid high-calorie table scraps.
Cat,Maine Coon,0.9,5.4,Healthy,High,Growth & Development (High Protein & DHA),Royal Canin Puppy / Kitten Starter Nutrition,Puppy / Kitten Care & Socialization Routine,Feed 3-4 small portioned meals daily. Complete vaccination schedule and prioritize positive-reinforcement socialization for Maine Coon.
Cat,Maine Coon,4.5,8.1,Dental Issues,High,Active Performance & Muscle Fuel (30/20 High Energy),Orijen Amazing Grains High-Protein Energy Feast,High-Energy Active Adventure & Agility Exercise,Needs at least 60-90 minutes of vigorous daily exercise and puzzle toys to prevent boredom and anxiety.
Dog,Poodle,12.7,14.8,Joint Issues / Arthritis,Low,Senior Mobility & Joint Care (Glucosamine & Omega-3),Purina Pro Plan Veterinary Diets JM Joint Mobility,Gentle In-Home Senior Care & Medication Supervision,"Provide orthopedic bedding, avoid stairs or sudden jumping, and supplement with EPA/DHA fatty acids for joint lubrication."
Cat,British Shorthair,1.0,5.7,Senior Cognitive Decline,Low,Daily Complete Balanced Adult Maintenance,Blue Buffalo Life Protection Natural Adult Blend,Gentle In-Home Senior Care & Medication Supervision,"Maintain regular biannual health checkups, brush teeth weekly, and ensure fresh hydration throughout the day."
Dog,Golden Retriever,8.5,20.6,Healthy,Low,Senior Mobility & Joint Care (Glucosamine & Omega-3),Purina Pro Plan Veterinary Diets JM Joint Mobility,Standard Boarding & Daily Enrichment Walking,"Maintain regular biannual health checkups, brush teeth weekly, and ensure fresh hydration throughout the day."
Dog,Rottweiler,9.9,23.9,Overweight,Low,Weight Management (Low Calorie & High Satiety Fiber),Hill's Science Diet Perfect Weight Formula,Standard Boarding & Daily Enrichment Walking,Engage in structured 30-minute low-impact daily walks. Weigh meal portions accurately and avoid high-calorie table scraps.
Cat,Domestic Shorthair,2.5,2.1,Overweight,Low,Weight Management (Low Calorie & High Satiety Fiber),Hill's Science Diet Perfect Weight Formula,Standard Boarding & Daily Enrichment Walking,Engage in structured 30-minute low-impact daily walks. Weigh meal portions accurately and avoid high-calorie table scraps.
Dog,Dachshund,12.6,11.7,Joint Issues / Arthritis,Moderate,Senior Mobility & Joint Care (Glucosamine & Omega-3),Purina Pro Plan Veterinary Diets JM Joint Mobility,Gentle In-Home Senior Care & Medication Supervision,"Provide orthopedic bedding, avoid stairs or sudden jumping, and supplement with EPA/DHA fatty acids for joint lubrication."
Dog,Siberian Husky,9.7,35.4,Healthy,Very High,Senior Mobility & Joint Care (Glucosamine & Omega-3),Purina Pro Plan Veterinary Diets JM Joint Mobility,High-Energy Active Adventure & Agility Exercise,Needs at least 60-90 minutes of vigorous daily exercise and puzzle toys to prevent boredom and anxiety.
Dog,Dachshund,13.7,7.7,Senior Cognitive Decline,Moderate,Senior Mobility & Joint Care (Glucosamine & Omega-3),Purina Pro Plan Veterinary Diets JM Joint Mobility,Gentle In-Home Senior Care & Medication Supervision,"Maintain regular biannual health checkups, brush teeth weekly, and ensure fresh hydration throughout the day."
Cat,Bengal Cat,12.5,7.0,Healthy,Low,Senior Mobility & Joint Care (Glucosamine & Omega-3),Purina Pro Plan Veterinary Diets JM Joint Mobility,Gentle In-Home Senior Care & Medication Supervision,"Maintain regular biannual health checkups, brush teeth weekly, and ensure fresh hydration throughout the day."
Dog,Golden Retriever,2.9,38.5,Overweight,Low,Weight Management (Low Calorie & High Satiety Fiber),Hill's Science Diet Perfect Weight Formula,Standard Boarding & Daily Enrichment Walking,Engage in structured 30-minute low-impact daily walks. Weigh meal portions accurately and avoid high-calorie table scraps.
Dog,Labrador Retriever,1.4,40.7,Senior Cognitive Decline,Moderate,Daily Complete Balanced Adult Maintenance,Blue Buffalo Life Protection Natural Adult Blend,Gentle In-Home Senior Care & Medication Supervision,"Maintain regular biannual health checkups, brush teeth weekly, and ensure fresh hydration throughout the day."
Cat,Maine Coon,9.7,11.3,Healthy,Low,Senior Mobility & Joint Care (Glucosamine & Omega-3),Purina Pro Plan Veterinary Diets JM Joint Mobility,Standard Boarding & Daily Enrichment Walking,"Maintain regular biannual health checkups, brush teeth weekly, and ensure fresh hydration throughout the day."
Dog,Siberian Husky,11.7,38.5,Healthy,Low,Senior Mobility & Joint Care (Glucosamine & Omega-3),Purina Pro Plan Veterinary Diets JM Joint Mobility,Gentle In-Home Senior Care & Medication Supervision,"Maintain regular biannual health checkups, brush teeth weekly, and ensure fresh hydration throughout the day."
Dog,Labrador Retriever,11.1,26.5,Sensitive Stomach / Allergies,Low,Senior Mobility & Joint Care (Glucosamine & Omega-3),Purina Pro Plan Veterinary Diets JM Joint Mobility,Gentle In-Home Senior Care & Medication Supervision,"Maintain regular biannual health checkups, brush teeth weekly, and ensure fresh hydration throughout the day."
Dog,Labrador Retriever,0.4,9.5,Sensitive Stomach / Allergies,High,Growth & Development (High Protein & DHA),Royal Canin Puppy / Kitten Starter Nutrition,Puppy / Kitten Care & Socialization Routine,Feed 3-4 small portioned meals daily. Complete vaccination schedule and prioritize positive-reinforcement socialization for Labrador Retriever.
Dog,Beagle,11.0,8.8,Healthy,Moderate,Senior Mobility & Joint Care (Glucosamine & Omega-3),Purina Pro Plan Veterinary Diets JM Joint Mobility,Gentle In-Home Senior Care & Medication Supervision,"Maintain regular biannual health checkups, brush teeth weekly, and ensure fresh hydration throughout the day."
Dog,Boxer,6.0,28.6,Healthy,Very High,Active Performance & Muscle Fuel (30/20 High Energy),Orijen Amazing Grains High-Protein Energy Feast,High-Energy Active Adventure & Agility Exercise,Needs at least 60-90 minutes of vigorous daily exercise and puzzle toys to prevent boredom and anxiety.
Cat,British Shorthair,15.6,8.4,Healthy,Low,Senior Mobility & Joint Care (Glucosamine & Omega-3),Purina Pro Plan Veterinary Diets JM Joint Mobility,Gentle In-Home Senior Care & Medication Supervision,"Maintain regular biannual health checkups, brush teeth weekly, and ensure fresh hydration throughout the day."
Dog,Siberian Husky,0.4,9.3,Healthy,High,Growth & Development (High Protein & DHA),Royal Canin Puppy / Kitten Starter Nutrition,Puppy / Kitten Care & Socialization Routine,Feed 3-4 small portioned meals daily. Complete vaccination schedule and prioritize positive-reinforcement socialization for Siberian Husky.
Dog,French Bulldog,3.4,13.3,Healthy,Moderate,Daily Complete Balanced Adult Maintenance,Blue Buffalo Life Protection Natural Adult Blend,Standard Boarding & Daily Enrichment Walking,"Maintain regular biannual health checkups, brush teeth weekly, and ensure fresh hydration throughout the day."
Cat,British Shorthair,10.2,6.3,Joint Issues / Arthritis,Low,Senior Mobility & Joint Care (Glucosamine & Omega-3),Purina Pro Plan Veterinary Diets JM Joint Mobility,Gentle In-Home Senior Care & Medication Supervision,"Provide orthopedic bedding, avoid stairs or sudden jumping, and supplement with EPA/DHA fatty acids for joint lubrication."
Dog,Labrador Retriever,10.3,34.1,Healthy,Low,Senior Mobility & Joint Care (Glucosamine & Omega-3),Purina Pro Plan Veterinary Diets JM Joint Mobility,Gentle In-Home Senior Care & Medication Supervision,"Maintain regular biannual health checkups, brush teeth weekly, and ensure fresh hydration throughout the day."
Cat,Bengal Cat,13.1,4.9,Joint Issues / Arthritis,Low,Senior Mobility & Joint Care (Glucosamine & Omega-3),Purina Pro Plan Veterinary Diets JM Joint Mobility,Gentle In-Home Senior Care & Medication Supervision,"Provide orthopedic bedding, avoid stairs or sudden jumping, and supplement with EPA/DHA fatty acids for joint lubrication."
Dog,German Shepherd,14.2,39.3,Healthy,Low,Senior Mobility & Joint Care (Glucosamine & Omega-3),Purina Pro Plan Veterinary Diets JM Joint Mobility,Gentle In-Home Senior Care & Medication Supervision,"Maintain regular biannual health checkups, brush teeth weekly, and ensure fresh hydration throughout the day."
Dog,Siberian Husky,9.5,26.7,Sensitive Stomach / Allergies,High,Senior Mobility & Joint Care (Glucosamine & Omega-3),Purina Pro Plan Veterinary Diets JM Joint Mobility,High-Energy Active Adventure & Agility Exercise,Needs at least 60-90 minutes of vigorous daily exercise and puzzle toys to prevent boredom and anxiety.
Dog,French Bulldog,0.9,6.8,Joint Issues / Arthritis,Moderate,Growth & Development (High Protein & DHA),Royal Canin Puppy / Kitten Starter Nutrition,Puppy / Kitten Care & Socialization Routine,Feed 3-4 small portioned meals daily. Complete vaccination schedule and prioritize positive-reinforcement socialization for French Bulldog.
Dog,Labrador Retriever,6.2,23.8,Joint Issues / Arthritis,Moderate,Senior Mobility & Joint Care (Glucosamine & Omega-3),Purina Pro Plan Veterinary Diets JM Joint Mobility,Gentle In-Home Senior Care & Medication Supervision,"Provide orthopedic bedding, avoid stairs or sudden jumping, and supplement with EPA/DHA fatty acids for joint lubrication."
Dog,German Shepherd,1.1,25.4,Healthy,Very High,Active Performance & Muscle Fuel (30/20 High Energy),Orijen Amazing Grains High-Protein Energy Feast,High-Energy Active Adventure & Agility Exercise,Needs at least 60-90 minutes of vigorous daily exercise and puzzle toys to prevent boredom and anxiety.
Dog,Siberian Husky,10.4,36.5,Overweight,Low,Weight Management (Low Calorie & High Satiety Fiber),Hill's Science Diet Perfect Weight Formula,Gentle In-Home Senior Care & Medication Supervision,Engage in structured 30-minute low-impact daily walks. Weigh meal portions accurately and avoid high-calorie table scraps.
Cat,Siamese Cat,10.3,6.4,Healthy,Low,Senior Mobility & Joint Care (Glucosamine & Omega-3),Purina Pro Plan Veterinary Diets JM Joint Mobility,Gentle In-Home Senior Care & Medication Supervision,"Maintain regular biannual health checkups, brush teeth weekly, and ensure fresh hydration throughout the day."
Cat,Domestic Shorthair,10.2,3.7,Healthy,Low,Senior Mobility & Joint Care (Glucosamine & Omega-3),Purina Pro Plan Veterinary Diets JM Joint Mobility,Gentle In-Home Senior Care & Medication Supervision,"Maintain regular biannual health checkups, brush teeth weekly, and ensure fresh hydration throughout the day."
Cat,Bengal Cat,4.0,3.1,Dental Issues,High,Active Performance & Muscle Fuel (30/20 High Energy),Orijen Amazing Grains High-Protein Energy Feast,High-Energy Active Adventure & Agility Exercise,Needs at least 60-90 minutes of vigorous daily exercise and puzzle toys to prevent boredom and anxiety.
Dog,German Shepherd,7.5,32.5,Post-Surgery Recovery,Very High,Active Performance & Muscle Fuel (30/20 High Energy),Orijen Amazing Grains High-Protein Energy Feast,High-Energy Active Adventure & Agility Exercise,Needs at least 60-90 minutes of vigorous daily exercise and puzzle toys to prevent boredom and anxiety.
Dog,Golden Retriever,12.6,41.4,Healthy,Moderate,Senior Mobility & Joint Care (Glucosamine & Omega-3),Purina Pro Plan Veterinary Diets JM Joint Mobility,Gentle In-Home Senior Care & Medication Supervision,"Maintain regular biannual health checkups, brush teeth weekly, and ensure fresh hydration throughout the day."
Cat,Domestic Shorthair,3.9,8.5,Sensitive Stomach / Allergies,Moderate,Hypoallergenic Single-Source Protein & Grain-Free,Farmina N&D Ocean Grain-Free Hypoallergenic Formula,Specialized Medical Monitoring & Controlled Diet Feeding,"Maintain regular biannual health checkups, brush teeth weekly, and ensure fresh hydration throughout the day."
Dog,Siberian Husky,12.4,30.2,Healthy,Moderate,Senior Mobility & Joint Care (Glucosamine & Omega-3),Purina Pro Plan Veterinary Diets JM Joint Mobility,Gentle In-Home Senior Care & Medication Supervision,"Maintain regular biannual health checkups, brush teeth weekly, and ensure fresh hydration throughout the day."
Dog,French Bulldog,1.9,15.8,Joint Issues / Arthritis,Low,Senior Mobility & Joint Care (Glucosamine & Omega-3),Purina Pro Plan Veterinary Diets JM Joint Mobility,Gentle In-Home Senior Care & Medication Supervision,"Provide orthopedic bedding, avoid stairs or sudden jumping, and supplement with EPA/DHA fatty acids for joint lubrication."
Dog,Labrador Retriever,3.3,29.1,Healthy,High,Active Performance & Muscle Fuel (30/20 High Energy),Orijen Amazing Grains High-Protein Energy Feast,High-Energy Active Adventure & Agility Exercise,Needs at least 60-90 minutes of vigorous daily exercise and puzzle toys to prevent boredom and anxiety.
Dog,French Bulldog,9.5,17.0,Healthy,Moderate,Senior Mobility & Joint Care (Glucosamine & Omega-3),Purina Pro Plan Veterinary Diets JM Joint Mobility,Standard Boarding & Daily Enrichment Walking,"Maintain regular biannual health checkups, brush teeth weekly, and ensure fresh hydration throughout the day."
Dog,French Bulldog,7.5,14.5,Sensitive Stomach / Allergies,Moderate,Hypoallergenic Single-Source Protein & Grain-Free,Farmina N&D Ocean Grain-Free Hypoallergenic Formula,Specialized Medical Monitoring & Controlled Diet Feeding,"Maintain regular biannual health checkups, brush teeth weekly, and ensure fresh hydration throughout the day."
Dog,Siberian Husky,7.9,38.0,Healthy,High,Active Performance & Muscle Fuel (30/20 High Energy),Orijen Amazing Grains High-Protein Energy Feast,High-Energy Active Adventure & Agility Exercise,Needs at least 60-90 minutes of vigorous daily exercise and puzzle toys to prevent boredom and anxiety.
Dog,Golden Retriever,14.0,38.2,Overweight,Low,Weight Management (Low Calorie & High Satiety Fiber),Hill's Science Diet Perfect Weight Formula,Gentle In-Home Senior Care & Medication Supervision,Engage in structured 30-minute low-impact daily walks. Weigh meal portions accurately and avoid high-calorie table scraps.
Cat,Bengal Cat,9.9,4.2,Overweight,Low,Weight Management (Low Calorie & High Satiety Fiber),Hill's Science Diet Perfect Weight Formula,Standard Boarding & Daily Enrichment Walking,Engage in structured 30-minute low-impact daily walks. Weigh meal portions accurately and avoid high-calorie table scraps.
Cat,Bengal Cat,4.7,4.5,Sensitive Stomach / Allergies,Very High,Hypoallergenic Single-Source Protein & Grain-Free,Farmina N&D Ocean Grain-Free Hypoallergenic Formula,High-Energy Active Adventure & Agility Exercise,Needs at least 60-90 minutes of vigorous daily exercise and puzzle toys to prevent boredom and anxiety.
Cat,Maine Coon,7.7,10.1,Dental Issues,Moderate,Daily Complete Balanced Adult Maintenance,Blue Buffalo Life Protection Natural Adult Blend,Standard Boarding & Daily Enrichment Walking,"Maintain regular biannual health checkups, brush teeth weekly, and ensure fresh hydration throughout the day."
Cat,Domestic Shorthair,5.1,6.5,Joint Issues / Arthritis,Low,Senior Mobility & Joint Care (Glucosamine & Omega-3),Purina Pro Plan Veterinary Diets JM Joint Mobility,Gentle In-Home Senior Care & Medication Supervision,"Provide orthopedic bedding, avoid stairs or sudden jumping, and supplement with EPA/DHA fatty acids for joint lubrication."
Dog,Golden Retriever,14.1,33.7,Healthy,Low,Senior Mobility & Joint Care (Glucosamine & Omega-3),Purina Pro Plan Veterinary Diets JM Joint Mobility,Gentle In-Home Senior Care & Medication Supervision,"Maintain regular biannual health checkups, brush teeth weekly, and ensure fresh hydration throughout the day."
Dog,Boxer,5.5,30.2,Overweight,Low,Weight Management (Low Calorie & High Satiety Fiber),Hill's Science Diet Perfect Weight Formula,Standard Boarding & Daily Enrichment Walking,Engage in structured 30-minute low-impact daily walks. Weigh meal portions accurately and avoid high-calorie table scraps.
Dog,Dachshund,12.3,8.2,Joint Issues / Arthritis,Low,Senior Mobility & Joint Care (Glucosamine & Omega-3),Purina Pro Plan Veterinary Diets JM Joint Mobility,Gentle In-Home Senior Care & Medication Supervision,"Provide orthopedic bedding, avoid stairs or sudden jumping, and supplement with EPA/DHA fatty acids for joint lubrication."
Dog,French Bulldog,8.5,12.4,Healthy,Moderate,Senior Mobility & Joint Care (Glucosamine & Omega-3),Purina Pro Plan Veterinary Diets JM Joint Mobility,Standard Boarding & Daily Enrichment Walking,"Maintain regular biannual health checkups, brush teeth weekly, and ensure fresh hydration throughout the day."
Dog,Dachshund,12.9,5.0,Healthy,Low,Senior Mobility & Joint Care (Glucosamine & Omega-3),Purina Pro Plan Veterinary Diets JM Joint Mobility,Gentle In-Home Senior Care & Medication Supervision,"Maintain regular biannual health checkups, brush teeth weekly, and ensure fresh hydration throughout the day."
Cat,Bengal Cat,13.9,6.2,Overweight,Low,Weight Management (Low Calorie & High Satiety Fiber),Hill's Science Diet Perfect Weight Formula,Gentle In-Home Senior Care & Medication Supervision,Engage in structured 30-minute low-impact daily walks. Weigh meal portions accurately and avoid high-calorie table scraps.
Cat,British Shorthair,0.4,1.3,Healthy,High,Growth & Development (High Protein & DHA),Royal Canin Puppy / Kitten Starter Nutrition,Puppy / Kitten Care & Socialization Routine,Feed 3-4 small portioned meals daily. Complete vaccination schedule and prioritize positive-reinforcement socialization for British Shorthair.
Cat,Siamese Cat,8.4,5.6,Healthy,Very High,Senior Mobility & Joint Care (Glucosamine & Omega-3),Purina Pro Plan Veterinary Diets JM Joint Mobility,High-Energy Active Adventure & Agility Exercise,Needs at least 60-90 minutes of vigorous daily exercise and puzzle toys to prevent boredom and anxiety.
Cat,Bengal Cat,0.6,2.6,Sensitive Stomach / Allergies,Very High,Growth & Development (High Protein & DHA),Royal Canin Puppy / Kitten Starter Nutrition,Puppy / Kitten Care & Socialization Routine,Feed 3-4 small portioned meals daily. Complete vaccination schedule and prioritize positive-reinforcement socialization for Bengal Cat.
Dog,Beagle,2.5,12.6,Sensitive Stomach / Allergies,Low,Hypoallergenic Single-Source Protein & Grain-Free,Farmina N&D Ocean Grain-Free Hypoallergenic Formula,Specialized Medical Monitoring & Controlled Diet Feeding,"Maintain regular biannual health checkups, brush teeth weekly, and ensure fresh hydration throughout the day."
Cat,Domestic Shorthair,16.8,3.8,Joint Issues / Arthritis,Moderate,Senior Mobility & Joint Care (Glucosamine & Omega-3),Purina Pro Plan Veterinary Diets JM Joint Mobility,Gentle In-Home Senior Care & Medication Supervision,"Provide orthopedic bedding, avoid stairs or sudden jumping, and supplement with EPA/DHA fatty acids for joint lubrication."
Dog,French Bulldog,8.5,12.6,Underweight,Moderate,Senior Mobility & Joint Care (Glucosamine & Omega-3),Purina Pro Plan Veterinary Diets JM Joint Mobility,Standard Boarding & Daily Enrichment Walking,"Maintain regular biannual health checkups, brush teeth weekly, and ensure fresh hydration throughout the day."
Dog,German Shepherd,13.7,37.6,Healthy,Low,Senior Mobility & Joint Care (Glucosamine & Omega-3),Purina Pro Plan Veterinary Diets JM Joint Mobility,Gentle In-Home Senior Care & Medication Supervision,"Maintain regular biannual health checkups, brush teeth weekly, and ensure fresh hydration throughout the day."
Dog,Boxer,12.4,31.5,Overweight,Low,Weight Management (Low Calorie & High Satiety Fiber),Hill's Science Diet Perfect Weight Formula,Gentle In-Home Senior Care & Medication Supervision,Engage in structured 30-minute low-impact daily walks. Weigh meal portions accurately and avoid high-calorie table scraps.
Dog,Rottweiler,7.3,27.1,Overweight,Moderate,Weight Management (Low Calorie & High Satiety Fiber),Hill's Science Diet Perfect Weight Formula,Standard Boarding & Daily Enrichment Walking,Engage in structured 30-minute low-impact daily walks. Weigh meal portions accurately and avoid high-calorie table scraps.
Dog,Poodle,9.5,10.7,Healthy,Low,Senior Mobility & Joint Care (Glucosamine & Omega-3),Purina Pro Plan Veterinary Diets JM Joint Mobility,Standard Boarding & Daily Enrichment Walking,"Maintain regular biannual health checkups, brush teeth weekly, and ensure fresh hydration throughout the day."
Cat,Domestic Shorthair,2.8,4.1,Healthy,Moderate,Daily Complete Balanced Adult Maintenance,Blue Buffalo Life Protection Natural Adult Blend,Standard Boarding & Daily Enrichment Walking,"Maintain regular biannual health checkups, brush teeth weekly, and ensure fresh hydration throughout the day."
Dog,Boxer,6.2,38.7,Healthy,Very High,Active Performance & Muscle Fuel (30/20 High Energy),Orijen Amazing Grains High-Protein Energy Feast,High-Energy Active Adventure & Agility Exercise,Needs at least 60-90 minutes of vigorous daily exercise and puzzle toys to prevent boredom and anxiety.
Cat,Domestic Shorthair,3.3,4.4,Overweight,Low,Weight Management (Low Calorie & High Satiety Fiber),Hill's Science Diet Perfect Weight Formula,Standard Boarding & Daily Enrichment Walking,Engage in structured 30-minute low-impact daily walks. Weigh meal portions accurately and avoid high-calorie table scraps.
Cat,Persian Cat,1.1,3.4,Healthy,High,Active Performance & Muscle Fuel (30/20 High Energy),Orijen Amazing Grains High-Protein Energy Feast,High-Energy Active Adventure & Agility Exercise,Needs at least 60-90 minutes of vigorous daily exercise and puzzle toys to prevent boredom and anxiety.
Dog,French Bulldog,11.4,9.0,Sensitive Stomach / Allergies,Moderate,Senior Mobility & Joint Care (Glucosamine & Omega-3),Purina Pro Plan Veterinary Diets JM Joint Mobility,Gentle In-Home Senior Care & Medication Supervision,"Maintain regular biannual health checkups, brush teeth weekly, and ensure fresh hydration throughout the day."
Dog,Labrador Retriever,0.6,9.9,Healthy,Very High,Growth & Development (High Protein & DHA),Royal Canin Puppy / Kitten Starter Nutrition,Puppy / Kitten Care & Socialization Routine,Feed 3-4 small portioned meals daily. Complete vaccination schedule and prioritize positive-reinforcement socialization for Labrador Retriever.
Cat,Persian Cat,16.8,7.2,Underweight,Low,Senior Mobility & Joint Care (Glucosamine & Omega-3),Purina Pro Plan Veterinary Diets JM Joint Mobility,Gentle In-Home Senior Care & Medication Supervision,"Maintain regular biannual health checkups, brush teeth weekly, and ensure fresh hydration throughout the day."
Dog,Golden Retriever,7.8,33.7,Overweight,Moderate,Weight Management (Low Calorie & High Satiety Fiber),Hill's Science Diet Perfect Weight Formula,Standard Boarding & Daily Enrichment Walking,Engage in structured 30-minute low-impact daily walks. Weigh meal portions accurately and avoid high-calorie table scraps.
Cat,British Shorthair,0.6,2.1,Healthy,High,Growth & Development (High Protein & DHA),Royal Canin Puppy / Kitten Starter Nutrition,Puppy / Kitten Care & Socialization Routine,Feed 3-4 small portioned meals daily. Complete vaccination schedule and prioritize positive-reinforcement socialization for British Shorthair.
Cat,British Shorthair,15.3,6.5,Healthy,Low,Senior Mobility & Joint Care (Glucosamine & Omega-3),Purina Pro Plan Veterinary Diets JM Joint Mobility,Gentle In-Home Senior Care & Medication Supervision,"Maintain regular biannual health checkups, brush teeth weekly, and ensure fresh hydration throughout the day."
Cat,Persian Cat,7.3,3.7,Joint Issues / Arthritis,Low,Senior Mobility & Joint Care (Glucosamine & Omega-3),Purina Pro Plan Veterinary Diets JM Joint Mobility,Gentle In-Home Senior Care & Medication Supervision,"Provide orthopedic bedding, avoid stairs or sudden jumping, and supplement with EPA/DHA fatty acids for joint lubrication."
Cat,British Shorthair,9.0,8.5,Healthy,Moderate,Senior Mobility & Joint Care (Glucosamine & Omega-3),Purina Pro Plan Veterinary Diets JM Joint Mobility,Standard Boarding & Daily Enrichment Walking,"Maintain regular biannual health checkups, brush teeth weekly, and ensure fresh hydration throughout the day."
Dog,Golden Retriever,14.8,29.6,Dental Issues,Moderate,Senior Mobility & Joint Care (Glucosamine & Omega-3),Purina Pro Plan Veterinary Diets JM Joint Mobility,Gentle In-Home Senior Care & Medication Supervision,"Maintain regular biannual health checkups, brush teeth weekly, and ensure fresh hydration throughout the day."
Dog,Poodle,12.2,20.4,Healthy,Moderate,Senior Mobility & Joint Care (Glucosamine & Omega-3),Purina Pro Plan Veterinary Diets JM Joint Mobility,Gentle In-Home Senior Care & Medication Supervision,"Maintain regular biannual health checkups, brush teeth weekly, and ensure fresh hydration throughout the day."
Dog,French Bulldog,10.9,11.2,Joint Issues / Arthritis,Low,Senior Mobility & Joint Care (Glucosamine & Omega-3),Purina Pro Plan Veterinary Diets JM Joint Mobility,Gentle In-Home Senior Care & Medication Supervision,"Provide orthopedic bedding, avoid stairs or sudden jumping, and supplement with EPA/DHA fatty acids for joint lubrication."
Cat,Maine Coon,15.2,7.6,Post-Surgery Recovery,Moderate,Senior Mobility & Joint Care (Glucosamine & Omega-3),Purina Pro Plan Veterinary Diets JM Joint Mobility,Gentle In-Home Senior Care & Medication Supervision,"Maintain regular biannual health checkups, brush teeth weekly, and ensure fresh hydration throughout the day."
Cat,British Shorthair,7.3,5.2,Healthy,High,Active Performance & Muscle Fuel (30/20 High Energy),Orijen Amazing Grains High-Protein Energy Feast,High-Energy Active Adventure & Agility Exercise,Needs at least 60-90 minutes of vigorous daily exercise and puzzle toys to prevent boredom and anxiety.
Dog,French Bulldog,11.9,13.7,Sensitive Stomach / Allergies,Low,Senior Mobility & Joint Care (Glucosamine & Omega-3),Purina Pro Plan Veterinary Diets JM Joint Mobility,Gentle In-Home Senior Care & Medication Supervision,"Maintain regular biannual health checkups, brush teeth weekly, and ensure fresh hydration throughout the day."
Dog,German Shepherd,8.3,34.4,Healthy,Very High,Senior Mobility & Joint Care (Glucosamine & Omega-3),Purina Pro Plan Veterinary Diets JM Joint Mobility,High-Energy Active Adventure & Agility Exercise,Needs at least 60-90 minutes of vigorous daily exercise and puzzle toys to prevent boredom and anxiety.
Cat,British Shorthair,14.3,6.9,Healthy,Low,Senior Mobility & Joint Care (Glucosamine & Omega-3),Purina Pro Plan Veterinary Diets JM Joint Mobility,Gentle In-Home Senior Care & Medication Supervision,"Maintain regular biannual health checkups, brush teeth weekly, and ensure fresh hydration throughout the day."
Cat,Siamese Cat,10.3,7.9,Healthy,Low,Senior Mobility & Joint Care (Glucosamine & Omega-3),Purina Pro Plan Veterinary Diets JM Joint Mobility,Gentle In-Home Senior Care & Medication Supervision,"Maintain regular biannual health checkups, brush teeth weekly, and ensure fresh hydration throughout the day."
Dog,Rottweiler,8.8,30.2,Sensitive Stomach / Allergies,Very High,Senior Mobility & Joint Care (Glucosamine & Omega-3),Purina Pro Plan Veterinary Diets JM Joint Mobility,High-Energy Active Adventure & Agility Exercise,Needs at least 60-90 minutes of vigorous daily exercise and puzzle toys to prevent boredom and anxiety.
Dog,Dachshund,5.3,5.9,Joint Issues / Arthritis,Low,Senior Mobility & Joint Care (Glucosamine & Omega-3),Purina Pro Plan Veterinary Diets JM Joint Mobility,Gentle In-Home Senior Care & Medication Supervision,"Provide orthopedic bedding, avoid stairs or sudden jumping, and supplement with EPA/DHA fatty acids for joint lubrication."
Dog,Siberian Husky,0.4,6.2,Overweight,Low,Growth & Development (High Protein & DHA),Royal Canin Puppy / Kitten Starter Nutrition,Puppy / Kitten Care & Socialization Routine,Feed 3-4 small portioned meals daily. Complete vaccination schedule and prioritize positive-reinforcement socialization for Siberian Husky.
Dog,Dachshund,3.0,8.0,Healthy,Low,Daily Complete Balanced Adult Maintenance,Blue Buffalo Life Protection Natural Adult Blend,Standard Boarding & Daily Enrichment Walking,"Maintain regular biannual health checkups, brush teeth weekly, and ensure fresh hydration throughout the day."
Dog,Labrador Retriever,8.2,26.5,Healthy,High,Senior Mobility & Joint Care (Glucosamine & Omega-3),Purina Pro Plan Veterinary Diets JM Joint Mobility,High-Energy Active Adventure & Agility Exercise,Needs at least 60-90 minutes of vigorous daily exercise and puzzle toys to prevent boredom and anxiety.
Cat,Siamese Cat,5.7,7.3,Sensitive Stomach / Allergies,Low,Hypoallergenic Single-Source Protein & Grain-Free,Farmina N&D Ocean Grain-Free Hypoallergenic Formula,Specialized Medical Monitoring & Controlled Diet Feeding,"Maintain regular biannual health checkups, brush teeth weekly, and ensure fresh hydration throughout the day."
Cat,British Shorthair,4.1,5.0,Post-Surgery Recovery,Low,Daily Complete Balanced Adult Maintenance,Blue Buffalo Life Protection Natural Adult Blend,Specialized Medical Monitoring & Controlled Diet Feeding,"Maintain regular biannual health checkups, brush teeth weekly, and ensure fresh hydration throughout the day."
Cat,British Shorthair,15.2,6.7,Sensitive Stomach / Allergies,Low,Senior Mobility & Joint Care (Glucosamine & Omega-3),Purina Pro Plan Veterinary Diets JM Joint Mobility,Gentle In-Home Senior Care & Medication Supervision,"Maintain regular biannual health checkups, brush teeth weekly, and ensure fresh hydration throughout the day."
Cat,Maine Coon,18.0,7.7,Joint Issues / Arthritis,Low,Senior Mobility & Joint Care (Glucosamine & Omega-3),Purina Pro Plan Veterinary Diets JM Joint Mobility,Gentle In-Home Senior Care & Medication Supervision,"Provide orthopedic bedding, avoid stairs or sudden jumping, and supplement with EPA/DHA fatty acids for joint lubrication."
Dog,Poodle,1.8,10.2,Overweight,Low,Weight Management (Low Calorie & High Satiety Fiber),Hill's Science Diet Perfect Weight Formula,Standard Boarding & Daily Enrichment Walking,Engage in structured 30-minute low-impact daily walks. Weigh meal portions accurately and avoid high-calorie table scraps.
Cat,Siamese Cat,2.7,5.5,Sensitive Stomach / Allergies,Moderate,Hypoallergenic Single-Source Protein & Grain-Free,Farmina N&D Ocean Grain-Free Hypoallergenic Formula,Specialized Medical Monitoring & Controlled Diet Feeding,"Maintain regular biannual health checkups, brush teeth weekly, and ensure fresh hydration throughout the day."
Dog,Boxer,12.9,27.0,Sensitive Stomach / Allergies,Low,Senior Mobility & Joint Care (Glucosamine & Omega-3),Purina Pro Plan Veterinary Diets JM Joint Mobility,Gentle In-Home Senior Care & Medication Supervision,"Maintain regular biannual health checkups, brush teeth weekly, and ensure fresh hydration throughout the day."
Dog,Dachshund,10.0,7.6,Overweight,Low,Weight Management (Low Calorie & High Satiety Fiber),Hill's Science Diet Perfect Weight Formula,Standard Boarding & Daily Enrichment Walking,Engage in structured 30-minute low-impact daily walks. Weigh meal portions accurately and avoid high-calorie table scraps.
Cat,British Shorthair,16.4,4.6,Overweight,Low,Weight Management (Low Calorie & High Satiety Fiber),Hill's Science Diet Perfect Weight Formula,Gentle In-Home Senior Care & Medication Supervision,Engage in structured 30-minute low-impact daily walks. Weigh meal portions accurately and avoid high-calorie table scraps.
Cat,Bengal Cat,16.6,8.7,Sensitive Stomach / Allergies,Low,Senior Mobility & Joint Care (Glucosamine & Omega-3),Purina Pro Plan Veterinary Diets JM Joint Mobility,Gentle In-Home Senior Care & Medication Supervision,"Maintain regular biannual health checkups, brush teeth weekly, and ensure fresh hydration throughout the day."
Dog,German Shepherd,4.6,36.3,Sensitive Stomach / Allergies,Very High,Hypoallergenic Single-Source Protein & Grain-Free,Farmina N&D Ocean Grain-Free Hypoallergenic Formula,High-Energy Active Adventure & Agility Exercise,Needs at least 60-90 minutes of vigorous daily exercise and puzzle toys to prevent boredom and anxiety.
Dog,Siberian Husky,6.7,33.3,Healthy,Very High,Active Performance & Muscle Fuel (30/20 High Energy),Orijen Amazing Grains High-Protein Energy Feast,High-Energy Active Adventure & Agility Exercise,Needs at least 60-90 minutes of vigorous daily exercise and puzzle toys to prevent boredom and anxiety.
Dog,French Bulldog,8.9,8.8,Overweight,Low,Weight Management (Low Calorie & High Satiety Fiber),Hill's Science Diet Perfect Weight Formula,Standard Boarding & Daily Enrichment Walking,Engage in structured 30-minute low-impact daily walks. Weigh meal portions accurately and avoid high-calorie table scraps.
Dog,Poodle,8.5,22.6,Overweight,Low,Weight Management (Low Calorie & High Satiety Fiber),Hill's Science Diet Perfect Weight Formula,Standard Boarding & Daily Enrichment Walking,Engage in structured 30-minute low-impact daily walks. Weigh meal portions accurately and avoid high-calorie table scraps.
Dog,Poodle,8.9,9.9,Healthy,Moderate,Senior Mobility & Joint Care (Glucosamine & Omega-3),Purina Pro Plan Veterinary Diets JM Joint Mobility,Standard Boarding & Daily Enrichment Walking,"Maintain regular biannual health checkups, brush teeth weekly, and ensure fresh hydration throughout the day."
Cat,British Shorthair,3.6,6.2,Overweight,Low,Weight Management (Low Calorie & High Satiety Fiber),Hill's Science Diet Perfect Weight Formula,Standard Boarding & Daily Enrichment Walking,Engage in structured 30-minute low-impact daily walks. Weigh meal portions accurately and avoid high-calorie table scraps.
Dog,Siberian Husky,12.5,27.5,Overweight,Moderate,Weight Management (Low Calorie & High Satiety Fiber),Hill's Science Diet Perfect Weight Formula,Gentle In-Home Senior Care & Medication Supervision,Engage in structured 30-minute low-impact daily walks. Weigh meal portions accurately and avoid high-calorie table scraps.
Dog,Rottweiler,14.3,26.2,Healthy,Moderate,Senior Mobility & Joint Care (Glucosamine & Omega-3),Purina Pro Plan Veterinary Diets JM Joint Mobility,Gentle In-Home Senior Care & Medication Supervision,"Maintain regular biannual health checkups, brush teeth weekly, and ensure fresh hydration throughout the day."
Dog,German Shepherd,9.2,36.4,Healthy,High,Senior Mobility & Joint Care (Glucosamine & Omega-3),Purina Pro Plan Veterinary Diets JM Joint Mobility,High-Energy Active Adventure & Agility Exercise,Needs at least 60-90 minutes of vigorous daily exercise and puzzle toys to prevent boredom and anxiety.
Dog,Siberian Husky,5.4,31.1,Healthy,High,Active Performance & Muscle Fuel (30/20 High Energy),Orijen Amazing Grains High-Protein Energy Feast,High-Energy Active Adventure & Agility Exercise,Needs at least 60-90 minutes of vigorous daily exercise and puzzle toys to prevent boredom and anxiety.
Dog,Dachshund,12.5,6.7,Healthy,Low,Senior Mobility & Joint Care (Glucosamine & Omega-3),Purina Pro Plan Veterinary Diets JM Joint Mobility,Gentle In-Home Senior Care & Medication Supervision,"Maintain regular biannual health checkups, brush teeth weekly, and ensure fresh hydration throughout the day."
Cat,British Shorthair,14.9,3.9,Joint Issues / Arthritis,Low,Senior Mobility & Joint Care (Glucosamine & Omega-3),Purina Pro Plan Veterinary Diets JM Joint Mobility,Gentle In-Home Senior Care & Medication Supervision,"Provide orthopedic bedding, avoid stairs or sudden jumping, and supplement with EPA/DHA fatty acids for joint lubrication."
Cat,Persian Cat,12.5,4.8,Healthy,Low,Senior Mobility & Joint Care (Glucosamine & Omega-3),Purina Pro Plan Veterinary Diets JM Joint Mobility,Gentle In-Home Senior Care & Medication Supervision,"Maintain regular biannual health checkups, brush teeth weekly, and ensure fresh hydration throughout the day."
Cat,Persian Cat,14.9,2.9,Healthy,Low,Senior Mobility & Joint Care (Glucosamine & Omega-3),Purina Pro Plan Veterinary Diets JM Joint Mobility,Gentle In-Home Senior Care & Medication Supervision,"Maintain regular biannual health checkups, brush teeth weekly, and ensure fresh hydration throughout the day."
Dog,Poodle,10.8,8.1,Healthy,Moderate,Senior Mobility & Joint Care (Glucosamine & Omega-3),Purina Pro Plan Veterinary Diets JM Joint Mobility,Gentle In-Home Senior Care & Medication Supervision,"Maintain regular biannual health checkups, brush teeth weekly, and ensure fresh hydration throughout the day."
Dog,German Shepherd,2.4,27.4,Sensitive Stomach / Allergies,High,Hypoallergenic Single-Source Protein & Grain-Free,Farmina N&D Ocean Grain-Free Hypoallergenic Formula,High-Energy Active Adventure & Agility Exercise,Needs at least 60-90 minutes of vigorous daily exercise and puzzle toys to prevent boredom and anxiety.
Dog,Poodle,11.6,18.1,Healthy,Moderate,Senior Mobility & Joint Care (Glucosamine & Omega-3),Purina Pro Plan Veterinary Diets JM Joint Mobility,Gentle In-Home Senior Care & Medication Supervision,"Maintain regular biannual health checkups, brush teeth weekly, and ensure fresh hydration throughout the day."
Cat,Domestic Shorthair,16.5,1.5,Healthy,Moderate,Senior Mobility & Joint Care (Glucosamine & Omega-3),Purina Pro Plan Veterinary Diets JM Joint Mobility,Gentle In-Home Senior Care & Medication Supervision,"Maintain regular biannual health checkups, brush teeth weekly, and ensure fresh hydration throughout the day."
Dog,Boxer,2.8,24.1,Sensitive Stomach / Allergies,Very High,Hypoallergenic Single-Source Protein & Grain-Free,Farmina N&D Ocean Grain-Free Hypoallergenic Formula,High-Energy Active Adventure & Agility Exercise,Needs at least 60-90 minutes of vigorous daily exercise and puzzle toys to prevent boredom and anxiety.
Dog,Dachshund,2.5,10.4,Healthy,Moderate,Daily Complete Balanced Adult Maintenance,Blue Buffalo Life Protection Natural Adult Blend,Standard Boarding & Daily Enrichment Walking,"Maintain regular biannual health checkups, brush teeth weekly, and ensure fresh hydration throughout the day."
Cat,Siamese Cat,15.5,8.1,Joint Issues / Arthritis,Low,Senior Mobility & Joint Care (Glucosamine & Omega-3),Purina Pro Plan Veterinary Diets JM Joint Mobility,Gentle In-Home Senior Care & Medication Supervision,"Provide orthopedic bedding, avoid stairs or sudden jumping, and supplement with EPA/DHA fatty acids for joint lubrication."
Dog,German Shepherd,6.0,36.8,Healthy,Very High,Active Performance & Muscle Fuel (30/20 High Energy),Orijen Amazing Grains High-Protein Energy Feast,High-Energy Active Adventure & Agility Exercise,Needs at least 60-90 minutes of vigorous daily exercise and puzzle toys to prevent boredom and anxiety.
Cat,Maine Coon,17.9,12.5,Joint Issues / Arthritis,Low,Senior Mobility & Joint Care (Glucosamine & Omega-3),Purina Pro Plan Veterinary Diets JM Joint Mobility,Gentle In-Home Senior Care & Medication Supervision,"Provide orthopedic bedding, avoid stairs or sudden jumping, and supplement with EPA/DHA fatty acids for joint lubrication."
Cat,Siamese Cat,3.8,4.4,Healthy,Low,Daily Complete Balanced Adult Maintenance,Blue Buffalo Life Protection Natural Adult Blend,Standard Boarding & Daily Enrichment Walking,"Maintain regular biannual health checkups, brush teeth weekly, and ensure fresh hydration throughout the day."
Dog,Labrador Retriever,10.1,24.4,Healthy,Low,Senior Mobility & Joint Care (Glucosamine & Omega-3),Purina Pro Plan Veterinary Diets JM Joint Mobility,Gentle In-Home Senior Care & Medication Supervision,"Maintain regular biannual health checkups, brush teeth weekly, and ensure fresh hydration throughout the day."
Cat,British Shorthair,10.7,3.1,Healthy,Low,Senior Mobility & Joint Care (Glucosamine & Omega-3),Purina Pro Plan Veterinary Diets JM Joint Mobility,Gentle In-Home Senior Care & Medication Supervision,"Maintain regular biannual health checkups, brush teeth weekly, and ensure fresh hydration throughout the day."
Dog,French Bulldog,13.9,14.1,Senior Cognitive Decline,Moderate,Senior Mobility & Joint Care (Glucosamine & Omega-3),Purina Pro Plan Veterinary Diets JM Joint Mobility,Gentle In-Home Senior Care & Medication Supervision,"Maintain regular biannual health checkups, brush teeth weekly, and ensure fresh hydration throughout the day."
Dog,Rottweiler,4.0,25.4,Healthy,High,Active Performance & Muscle Fuel (30/20 High Energy),Orijen Amazing Grains High-Protein Energy Feast,High-Energy Active Adventure & Agility Exercise,Needs at least 60-90 minutes of vigorous daily exercise and puzzle toys to prevent boredom and anxiety.
Dog,Labrador Retriever,10.7,37.9,Joint Issues / Arthritis,Low,Senior Mobility & Joint Care (Glucosamine & Omega-3),Purina Pro Plan Veterinary Diets JM Joint Mobility,Gentle In-Home Senior Care & Medication Supervision,"Provide orthopedic bedding, avoid stairs or sudden jumping, and supplement with EPA/DHA fatty acids for joint lubrication."
Dog,French Bulldog,6.5,10.6,Overweight,Low,Weight Management (Low Calorie & High Satiety Fiber),Hill's Science Diet Perfect Weight Formula,Standard Boarding & Daily Enrichment Walking,Engage in structured 30-minute low-impact daily walks. Weigh meal portions accurately and avoid high-calorie table scraps.
Dog,Labrador Retriever,1.4,38.4,Dental Issues,Very High,Active Performance & Muscle Fuel (30/20 High Energy),Orijen Amazing Grains High-Protein Energy Feast,High-Energy Active Adventure & Agility Exercise,Needs at least 60-90 minutes of vigorous daily exercise and puzzle toys to prevent boredom and anxiety.
Dog,German Shepherd,0.4,7.7,Healthy,Very High,Growth & Development (High Protein & DHA),Royal Canin Puppy / Kitten Starter Nutrition,Puppy / Kitten Care & Socialization Routine,Feed 3-4 small portioned meals daily. Complete vaccination schedule and prioritize positive-reinforcement socialization for German Shepherd.
Dog,French Bulldog,3.3,15.9,Healthy,Moderate,Daily Complete Balanced Adult Maintenance,Blue Buffalo Life Protection Natural Adult Blend,Standard Boarding & Daily Enrichment Walking,"Maintain regular biannual health checkups, brush teeth weekly, and ensure fresh hydration throughout the day."
Dog,Siberian Husky,3.5,38.3,Healthy,High,Active Performance & Muscle Fuel (30/20 High Energy),Orijen Amazing Grains High-Protein Energy Feast,High-Energy Active Adventure & Agility Exercise,Needs at least 60-90 minutes of vigorous daily exercise and puzzle toys to prevent boredom and anxiety.
Dog,Labrador Retriever,13.0,30.7,Healthy,Low,Senior Mobility & Joint Care (Glucosamine & Omega-3),Purina Pro Plan Veterinary Diets JM Joint Mobility,Gentle In-Home Senior Care & Medication Supervision,"Maintain regular biannual health checkups, brush teeth weekly, and ensure fresh hydration throughout the day."
Dog,Dachshund,7.4,6.8,Healthy,Low,Daily Complete Balanced Adult Maintenance,Blue Buffalo Life Protection Natural Adult Blend,Standard Boarding & Daily Enrichment Walking,"Maintain regular biannual health checkups, brush teeth weekly, and ensure fresh hydration throughout the day."
Cat,Domestic Shorthair,2.6,6.7,Healthy,Low,Daily Complete Balanced Adult Maintenance,Blue Buffalo Life Protection Natural Adult Blend,Standard Boarding & Daily Enrichment Walking,"Maintain regular biannual health checkups, brush teeth weekly, and ensure fresh hydration throughout the day."
Dog,Boxer,3.3,24.4,Healthy,Very High,Active Performance & Muscle Fuel (30/20 High Energy),Orijen Amazing Grains High-Protein Energy Feast,High-Energy Active Adventure & Agility Exercise,Needs at least 60-90 minutes of vigorous daily exercise and puzzle toys to prevent boredom and anxiety.
Dog,French Bulldog,11.3,14.7,Healthy,Low,Senior Mobility & Joint Care (Glucosamine & Omega-3),Purina Pro Plan Veterinary Diets JM Joint Mobility,Gentle In-Home Senior Care & Medication Supervision,"Maintain regular biannual health checkups, brush teeth weekly, and ensure fresh hydration throughout the day."
Dog,Boxer,6.6,31.7,Sensitive Stomach / Allergies,Very High,Hypoallergenic Single-Source Protein & Grain-Free,Farmina N&D Ocean Grain-Free Hypoallergenic Formula,High-Energy Active Adventure & Agility Exercise,Needs at least 60-90 minutes of vigorous daily exercise and puzzle toys to prevent boredom and anxiety.
Dog,Rottweiler,14.0,27.4,Overweight,Moderate,Weight Management (Low Calorie & High Satiety Fiber),Hill's Science Diet Perfect Weight Formula,Gentle In-Home Senior Care & Medication Supervision,Engage in structured 30-minute low-impact daily walks. Weigh meal portions accurately and avoid high-calorie table scraps.
Dog,German Shepherd,3.9,40.8,Overweight,Moderate,Weight Management (Low Calorie & High Satiety Fiber),Hill's Science Diet Perfect Weight Formula,Standard Boarding & Daily Enrichment Walking,Engage in structured 30-minute low-impact daily walks. Weigh meal portions accurately and avoid high-calorie table scraps.
Dog,Siberian Husky,14.2,38.8,Underweight,Moderate,Senior Mobility & Joint Care (Glucosamine & Omega-3),Purina Pro Plan Veterinary Diets JM Joint Mobility,Gentle In-Home Senior Care & Medication Supervision,"Maintain regular biannual health checkups, brush teeth weekly, and ensure fresh hydration throughout the day."
Cat,Maine Coon,8.7,9.0,Healthy,High,Senior Mobility & Joint Care (Glucosamine & Omega-3),Purina Pro Plan Veterinary Diets JM Joint Mobility,High-Energy Active Adventure & Agility Exercise,Needs at least 60-90 minutes of vigorous daily exercise and puzzle toys to prevent boredom and anxiety.
Dog,Golden Retriever,8.2,41.9,Underweight,Moderate,Senior Mobility & Joint Care (Glucosamine & Omega-3),Purina Pro Plan Veterinary Diets JM Joint Mobility,Standard Boarding & Daily Enrichment Walking,"Maintain regular biannual health checkups, brush teeth weekly, and ensure fresh hydration throughout the day."
Dog,Dachshund,6.6,3.3,Joint Issues / Arthritis,Low,Senior Mobility & Joint Care (Glucosamine & Omega-3),Purina Pro Plan Veterinary Diets JM Joint Mobility,Gentle In-Home Senior Care & Medication Supervision,"Provide orthopedic bedding, avoid stairs or sudden jumping, and supplement with EPA/DHA fatty acids for joint lubrication."
Dog,Labrador Retriever,0.6,11.4,Overweight,Low,Growth & Development (High Protein & DHA),Royal Canin Puppy / Kitten Starter Nutrition,Puppy / Kitten Care & Socialization Routine,Feed 3-4 small portioned meals daily. Complete vaccination schedule and prioritize positive-reinforcement socialization for Labrador Retriever.
Dog,Beagle,8.7,16.7,Healthy,Very High,Senior Mobility & Joint Care (Glucosamine & Omega-3),Purina Pro Plan Veterinary Diets JM Joint Mobility,High-Energy Active Adventure & Agility Exercise,Needs at least 60-90 minutes of vigorous daily exercise and puzzle toys to prevent boredom and anxiety.
Cat,Domestic Shorthair,17.5,4.2,Healthy,Low,Senior Mobility & Joint Care (Glucosamine & Omega-3),Purina Pro Plan Veterinary Diets JM Joint Mobility,Gentle In-Home Senior Care & Medication Supervision,"Maintain regular biannual health checkups, brush teeth weekly, and ensure fresh hydration throughout the day."
Dog,Beagle,0.5,3.8,Joint Issues / Arthritis,Low,Growth & Development (High Protein & DHA),Royal Canin Puppy / Kitten Starter Nutrition,Puppy / Kitten Care & Socialization Routine,Feed 3-4 small portioned meals daily. Complete vaccination schedule and prioritize positive-reinforcement socialization for Beagle.
Dog,Dachshund,13.2,7.6,Overweight,Low,Weight Management (Low Calorie & High Satiety Fiber),Hill's Science Diet Perfect Weight Formula,Gentle In-Home Senior Care & Medication Supervision,Engage in structured 30-minute low-impact daily walks. Weigh meal portions accurately and avoid high-calorie table scraps.
Dog,Dachshund,13.0,10.6,Dental Issues,Moderate,Senior Mobility & Joint Care (Glucosamine & Omega-3),Purina Pro Plan Veterinary Diets JM Joint Mobility,Gentle In-Home Senior Care & Medication Supervision,"Maintain regular biannual health checkups, brush teeth weekly, and ensure fresh hydration throughout the day."
Dog,Rottweiler,11.6,35.3,Sensitive Stomach / Allergies,Low,Senior Mobility & Joint Care (Glucosamine & Omega-3),Purina Pro Plan Veterinary Diets JM Joint Mobility,Gentle In-Home Senior Care & Medication Supervision,"Maintain regular biannual health checkups, brush teeth weekly, and ensure fresh hydration throughout the day."
Cat,British Shorthair,1.2,5.5,Healthy,High,Active Performance & Muscle Fuel (30/20 High Energy),Orijen Amazing Grains High-Protein Energy Feast,High-Energy Active Adventure & Agility Exercise,Needs at least 60-90 minutes of vigorous daily exercise and puzzle toys to prevent boredom and anxiety.
Cat,Siamese Cat,7.5,7.3,Sensitive Stomach / Allergies,High,Hypoallergenic Single-Source Protein & Grain-Free,Farmina N&D Ocean Grain-Free Hypoallergenic Formula,High-Energy Active Adventure & Agility Exercise,Needs at least 60-90 minutes of vigorous daily exercise and puzzle toys to prevent boredom and anxiety.
Dog,Siberian Husky,9.0,33.3,Dental Issues,High,Senior Mobility & Joint Care (Glucosamine & Omega-3),Purina Pro Plan Veterinary Diets JM Joint Mobility,High-Energy Active Adventure & Agility Exercise,Needs at least 60-90 minutes of vigorous daily exercise and puzzle toys to prevent boredom and anxiety.
Dog,Poodle,13.1,14.4,Healthy,Low,Senior Mobility & Joint Care (Glucosamine & Omega-3),Purina Pro Plan Veterinary Diets JM Joint Mobility,Gentle In-Home Senior Care & Medication Supervision,"Maintain regular biannual health checkups, brush teeth weekly, and ensure fresh hydration throughout the day."
Dog,Rottweiler,10.1,43.2,Underweight,Low,Senior Mobility & Joint Care (Glucosamine & Omega-3),Purina Pro Plan Veterinary Diets JM Joint Mobility,Gentle In-Home Senior Care & Medication Supervision,"Maintain regular biannual health checkups, brush teeth weekly, and ensure fresh hydration throughout the day."
Dog,Boxer,11.6,27.7,Overweight,Low,Weight Management (Low Calorie & High Satiety Fiber),Hill's Science Diet Perfect Weight Formula,Gentle In-Home Senior Care & Medication Supervision,Engage in structured 30-minute low-impact daily walks. Weigh meal portions accurately and avoid high-calorie table scraps.
Dog,Siberian Husky,1.2,31.0,Overweight,Low,Weight Management (Low Calorie & High Satiety Fiber),Hill's Science Diet Perfect Weight Formula,Standard Boarding & Daily Enrichment Walking,Engage in structured 30-minute low-impact daily walks. Weigh meal portions accurately and avoid high-calorie table scraps.
Dog,Poodle,14.1,8.4,Sensitive Stomach / Allergies,Moderate,Senior Mobility & Joint Care (Glucosamine & Omega-3),Purina Pro Plan Veterinary Diets JM Joint Mobility,Gentle In-Home Senior Care & Medication Supervision,"Maintain regular biannual health checkups, brush teeth weekly, and ensure fresh hydration throughout the day."
Dog,Siberian Husky,3.5,29.0,Sensitive Stomach / Allergies,Very High,Hypoallergenic Single-Source Protein & Grain-Free,Farmina N&D Ocean Grain-Free Hypoallergenic Formula,High-Energy Active Adventure & Agility Exercise,Needs at least 60-90 minutes of vigorous daily exercise and puzzle toys to prevent boredom and anxiety.
Cat,British Shorthair,13.0,7.5,Healthy,Low,Senior Mobility & Joint Care (Glucosamine & Omega-3),Purina Pro Plan Veterinary Diets JM Joint Mobility,Gentle In-Home Senior Care & Medication Supervision,"Maintain regular biannual health checkups, brush teeth weekly, and ensure fresh hydration throughout the day."
Dog,German Shepherd,6.3,40.3,Dental Issues,Very High,Active Performance & Muscle Fuel (30/20 High Energy),Orijen Amazing Grains High-Protein Energy Feast,High-Energy Active Adventure & Agility Exercise,Needs at least 60-90 minutes of vigorous daily exercise and puzzle toys to prevent boredom and anxiety.
Dog,Beagle,5.7,7.8,Joint Issues / Arthritis,Low,Senior Mobility & Joint Care (Glucosamine & Omega-3),Purina Pro Plan Veterinary Diets JM Joint Mobility,Gentle In-Home Senior Care & Medication Supervision,"Provide orthopedic bedding, avoid stairs or sudden jumping, and supplement with EPA/DHA fatty acids for joint lubrication."
Dog,Poodle,14.2,15.1,Healthy,Low,Senior Mobility & Joint Care (Glucosamine & Omega-3),Purina Pro Plan Veterinary Diets JM Joint Mobility,Gentle In-Home Senior Care & Medication Supervision,"Maintain regular biannual health checkups, brush teeth weekly, and ensure fresh hydration throughout the day."
Dog,Labrador Retriever,9.3,31.1,Healthy,Very High,Senior Mobility & Joint Care (Glucosamine & Omega-3),Purina Pro Plan Veterinary Diets JM Joint Mobility,High-Energy Active Adventure & Agility Exercise,Needs at least 60-90 minutes of vigorous daily exercise and puzzle toys to prevent boredom and anxiety.
Cat,Bengal Cat,14.9,2.5,Healthy,Low,Senior Mobility & Joint Care (Glucosamine & Omega-3),Purina Pro Plan Veterinary Diets JM Joint Mobility,Gentle In-Home Senior Care & Medication Supervision,"Maintain regular biannual health checkups, brush teeth weekly, and ensure fresh hydration throughout the day."
Dog,Rottweiler,10.3,41.2,Senior Cognitive Decline,Low,Senior Mobility & Joint Care (Glucosamine & Omega-3),Purina Pro Plan Veterinary Diets JM Joint Mobility,Gentle In-Home Senior Care & Medication Supervision,"Maintain regular biannual health checkups, brush teeth weekly, and ensure fresh hydration throughout the day."
Dog,Beagle,1.5,9.8,Healthy,Very High,Active Performance & Muscle Fuel (30/20 High Energy),Orijen Amazing Grains High-Protein Energy Feast,High-Energy Active Adventure & Agility Exercise,Needs at least 60-90 minutes of vigorous daily exercise and puzzle toys to prevent boredom and anxiety.
Dog,Rottweiler,7.8,35.4,Healthy,Low,Daily Complete Balanced Adult Maintenance,Blue Buffalo Life Protection Natural Adult Blend,Standard Boarding & Daily Enrichment Walking,"Maintain regular biannual health checkups, brush teeth weekly, and ensure fresh hydration throughout the day."
Dog,Dachshund,10.9,11.7,Dental Issues,Moderate,Senior Mobility & Joint Care (Glucosamine & Omega-3),Purina Pro Plan Veterinary Diets JM Joint Mobility,Gentle In-Home Senior Care & Medication Supervision,"Maintain regular biannual health checkups, brush teeth weekly, and ensure fresh hydration throughout the day."
Cat,Siamese Cat,10.0,5.5,Joint Issues / Arthritis,Low,Senior Mobility & Joint Care (Glucosamine & Omega-3),Purina Pro Plan Veterinary Diets JM Joint Mobility,Gentle In-Home Senior Care & Medication Supervision,"Provide orthopedic bedding, avoid stairs or sudden jumping, and supplement with EPA/DHA fatty acids for joint lubrication."
Cat,British Shorthair,6.3,7.1,Senior Cognitive Decline,Moderate,Daily Complete Balanced Adult Maintenance,Blue Buffalo Life Protection Natural Adult Blend,Gentle In-Home Senior Care & Medication Supervision,"Maintain regular biannual health checkups, brush teeth weekly, and ensure fresh hydration throughout the day."
Cat,Siamese Cat,8.9,8.7,Underweight,Moderate,Senior Mobility & Joint Care (Glucosamine & Omega-3),Purina Pro Plan Veterinary Diets JM Joint Mobility,Standard Boarding & Daily Enrichment Walking,"Maintain regular biannual health checkups, brush teeth weekly, and ensure fresh hydration throughout the day."
Dog,Poodle,13.7,22.5,Healthy,Low,Senior Mobility & Joint Care (Glucosamine & Omega-3),Purina Pro Plan Veterinary Diets JM Joint Mobility,Gentle In-Home Senior Care & Medication Supervision,"Maintain regular biannual health checkups, brush teeth weekly, and ensure fresh hydration throughout the day."
Dog,Siberian Husky,6.9,28.9,Sensitive Stomach / Allergies,High,Hypoallergenic Single-Source Protein & Grain-Free,Farmina N&D Ocean Grain-Free Hypoallergenic Formula,High-Energy Active Adventure & Agility Exercise,Needs at least 60-90 minutes of vigorous daily exercise and puzzle toys to prevent boredom and anxiety.
Cat,Persian Cat,17.1,3.5,Healthy,Low,Senior Mobility & Joint Care (Glucosamine & Omega-3),Purina Pro Plan Veterinary Diets JM Joint Mobility,Gentle In-Home Senior Care & Medication Supervision,"Maintain regular biannual health checkups, brush teeth weekly, and ensure fresh hydration throughout the day."
Dog,German Shepherd,13.0,23.9,Joint Issues / Arthritis,Moderate,Senior Mobility & Joint Care (Glucosamine & Omega-3),Purina Pro Plan Veterinary Diets JM Joint Mobility,Gentle In-Home Senior Care & Medication Supervision,"Provide orthopedic bedding, avoid stairs or sudden jumping, and supplement with EPA/DHA fatty acids for joint lubrication."
Cat,Bengal Cat,10.9,2.9,Underweight,Low,Senior Mobility & Joint Care (Glucosamine & Omega-3),Purina Pro Plan Veterinary Diets JM Joint Mobility,Gentle In-Home Senior Care & Medication Supervision,"Maintain regular biannual health checkups, brush teeth weekly, and ensure fresh hydration throughout the day."
Dog,French Bulldog,1.8,9.7,Healthy,Very High,Active Performance & Muscle Fuel (30/20 High Energy),Orijen Amazing Grains High-Protein Energy Feast,High-Energy Active Adventure & Agility Exercise,Needs at least 60-90 minutes of vigorous daily exercise and puzzle toys to prevent boredom and anxiety.
Dog,Golden Retriever,0.8,20.2,Healthy,Very High,Growth & Development (High Protein & DHA),Royal Canin Puppy / Kitten Starter Nutrition,Puppy / Kitten Care & Socialization Routine,Feed 3-4 small portioned meals daily. Complete vaccination schedule and prioritize positive-reinforcement socialization for Golden Retriever.
Dog,Rottweiler,7.7,42.6,Senior Cognitive Decline,Moderate,Daily Complete Balanced Adult Maintenance,Blue Buffalo Life Protection Natural Adult Blend,Gentle In-Home Senior Care & Medication Supervision,"Maintain regular biannual health checkups, brush teeth weekly, and ensure fresh hydration throughout the day."
Dog,French Bulldog,4.6,11.4,Senior Cognitive Decline,Low,Daily Complete Balanced Adult Maintenance,Blue Buffalo Life Protection Natural Adult Blend,Gentle In-Home Senior Care & Medication Supervision,"Maintain regular biannual health checkups, brush teeth weekly, and ensure fresh hydration throughout the day."
Dog,Dachshund,9.5,6.1,Healthy,Low,Senior Mobility & Joint Care (Glucosamine & Omega-3),Purina Pro Plan Veterinary Diets JM Joint Mobility,Standard Boarding & Daily Enrichment Walking,"Maintain regular biannual health checkups, brush teeth weekly, and ensure fresh hydration throughout the day."
Dog,Rottweiler,12.2,33.7,Healthy,Low,Senior Mobility & Joint Care (Glucosamine & Omega-3),Purina Pro Plan Veterinary Diets JM Joint Mobility,Gentle In-Home Senior Care & Medication Supervision,"Maintain regular biannual health checkups, brush teeth weekly, and ensure fresh hydration throughout the day."
Dog,Poodle,8.0,11.0,Healthy,Moderate,Daily Complete Balanced Adult Maintenance,Blue Buffalo Life Protection Natural Adult Blend,Standard Boarding & Daily Enrichment Walking,"Maintain regular biannual health checkups, brush teeth weekly, and ensure fresh hydration throughout the day."
Dog,Poodle,13.2,21.9,Sensitive Stomach / Allergies,Moderate,Senior Mobility & Joint Care (Glucosamine & Omega-3),Purina Pro Plan Veterinary Diets JM Joint Mobility,Gentle In-Home Senior Care & Medication Supervision,"Maintain regular biannual health checkups, brush teeth weekly, and ensure fresh hydration throughout the day."
Dog,Poodle,4.8,23.1,Healthy,Moderate,Daily Complete Balanced Adult Maintenance,Blue Buffalo Life Protection Natural Adult Blend,Standard Boarding & Daily Enrichment Walking,"Maintain regular biannual health checkups, brush teeth weekly, and ensure fresh hydration throughout the day."
Dog,Labrador Retriever,13.7,22.2,Joint Issues / Arthritis,Moderate,Senior Mobility & Joint Care (Glucosamine & Omega-3),Purina Pro Plan Veterinary Diets JM Joint Mobility,Gentle In-Home Senior Care & Medication Supervision,"Provide orthopedic bedding, avoid stairs or sudden jumping, and supplement with EPA/DHA fatty acids for joint lubrication."
Dog,Poodle,10.8,15.3,Healthy,Low,Senior Mobility & Joint Care (Glucosamine & Omega-3),Purina Pro Plan Veterinary Diets JM Joint Mobility,Gentle In-Home Senior Care & Medication Supervision,"Maintain regular biannual health checkups, brush teeth weekly, and ensure fresh hydration throughout the day."
Dog,Rottweiler,14.7,41.4,Healthy,Low,Senior Mobility & Joint Care (Glucosamine & Omega-3),Purina Pro Plan Veterinary Diets JM Joint Mobility,Gentle In-Home Senior Care & Medication Supervision,"Maintain regular biannual health checkups, brush teeth weekly, and ensure fresh hydration throughout the day."
Dog,Golden Retriever,14.6,37.3,Healthy,Moderate,Senior Mobility & Joint Care (Glucosamine & Omega-3),Purina Pro Plan Veterinary Diets JM Joint Mobility,Gentle In-Home Senior Care & Medication Supervision,"Maintain regular biannual health checkups, brush teeth weekly, and ensure fresh hydration throughout the day."
Dog,Beagle,8.3,14.9,Overweight,Low,Weight Management (Low Calorie & High Satiety Fiber),Hill's Science Diet Perfect Weight Formula,Standard Boarding & Daily Enrichment Walking,Engage in structured 30-minute low-impact daily walks. Weigh meal portions accurately and avoid high-calorie table scraps.
Dog,Rottweiler,1.7,23.9,Underweight,High,Active Performance & Muscle Fuel (30/20 High Energy),Orijen Amazing Grains High-Protein Energy Feast,High-Energy Active Adventure & Agility Exercise,Needs at least 60-90 minutes of vigorous daily exercise and puzzle toys to prevent boredom and anxiety.
Cat,Maine Coon,17.8,10.1,Healthy,Moderate,Senior Mobility & Joint Care (Glucosamine & Omega-3),Purina Pro Plan Veterinary Diets JM Joint Mobility,Gentle In-Home Senior Care & Medication Supervision,"Maintain regular biannual health checkups, brush teeth weekly, and ensure fresh hydration throughout the day."
Dog,Golden Retriever,12.7,35.4,Post-Surgery Recovery,Low,Senior Mobility & Joint Care (Glucosamine & Omega-3),Purina Pro Plan Veterinary Diets JM Joint Mobility,Gentle In-Home Senior Care & Medication Supervision,"Maintain regular biannual health checkups, brush teeth weekly, and ensure fresh hydration throughout the day."
Dog,Beagle,2.1,13.5,Sensitive Stomach / Allergies,High,Hypoallergenic Single-Source Protein & Grain-Free,Farmina N&D Ocean Grain-Free Hypoallergenic Formula,High-Energy Active Adventure & Agility Exercise,Needs at least 60-90 minutes of vigorous daily exercise and puzzle toys to prevent boredom and anxiety.
Dog,Siberian Husky,0.8,17.6,Senior Cognitive Decline,Low,Growth & Development (High Protein & DHA),Royal Canin Puppy / Kitten Starter Nutrition,Puppy / Kitten Care & Socialization Routine,Feed 3-4 small portioned meals daily. Complete vaccination schedule and prioritize positive-reinforcement socialization for Siberian Husky.
Dog,Golden Retriever,7.9,39.1,Sensitive Stomach / Allergies,Moderate,Hypoallergenic Single-Source Protein & Grain-Free,Farmina N&D Ocean Grain-Free Hypoallergenic Formula,Specialized Medical Monitoring & Controlled Diet Feeding,"Maintain regular biannual health checkups, brush teeth weekly, and ensure fresh hydration throughout the day."
Dog,Beagle,7.5,12.1,Healthy,Moderate,Daily Complete Balanced Adult Maintenance,Blue Buffalo Life Protection Natural Adult Blend,Standard Boarding & Daily Enrichment Walking,"Maintain regular biannual health checkups, brush teeth weekly, and ensure fresh hydration throughout the day."
Dog,German Shepherd,8.4,34.7,Healthy,Very High,Senior Mobility & Joint Care (Glucosamine & Omega-3),Purina Pro Plan Veterinary Diets JM Joint Mobility,High-Energy Active Adventure & Agility Exercise,Needs at least 60-90 minutes of vigorous daily exercise and puzzle toys to prevent boredom and anxiety.
Dog,Beagle,6.2,14.5,Overweight,Low,Weight Management (Low Calorie & High Satiety Fiber),Hill's Science Diet Perfect Weight Formula,Standard Boarding & Daily Enrichment Walking,Engage in structured 30-minute low-impact daily walks. Weigh meal portions accurately and avoid high-calorie table scraps.
Dog,Poodle,6.5,22.2,Joint Issues / Arthritis,Low,Senior Mobility & Joint Care (Glucosamine & Omega-3),Purina Pro Plan Veterinary Diets JM Joint Mobility,Gentle In-Home Senior Care & Medication Supervision,"Provide orthopedic bedding, avoid stairs or sudden jumping, and supplement with EPA/DHA fatty acids for joint lubrication."
Dog,Golden Retriever,10.3,31.3,Healthy,Low,Senior Mobility & Joint Care (Glucosamine & Omega-3),Purina Pro Plan Veterinary Diets JM Joint Mobility,Gentle In-Home Senior Care & Medication Supervision,"Maintain regular biannual health checkups, brush teeth weekly, and ensure fresh hydration throughout the day."
Dog,German Shepherd,1.7,22.4,Healthy,High,Active Performance & Muscle Fuel (30/20 High Energy),Orijen Amazing Grains High-Protein Energy Feast,High-Energy Active Adventure & Agility Exercise,Needs at least 60-90 minutes of vigorous daily exercise and puzzle toys to prevent boredom and anxiety.
Dog,Golden Retriever,13.4,29.2,Joint Issues / Arthritis,Moderate,Senior Mobility & Joint Care (Glucosamine & Omega-3),Purina Pro Plan Veterinary Diets JM Joint Mobility,Gentle In-Home Senior Care & Medication Supervision,"Provide orthopedic bedding, avoid stairs or sudden jumping, and supplement with EPA/DHA fatty acids for joint lubrication."
Dog,German Shepherd,10.8,33.0,Sensitive Stomach / Allergies,Low,Senior Mobility & Joint Care (Glucosamine & Omega-3),Purina Pro Plan Veterinary Diets JM Joint Mobility,Gentle In-Home Senior Care & Medication Supervision,"Maintain regular biannual health checkups, brush teeth weekly, and ensure fresh hydration throughout the day."
Cat,Maine Coon,11.7,9.5,Overweight,Moderate,Weight Management (Low Calorie & High Satiety Fiber),Hill's Science Diet Perfect Weight Formula,Gentle In-Home Senior Care & Medication Supervision,Engage in structured 30-minute low-impact daily walks. Weigh meal portions accurately and avoid high-calorie table scraps.
Cat,Siamese Cat,16.1,7.9,Overweight,Low,Weight Management (Low Calorie & High Satiety Fiber),Hill's Science Diet Perfect Weight Formula,Gentle In-Home Senior Care & Medication Supervision,Engage in structured 30-minute low-impact daily walks. Weigh meal portions accurately and avoid high-calorie table scraps.
Cat,Siamese Cat,13.1,5.7,Healthy,Low,Senior Mobility & Joint Care (Glucosamine & Omega-3),Purina Pro Plan Veterinary Diets JM Joint Mobility,Gentle In-Home Senior Care & Medication Supervision,"Maintain regular biannual health checkups, brush teeth weekly, and ensure fresh hydration throughout the day."
Cat,Maine Coon,11.0,7.5,Healthy,Low,Senior Mobility & Joint Care (Glucosamine & Omega-3),Purina Pro Plan Veterinary Diets JM Joint Mobility,Gentle In-Home Senior Care & Medication Supervision,"Maintain regular biannual health checkups, brush teeth weekly, and ensure fresh hydration throughout the day."
Dog,German Shepherd,12.1,35.5,Healthy,Moderate,Senior Mobility & Joint Care (Glucosamine & Omega-3),Purina Pro Plan Veterinary Diets JM Joint Mobility,Gentle In-Home Senior Care & Medication Supervision,"Maintain regular biannual health checkups, brush teeth weekly, and ensure fresh hydration throughout the day."
Dog,Dachshund,3.4,7.2,Healthy,Very High,Active Performance & Muscle Fuel (30/20 High Energy),Orijen Amazing Grains High-Protein Energy Feast,High-Energy Active Adventure & Agility Exercise,Needs at least 60-90 minutes of vigorous daily exercise and puzzle toys to prevent boredom and anxiety.
Dog,French Bulldog,1.8,17.5,Healthy,Very High,Active Performance & Muscle Fuel (30/20 High Energy),Orijen Amazing Grains High-Protein Energy Feast,High-Energy Active Adventure & Agility Exercise,Needs at least 60-90 minutes of vigorous daily exercise and puzzle toys to prevent boredom and anxiety.
Cat,Siamese Cat,16.9,4.0,Overweight,Moderate,Weight Management (Low Calorie & High Satiety Fiber),Hill's Science Diet Perfect Weight Formula,Gentle In-Home Senior Care & Medication Supervision,Engage in structured 30-minute low-impact daily walks. Weigh meal portions accurately and avoid high-calorie table scraps.
Dog,Beagle,4.8,14.2,Senior Cognitive Decline,Low,Daily Complete Balanced Adult Maintenance,Blue Buffalo Life Protection Natural Adult Blend,Gentle In-Home Senior Care & Medication Supervision,"Maintain regular biannual health checkups, brush teeth weekly, and ensure fresh hydration throughout the day."
Cat,British Shorthair,7.3,4.3,Healthy,Moderate,Daily Complete Balanced Adult Maintenance,Blue Buffalo Life Protection Natural Adult Blend,Standard Boarding & Daily Enrichment Walking,"Maintain regular biannual health checkups, brush teeth weekly, and ensure fresh hydration throughout the day."
Cat,British Shorthair,9.1,4.1,Healthy,Moderate,Senior Mobility & Joint Care (Glucosamine & Omega-3),Purina Pro Plan Veterinary Diets JM Joint Mobility,Standard Boarding & Daily Enrichment Walking,"Maintain regular biannual health checkups, brush teeth weekly, and ensure fresh hydration throughout the day."
Cat,Siamese Cat,17.9,6.3,Joint Issues / Arthritis,Moderate,Senior Mobility & Joint Care (Glucosamine & Omega-3),Purina Pro Plan Veterinary Diets JM Joint Mobility,Gentle In-Home Senior Care & Medication Supervision,"Provide orthopedic bedding, avoid stairs or sudden jumping, and supplement with EPA/DHA fatty acids for joint lubrication."
Cat,Domestic Shorthair,2.0,3.9,Overweight,Low,Weight Management (Low Calorie & High Satiety Fiber),Hill's Science Diet Perfect Weight Formula,Standard Boarding & Daily Enrichment Walking,Engage in structured 30-minute low-impact daily walks. Weigh meal portions accurately and avoid high-calorie table scraps.
Dog,Poodle,7.4,26.0,Healthy,Low,Daily Complete Balanced Adult Maintenance,Blue Buffalo Life Protection Natural Adult Blend,Standard Boarding & Daily Enrichment Walking,"Maintain regular biannual health checkups, brush teeth weekly, and ensure fresh hydration throughout the day."
Cat,Maine Coon,14.8,9.1,Healthy,Moderate,Senior Mobility & Joint Care (Glucosamine & Omega-3),Purina Pro Plan Veterinary Diets JM Joint Mobility,Gentle In-Home Senior Care & Medication Supervision,"Maintain regular biannual health checkups, brush teeth weekly, and ensure fresh hydration throughout the day."
Cat,Bengal Cat,0.4,1.5,Healthy,High,Growth & Development (High Protein & DHA),Royal Canin Puppy / Kitten Starter Nutrition,Puppy / Kitten Care & Socialization Routine,Feed 3-4 small portioned meals daily. Complete vaccination schedule and prioritize positive-reinforcement socialization for Bengal Cat.
Cat,Persian Cat,7.2,6.4,Overweight,Low,Weight Management (Low Calorie & High Satiety Fiber),Hill's Science Diet Perfect Weight Formula,Standard Boarding & Daily Enrichment Walking,Engage in structured 30-minute low-impact daily walks. Weigh meal portions accurately and avoid high-calorie table scraps.
Cat,British Shorthair,10.1,6.7,Healthy,Low,Senior Mobility & Joint Care (Glucosamine & Omega-3),Purina Pro Plan Veterinary Diets JM Joint Mobility,Gentle In-Home Senior Care & Medication Supervision,"Maintain regular biannual health checkups, brush teeth weekly, and ensure fresh hydration throughout the day."
Dog,Dachshund,12.2,7.2,Healthy,Low,Senior Mobility & Joint Care (Glucosamine & Omega-3),Purina Pro Plan Veterinary Diets JM Joint Mobility,Gentle In-Home Senior Care & Medication Supervision,"Maintain regular biannual health checkups, brush teeth weekly, and ensure fresh hydration throughout the day."
Dog,Golden Retriever,0.9,15.7,Senior Cognitive Decline,Moderate,Growth & Development (High Protein & DHA),Royal Canin Puppy / Kitten Starter Nutrition,Puppy / Kitten Care & Socialization Routine,Feed 3-4 small portioned meals daily. Complete vaccination schedule and prioritize positive-reinforcement socialization for Golden Retriever.
Cat,Domestic Shorthair,7.4,8.4,Overweight,Moderate,Weight Management (Low Calorie & High Satiety Fiber),Hill's Science Diet Perfect Weight Formula,Standard Boarding & Daily Enrichment Walking,Engage in structured 30-minute low-impact daily walks. Weigh meal portions accurately and avoid high-calorie table scraps.
Cat,Domestic Shorthair,16.7,5.3,Overweight,Low,Weight Management (Low Calorie & High Satiety Fiber),Hill's Science Diet Perfect Weight Formula,Gentle In-Home Senior Care & Medication Supervision,Engage in structured 30-minute low-impact daily walks. Weigh meal portions accurately and avoid high-calorie table scraps.
Dog,Boxer,7.2,29.5,Joint Issues / Arthritis,Moderate,Senior Mobility & Joint Care (Glucosamine & Omega-3),Purina Pro Plan Veterinary Diets JM Joint Mobility,Gentle In-Home Senior Care & Medication Supervision,"Provide orthopedic bedding, avoid stairs or sudden jumping, and supplement with EPA/DHA fatty acids for joint lubrication."
Dog,Siberian Husky,13.2,42.5,Sensitive Stomach / Allergies,Low,Senior Mobility & Joint Care (Glucosamine & Omega-3),Purina Pro Plan Veterinary Diets JM Joint Mobility,Gentle In-Home Senior Care & Medication Supervision,"Maintain regular biannual health checkups, brush teeth weekly, and ensure fresh hydration throughout the day."
Dog,Rottweiler,5.4,30.8,Healthy,Very High,Active Performance & Muscle Fuel (30/20 High Energy),Orijen Amazing Grains High-Protein Energy Feast,High-Energy Active Adventure & Agility Exercise,Needs at least 60-90 minutes of vigorous daily exercise and puzzle toys to prevent boredom and anxiety.
Dog,German Shepherd,9.0,32.9,Healthy,Very High,Senior Mobility & Joint Care (Glucosamine & Omega-3),Purina Pro Plan Veterinary Diets JM Joint Mobility,High-Energy Active Adventure & Agility Exercise,Needs at least 60-90 minutes of vigorous daily exercise and puzzle toys to prevent boredom and anxiety.
Dog,German Shepherd,10.7,29.4,Sensitive Stomach / Allergies,Low,Senior Mobility & Joint Care (Glucosamine & Omega-3),Purina Pro Plan Veterinary Diets JM Joint Mobility,Gentle In-Home Senior Care & Medication Supervision,"Maintain regular biannual health checkups, brush teeth weekly, and ensure fresh hydration throughout the day."
Dog,French Bulldog,4.9,12.2,Overweight,Moderate,Weight Management (Low Calorie & High Satiety Fiber),Hill's Science Diet Perfect Weight Formula,Standard Boarding & Daily Enrichment Walking,Engage in structured 30-minute low-impact daily walks. Weigh meal portions accurately and avoid high-calorie table scraps.
Dog,Beagle,12.8,11.3,Healthy,Low,Senior Mobility & Joint Care (Glucosamine & Omega-3),Purina Pro Plan Veterinary Diets JM Joint Mobility,Gentle In-Home Senior Care & Medication Supervision,"Maintain regular biannual health checkups, brush teeth weekly, and ensure fresh hydration throughout the day."
Dog,Poodle,4.4,7.8,Dental Issues,Low,Daily Complete Balanced Adult Maintenance,Blue Buffalo Life Protection Natural Adult Blend,Standard Boarding & Daily Enrichment Walking,"Maintain regular biannual health checkups, brush teeth weekly, and ensure fresh hydration throughout the day."
Dog,Poodle,0.9,5.8,Sensitive Stomach / Allergies,Very High,Growth & Development (High Protein & DHA),Royal Canin Puppy / Kitten Starter Nutrition,Puppy / Kitten Care & Socialization Routine,Feed 3-4 small portioned meals daily. Complete vaccination schedule and prioritize positive-reinforcement socialization for Poodle.
Cat,Persian Cat,5.4,8.4,Joint Issues / Arthritis,Low,Senior Mobility & Joint Care (Glucosamine & Omega-3),Purina Pro Plan Veterinary Diets JM Joint Mobility,Gentle In-Home Senior Care & Medication Supervision,"Provide orthopedic bedding, avoid stairs or sudden jumping, and supplement with EPA/DHA fatty acids for joint lubrication."
Dog,Poodle,3.1,15.1,Healthy,High,Active Performance & Muscle Fuel (30/20 High Energy),Orijen Amazing Grains High-Protein Energy Feast,High-Energy Active Adventure & Agility Exercise,Needs at least 60-90 minutes of vigorous daily exercise and puzzle toys to prevent boredom and anxiety.
Cat,Bengal Cat,13.5,5.8,Healthy,Moderate,Senior Mobility & Joint Care (Glucosamine & Omega-3),Purina Pro Plan Veterinary Diets JM Joint Mobility,Gentle In-Home Senior Care & Medication Supervision,"Maintain regular biannual health checkups, brush teeth weekly, and ensure fresh hydration throughout the day."
Cat,Domestic Shorthair,8.7,6.0,Healthy,Moderate,Senior Mobility & Joint Care (Glucosamine & Omega-3),Purina Pro Plan Veterinary Diets JM Joint Mobility,Standard Boarding & Daily Enrichment Walking,"Maintain regular biannual health checkups, brush teeth weekly, and ensure fresh hydration throughout the day."
Dog,Siberian Husky,12.4,41.7,Healthy,Low,Senior Mobility & Joint Care (Glucosamine & Omega-3),Purina Pro Plan Veterinary Diets JM Joint Mobility,Gentle In-Home Senior Care & Medication Supervision,"Maintain regular biannual health checkups, brush teeth weekly, and ensure fresh hydration throughout the day."
Dog,Siberian Husky,6.1,35.9,Post-Surgery Recovery,Very High,Active Performance & Muscle Fuel (30/20 High Energy),Orijen Amazing Grains High-Protein Energy Feast,High-Energy Active Adventure & Agility Exercise,Needs at least 60-90 minutes of vigorous daily exercise and puzzle toys to prevent boredom and anxiety.
Cat,British Shorthair,15.9,3.6,Healthy,Low,Senior Mobility & Joint Care (Glucosamine & Omega-3),Purina Pro Plan Veterinary Diets JM Joint Mobility,Gentle In-Home Senior Care & Medication Supervision,"Maintain regular biannual health checkups, brush teeth weekly, and ensure fresh hydration throughout the day."
Dog,Rottweiler,6.5,29.3,Healthy,Moderate,Daily Complete Balanced Adult Maintenance,Blue Buffalo Life Protection Natural Adult Blend,Standard Boarding & Daily Enrichment Walking,"Maintain regular biannual health checkups, brush teeth weekly, and ensure fresh hydration throughout the day."
Cat,Persian Cat,2.1,3.4,Underweight,High,Active Performance & Muscle Fuel (30/20 High Energy),Orijen Amazing Grains High-Protein Energy Feast,High-Energy Active Adventure & Agility Exercise,Needs at least 60-90 minutes of vigorous daily exercise and puzzle toys to prevent boredom and anxiety.
Cat,Domestic Shorthair,12.9,4.0,Healthy,Low,Senior Mobility & Joint Care (Glucosamine & Omega-3),Purina Pro Plan Veterinary Diets JM Joint Mobility,Gentle In-Home Senior Care & Medication Supervision,"Maintain regular biannual health checkups, brush teeth weekly, and ensure fresh hydration throughout the day."
Dog,German Shepherd,11.3,27.1,Healthy,Low,Senior Mobility & Joint Care (Glucosamine & Omega-3),Purina Pro Plan Veterinary Diets JM Joint Mobility,Gentle In-Home Senior Care & Medication Supervision,"Maintain regular biannual health checkups, brush teeth weekly, and ensure fresh hydration throughout the day."
Dog,Boxer,14.1,34.2,Healthy,Low,Senior Mobility & Joint Care (Glucosamine & Omega-3),Purina Pro Plan Veterinary Diets JM Joint Mobility,Gentle In-Home Senior Care & Medication Supervision,"Maintain regular biannual health checkups, brush teeth weekly, and ensure fresh hydration throughout the day."
Dog,French Bulldog,10.8,11.7,Joint Issues / Arthritis,Low,Senior Mobility & Joint Care (Glucosamine & Omega-3),Purina Pro Plan Veterinary Diets JM Joint Mobility,Gentle In-Home Senior Care & Medication Supervision,"Provide orthopedic bedding, avoid stairs or sudden jumping, and supplement with EPA/DHA fatty acids for joint lubrication."
Dog,Labrador Retriever,3.5,24.0,Healthy,High,Active Performance & Muscle Fuel (30/20 High Energy),Orijen Amazing Grains High-Protein Energy Feast,High-Energy Active Adventure & Agility Exercise,Needs at least 60-90 minutes of vigorous daily exercise and puzzle toys to prevent boredom and anxiety.
Cat,Domestic Shorthair,9.4,4.9,Healthy,Moderate,Senior Mobility & Joint Care (Glucosamine & Omega-3),Purina Pro Plan Veterinary Diets JM Joint Mobility,Standard Boarding & Daily Enrichment Walking,"Maintain regular biannual health checkups, brush teeth weekly, and ensure fresh hydration throughout the day."
Dog,Rottweiler,11.8,28.2,Overweight,Moderate,Weight Management (Low Calorie & High Satiety Fiber),Hill's Science Diet Perfect Weight Formula,Gentle In-Home Senior Care & Medication Supervision,Engage in structured 30-minute low-impact daily walks. Weigh meal portions accurately and avoid high-calorie table scraps.
Dog,Boxer,9.1,40.3,Healthy,Very High,Senior Mobility & Joint Care (Glucosamine & Omega-3),Purina Pro Plan Veterinary Diets JM Joint Mobility,High-Energy Active Adventure & Agility Exercise,Needs at least 60-90 minutes of vigorous daily exercise and puzzle toys to prevent boredom and anxiety.
Cat,Domestic Shorthair,1.6,4.3,Joint Issues / Arthritis,Moderate,Senior Mobility & Joint Care (Glucosamine & Omega-3),Purina Pro Plan Veterinary Diets JM Joint Mobility,Gentle In-Home Senior Care & Medication Supervision,"Provide orthopedic bedding, avoid stairs or sudden jumping, and supplement with EPA/DHA fatty acids for joint lubrication."
Cat,Bengal Cat,5.7,5.5,Healthy,Very High,Active Performance & Muscle Fuel (30/20 High Energy),Orijen Amazing Grains High-Protein Energy Feast,High-Energy Active Adventure & Agility Exercise,Needs at least 60-90 minutes of vigorous daily exercise and puzzle toys to prevent boredom and anxiety.
Dog,Poodle,12.4,6.0,Healthy,Low,Senior Mobility & Joint Care (Glucosamine & Omega-3),Purina Pro Plan Veterinary Diets JM Joint Mobility,Gentle In-Home Senior Care & Medication Supervision,"Maintain regular biannual health checkups, brush teeth weekly, and ensure fresh hydration throughout the day."
Cat,British Shorthair,15.6,2.8,Healthy,Low,Senior Mobility & Joint Care (Glucosamine & Omega-3),Purina Pro Plan Veterinary Diets JM Joint Mobility,Gentle In-Home Senior Care & Medication Supervision,"Maintain regular biannual health checkups, brush teeth weekly, and ensure fresh hydration throughout the day."
Dog,Siberian Husky,1.4,31.1,Healthy,Very High,Active Performance & Muscle Fuel (30/20 High Energy),Orijen Amazing Grains High-Protein Energy Feast,High-Energy Active Adventure & Agility Exercise,Needs at least 60-90 minutes of vigorous daily exercise and puzzle toys to prevent boredom and anxiety.
Dog,Boxer,14.4,23.0,Healthy,Moderate,Senior Mobility & Joint Care (Glucosamine & Omega-3),Purina Pro Plan Veterinary Diets JM Joint Mobility,Gentle In-Home Senior Care & Medication Supervision,"Maintain regular biannual health checkups, brush teeth weekly, and ensure fresh hydration throughout the day."
Cat,British Shorthair,16.7,6.2,Sensitive Stomach / Allergies,Low,Senior Mobility & Joint Care (Glucosamine & Omega-3),Purina Pro Plan Veterinary Diets JM Joint Mobility,Gentle In-Home Senior Care & Medication Supervision,"Maintain regular biannual health checkups, brush teeth weekly, and ensure fresh hydration throughout the day."
Dog,French Bulldog,4.3,13.4,Sensitive Stomach / Allergies,Moderate,Hypoallergenic Single-Source Protein & Grain-Free,Farmina N&D Ocean Grain-Free Hypoallergenic Formula,Specialized Medical Monitoring & Controlled Diet Feeding,"Maintain regular biannual health checkups, brush teeth weekly, and ensure fresh hydration throughout the day."
Dog,Siberian Husky,13.4,23.6,Overweight,Low,Weight Management (Low Calorie & High Satiety Fiber),Hill's Science Diet Perfect Weight Formula,Gentle In-Home Senior Care & Medication Supervision,Engage in structured 30-minute low-impact daily walks. Weigh meal portions accurately and avoid high-calorie table scraps.
Dog,German Shepherd,12.1,26.7,Underweight,Low,Senior Mobility & Joint Care (Glucosamine & Omega-3),Purina Pro Plan Veterinary Diets JM Joint Mobility,Gentle In-Home Senior Care & Medication Supervision,"Maintain regular biannual health checkups, brush teeth weekly, and ensure fresh hydration throughout the day."
Dog,Poodle,0.6,5.1,Healthy,Very High,Growth & Development (High Protein & DHA),Royal Canin Puppy / Kitten Starter Nutrition,Puppy / Kitten Care & Socialization Routine,Feed 3-4 small portioned meals daily. Complete vaccination schedule and prioritize positive-reinforcement socialization for Poodle.
Dog,Boxer,3.1,27.5,Senior Cognitive Decline,Low,Daily Complete Balanced Adult Maintenance,Blue Buffalo Life Protection Natural Adult Blend,Gentle In-Home Senior Care & Medication Supervision,"Maintain regular biannual health checkups, brush teeth weekly, and ensure fresh hydration throughout the day."
Dog,Poodle,11.3,22.3,Joint Issues / Arthritis,Low,Senior Mobility & Joint Care (Glucosamine & Omega-3),Purina Pro Plan Veterinary Diets JM Joint Mobility,Gentle In-Home Senior Care & Medication Supervision,"Provide orthopedic bedding, avoid stairs or sudden jumping, and supplement with EPA/DHA fatty acids for joint lubrication."
Dog,Beagle,6.1,13.0,Senior Cognitive Decline,Low,Daily Complete Balanced Adult Maintenance,Blue Buffalo Life Protection Natural Adult Blend,Gentle In-Home Senior Care & Medication Supervision,"Maintain regular biannual health checkups, brush teeth weekly, and ensure fresh hydration throughout the day."
Dog,Dachshund,9.3,13.2,Joint Issues / Arthritis,Moderate,Senior Mobility & Joint Care (Glucosamine & Omega-3),Purina Pro Plan Veterinary Diets JM Joint Mobility,Gentle In-Home Senior Care & Medication Supervision,"Provide orthopedic bedding, avoid stairs or sudden jumping, and supplement with EPA/DHA fatty acids for joint lubrication."
Dog,Golden Retriever,8.8,34.4,Healthy,High,Senior Mobility & Joint Care (Glucosamine & Omega-3),Purina Pro Plan Veterinary Diets JM Joint Mobility,High-Energy Active Adventure & Agility Exercise,Needs at least 60-90 minutes of vigorous daily exercise and puzzle toys to prevent boredom and anxiety.
Cat,Persian Cat,8.2,7.4,Healthy,Moderate,Senior Mobility & Joint Care (Glucosamine & Omega-3),Purina Pro Plan Veterinary Diets JM Joint Mobility,Standard Boarding & Daily Enrichment Walking,"Maintain regular biannual health checkups, brush teeth weekly, and ensure fresh hydration throughout the day."
Cat,Persian Cat,17.0,2.1,Sensitive Stomach / Allergies,Moderate,Senior Mobility & Joint Care (Glucosamine & Omega-3),Purina Pro Plan Veterinary Diets JM Joint Mobility,Gentle In-Home Senior Care & Medication Supervision,"Maintain regular biannual health checkups, brush teeth weekly, and ensure fresh hydration throughout the day."
Cat,British Shorthair,7.2,3.9,Sensitive Stomach / Allergies,Moderate,Hypoallergenic Single-Source Protein & Grain-Free,Farmina N&D Ocean Grain-Free Hypoallergenic Formula,Specialized Medical Monitoring & Controlled Diet Feeding,"Maintain regular biannual health checkups, brush teeth weekly, and ensure fresh hydration throughout the day."
Dog,Beagle,8.3,12.6,Sensitive Stomach / Allergies,High,Senior Mobility & Joint Care (Glucosamine & Omega-3),Purina Pro Plan Veterinary Diets JM Joint Mobility,High-Energy Active Adventure & Agility Exercise,Needs at least 60-90 minutes of vigorous daily exercise and puzzle toys to prevent boredom and anxiety.
Cat,Domestic Shorthair,8.2,3.8,Healthy,Moderate,Senior Mobility & Joint Care (Glucosamine & Omega-3),Purina Pro Plan Veterinary Diets JM Joint Mobility,Standard Boarding & Daily Enrichment Walking,"Maintain regular biannual health checkups, brush teeth weekly, and ensure fresh hydration throughout the day."
Cat,Persian Cat,4.1,2.6,Healthy,High,Active Performance & Muscle Fuel (30/20 High Energy),Orijen Amazing Grains High-Protein Energy Feast,High-Energy Active Adventure & Agility Exercise,Needs at least 60-90 minutes of vigorous daily exercise and puzzle toys to prevent boredom and anxiety.
Cat,Bengal Cat,10.3,7.3,Healthy,Low,Senior Mobility & Joint Care (Glucosamine & Omega-3),Purina Pro Plan Veterinary Diets JM Joint Mobility,Gentle In-Home Senior Care & Medication Supervision,"Maintain regular biannual health checkups, brush teeth weekly, and ensure fresh hydration throughout the day."
Dog,Labrador Retriever,6.8,28.2,Healthy,High,Active Performance & Muscle Fuel (30/20 High Energy),Orijen Amazing Grains High-Protein Energy Feast,High-Energy Active Adventure & Agility Exercise,Needs at least 60-90 minutes of vigorous daily exercise and puzzle toys to prevent boredom and anxiety.
Dog,Poodle,0.9,5.2,Healthy,Very High,Growth & Development (High Protein & DHA),Royal Canin Puppy / Kitten Starter Nutrition,Puppy / Kitten Care & Socialization Routine,Feed 3-4 small portioned meals daily. Complete vaccination schedule and prioritize positive-reinforcement socialization for Poodle.
Cat,Bengal Cat,0.9,3.5,Healthy,High,Growth & Development (High Protein & DHA),Royal Canin Puppy / Kitten Starter Nutrition,Puppy / Kitten Care & Socialization Routine,Feed 3-4 small portioned meals daily. Complete vaccination schedule and prioritize positive-reinforcement socialization for Bengal Cat.
Dog,German Shepherd,2.7,40.1,Overweight,Low,Weight Management (Low Calorie & High Satiety Fiber),Hill's Science Diet Perfect Weight Formula,Standard Boarding & Daily Enrichment Walking,Engage in structured 30-minute low-impact daily walks. Weigh meal portions accurately and avoid high-calorie table scraps.
Dog,Labrador Retriever,1.7,34.8,Joint Issues / Arthritis,Low,Senior Mobility & Joint Care (Glucosamine & Omega-3),Purina Pro Plan Veterinary Diets JM Joint Mobility,Gentle In-Home Senior Care & Medication Supervision,"Provide orthopedic bedding, avoid stairs or sudden jumping, and supplement with EPA/DHA fatty acids for joint lubrication."
Cat,Domestic Shorthair,6.6,7.2,Healthy,Very High,Active Performance & Muscle Fuel (30/20 High Energy),Orijen Amazing Grains High-Protein Energy Feast,High-Energy Active Adventure & Agility Exercise,Needs at least 60-90 minutes of vigorous daily exercise and puzzle toys to prevent boredom and anxiety.
Dog,Dachshund,7.8,11.7,Healthy,Moderate,Daily Complete Balanced Adult Maintenance,Blue Buffalo Life Protection Natural Adult Blend,Standard Boarding & Daily Enrichment Walking,"Maintain regular biannual health checkups, brush teeth weekly, and ensure fresh hydration throughout the day."
Dog,Labrador Retriever,9.6,31.5,Joint Issues / Arthritis,Low,Senior Mobility & Joint Care (Glucosamine & Omega-3),Purina Pro Plan Veterinary Diets JM Joint Mobility,Gentle In-Home Senior Care & Medication Supervision,"Provide orthopedic bedding, avoid stairs or sudden jumping, and supplement with EPA/DHA fatty acids for joint lubrication."
Dog,German Shepherd,7.4,36.4,Overweight,Low,Weight Management (Low Calorie & High Satiety Fiber),Hill's Science Diet Perfect Weight Formula,Standard Boarding & Daily Enrichment Walking,Engage in structured 30-minute low-impact daily walks. Weigh meal portions accurately and avoid high-calorie table scraps.
Dog,Labrador Retriever,3.7,32.8,Overweight,Moderate,Weight Management (Low Calorie & High Satiety Fiber),Hill's Science Diet Perfect Weight Formula,Standard Boarding & Daily Enrichment Walking,Engage in structured 30-minute low-impact daily walks. Weigh meal portions accurately and avoid high-calorie table scraps.
Cat,Persian Cat,9.4,5.5,Healthy,High,Senior Mobility & Joint Care (Glucosamine & Omega-3),Purina Pro Plan Veterinary Diets JM Joint Mobility,High-Energy Active Adventure & Agility Exercise,Needs at least 60-90 minutes of vigorous daily exercise and puzzle toys to prevent boredom and anxiety.
Dog,Labrador Retriever,9.8,27.4,Healthy,High,Senior Mobility & Joint Care (Glucosamine & Omega-3),Purina Pro Plan Veterinary Diets JM Joint Mobility,High-Energy Active Adventure & Agility Exercise,Needs at least 60-90 minutes of vigorous daily exercise and puzzle toys to prevent boredom and anxiety.
Dog,French Bulldog,14.7,13.4,Healthy,Low,Senior Mobility & Joint Care (Glucosamine & Omega-3),Purina Pro Plan Veterinary Diets JM Joint Mobility,Gentle In-Home Senior Care & Medication Supervision,"Maintain regular biannual health checkups, brush teeth weekly, and ensure fresh hydration throughout the day."
Dog,Poodle,7.4,17.1,Joint Issues / Arthritis,Low,Senior Mobility & Joint Care (Glucosamine & Omega-3),Purina Pro Plan Veterinary Diets JM Joint Mobility,Gentle In-Home Senior Care & Medication Supervision,"Provide orthopedic bedding, avoid stairs or sudden jumping, and supplement with EPA/DHA fatty acids for joint lubrication."
Dog,Poodle,10.1,19.3,Healthy,Low,Senior Mobility & Joint Care (Glucosamine & Omega-3),Purina Pro Plan Veterinary Diets JM Joint Mobility,Gentle In-Home Senior Care & Medication Supervision,"Maintain regular biannual health checkups, brush teeth weekly, and ensure fresh hydration throughout the day."
Dog,German Shepherd,5.0,30.6,Underweight,High,Active Performance & Muscle Fuel (30/20 High Energy),Orijen Amazing Grains High-Protein Energy Feast,High-Energy Active Adventure & Agility Exercise,Needs at least 60-90 minutes of vigorous daily exercise and puzzle toys to prevent boredom and anxiety.
Cat,Siamese Cat,6.4,5.4,Sensitive Stomach / Allergies,Low,Hypoallergenic Single-Source Protein & Grain-Free,Farmina N&D Ocean Grain-Free Hypoallergenic Formula,Specialized Medical Monitoring & Controlled Diet Feeding,"Maintain regular biannual health checkups, brush teeth weekly, and ensure fresh hydration throughout the day."
Dog,Labrador Retriever,10.2,25.1,Joint Issues / Arthritis,Low,Senior Mobility & Joint Care (Glucosamine & Omega-3),Purina Pro Plan Veterinary Diets JM Joint Mobility,Gentle In-Home Senior Care & Medication Supervision,"Provide orthopedic bedding, avoid stairs or sudden jumping, and supplement with EPA/DHA fatty acids for joint lubrication."
Dog,Dachshund,9.0,7.1,Healthy,Moderate,Senior Mobility & Joint Care (Glucosamine & Omega-3),Purina Pro Plan Veterinary Diets JM Joint Mobility,Standard Boarding & Daily Enrichment Walking,"Maintain regular biannual health checkups, brush teeth weekly, and ensure fresh hydration throughout the day."
Dog,Beagle,9.8,12.9,Sensitive Stomach / Allergies,High,Senior Mobility & Joint Care (Glucosamine & Omega-3),Purina Pro Plan Veterinary Diets JM Joint Mobility,High-Energy Active Adventure & Agility Exercise,Needs at least 60-90 minutes of vigorous daily exercise and puzzle toys to prevent boredom and anxiety.
Dog,German Shepherd,2.6,38.1,Joint Issues / Arthritis,Low,Senior Mobility & Joint Care (Glucosamine & Omega-3),Purina Pro Plan Veterinary Diets JM Joint Mobility,Gentle In-Home Senior Care & Medication Supervision,"Provide orthopedic bedding, avoid stairs or sudden jumping, and supplement with EPA/DHA fatty acids for joint lubrication."
Dog,Beagle,2.2,14.4,Healthy,Very High,Active Performance & Muscle Fuel (30/20 High Energy),Orijen Amazing Grains High-Protein Energy Feast,High-Energy Active Adventure & Agility Exercise,Needs at least 60-90 minutes of vigorous daily exercise and puzzle toys to prevent boredom and anxiety.
Cat,British Shorthair,17.5,2.0,Dental Issues,Low,Senior Mobility & Joint Care (Glucosamine & Omega-3),Purina Pro Plan Veterinary Diets JM Joint Mobility,Gentle In-Home Senior Care & Medication Supervision,"Maintain regular biannual health checkups, brush teeth weekly, and ensure fresh hydration throughout the day."
Cat,Persian Cat,10.5,7.4,Overweight,Moderate,Weight Management (Low Calorie & High Satiety Fiber),Hill's Science Diet Perfect Weight Formula,Gentle In-Home Senior Care & Medication Supervision,Engage in structured 30-minute low-impact daily walks. Weigh meal portions accurately and avoid high-calorie table scraps.
Dog,Dachshund,8.0,6.6,Healthy,High,Active Performance & Muscle Fuel (30/20 High Energy),Orijen Amazing Grains High-Protein Energy Feast,High-Energy Active Adventure & Agility Exercise,Needs at least 60-90 minutes of vigorous daily exercise and puzzle toys to prevent boredom and anxiety.
Cat,Domestic Shorthair,12.9,7.0,Healthy,Low,Senior Mobility & Joint Care (Glucosamine & Omega-3),Purina Pro Plan Veterinary Diets JM Joint Mobility,Gentle In-Home Senior Care & Medication Supervision,"Maintain regular biannual health checkups, brush teeth weekly, and ensure fresh hydration throughout the day."
Dog,French Bulldog,10.7,12.0,Underweight,Moderate,Senior Mobility & Joint Care (Glucosamine & Omega-3),Purina Pro Plan Veterinary Diets JM Joint Mobility,Gentle In-Home Senior Care & Medication Supervision,"Maintain regular biannual health checkups, brush teeth weekly, and ensure fresh hydration throughout the day."
Dog,Rottweiler,10.2,32.7,Healthy,Low,Senior Mobility & Joint Care (Glucosamine & Omega-3),Purina Pro Plan Veterinary Diets JM Joint Mobility,Gentle In-Home Senior Care & Medication Supervision,"Maintain regular biannual health checkups, brush teeth weekly, and ensure fresh hydration throughout the day."
Dog,Boxer,5.7,24.4,Overweight,Low,Weight Management (Low Calorie & High Satiety Fiber),Hill's Science Diet Perfect Weight Formula,Standard Boarding & Daily Enrichment Walking,Engage in structured 30-minute low-impact daily walks. Weigh meal portions accurately and avoid high-calorie table scraps.
Cat,British Shorthair,4.7,5.9,Dental Issues,Low,Daily Complete Balanced Adult Maintenance,Blue Buffalo Life Protection Natural Adult Blend,Standard Boarding & Daily Enrichment Walking,"Maintain regular biannual health checkups, brush teeth weekly, and ensure fresh hydration throughout the day."
Dog,German Shepherd,6.0,34.6,Joint Issues / Arthritis,Low,Senior Mobility & Joint Care (Glucosamine & Omega-3),Purina Pro Plan Veterinary Diets JM Joint Mobility,Gentle In-Home Senior Care & Medication Supervision,"Provide orthopedic bedding, avoid stairs or sudden jumping, and supplement with EPA/DHA fatty acids for joint lubrication."
Dog,Golden Retriever,11.1,26.0,Joint Issues / Arthritis,Moderate,Senior Mobility & Joint Care (Glucosamine & Omega-3),Purina Pro Plan Veterinary Diets JM Joint Mobility,Gentle In-Home Senior Care & Medication Supervision,"Provide orthopedic bedding, avoid stairs or sudden jumping, and supplement with EPA/DHA fatty acids for joint lubrication."
Dog,Labrador Retriever,4.8,30.6,Dental Issues,High,Active Performance & Muscle Fuel (30/20 High Energy),Orijen Amazing Grains High-Protein Energy Feast,High-Energy Active Adventure & Agility Exercise,Needs at least 60-90 minutes of vigorous daily exercise and puzzle toys to prevent boredom and anxiety.
Cat,Siamese Cat,14.3,6.3,Healthy,Low,Senior Mobility & Joint Care (Glucosamine & Omega-3),Purina Pro Plan Veterinary Diets JM Joint Mobility,Gentle In-Home Senior Care & Medication Supervision,"Maintain regular biannual health checkups, brush teeth weekly, and ensure fresh hydration throughout the day."
Dog,French Bulldog,2.6,10.4,Sensitive Stomach / Allergies,Moderate,Hypoallergenic Single-Source Protein & Grain-Free,Farmina N&D Ocean Grain-Free Hypoallergenic Formula,Specialized Medical Monitoring & Controlled Diet Feeding,"Maintain regular biannual health checkups, brush teeth weekly, and ensure fresh hydration throughout the day."
Dog,German Shepherd,1.4,24.6,Underweight,High,Active Performance & Muscle Fuel (30/20 High Energy),Orijen Amazing Grains High-Protein Energy Feast,High-Energy Active Adventure & Agility Exercise,Needs at least 60-90 minutes of vigorous daily exercise and puzzle toys to prevent boredom and anxiety.
Cat,Domestic Shorthair,12.3,3.4,Healthy,Low,Senior Mobility & Joint Care (Glucosamine & Omega-3),Purina Pro Plan Veterinary Diets JM Joint Mobility,Gentle In-Home Senior Care & Medication Supervision,"Maintain regular biannual health checkups, brush teeth weekly, and ensure fresh hydration throughout the day."
Cat,Persian Cat,10.5,8.4,Healthy,Low,Senior Mobility & Joint Care (Glucosamine & Omega-3),Purina Pro Plan Veterinary Diets JM Joint Mobility,Gentle In-Home Senior Care & Medication Supervision,"Maintain regular biannual health checkups, brush teeth weekly, and ensure fresh hydration throughout the day."
Cat,British Shorthair,3.7,5.2,Healthy,Low,Daily Complete Balanced Adult Maintenance,Blue Buffalo Life Protection Natural Adult Blend,Standard Boarding & Daily Enrichment Walking,"Maintain regular biannual health checkups, brush teeth weekly, and ensure fresh hydration throughout the day."
Dog,Rottweiler,4.9,28.1,Joint Issues / Arthritis,Low,Senior Mobility & Joint Care (Glucosamine & Omega-3),Purina Pro Plan Veterinary Diets JM Joint Mobility,Gentle In-Home Senior Care & Medication Supervision,"Provide orthopedic bedding, avoid stairs or sudden jumping, and supplement with EPA/DHA fatty acids for joint lubrication."
Cat,Maine Coon,18.0,8.2,Healthy,Low,Senior Mobility & Joint Care (Glucosamine & Omega-3),Purina Pro Plan Veterinary Diets JM Joint Mobility,Gentle In-Home Senior Care & Medication Supervision,"Maintain regular biannual health checkups, brush teeth weekly, and ensure fresh hydration throughout the day."
Cat,Bengal Cat,16.7,3.6,Sensitive Stomach / Allergies,Low,Senior Mobility & Joint Care (Glucosamine & Omega-3),Purina Pro Plan Veterinary Diets JM Joint Mobility,Gentle In-Home Senior Care & Medication Supervision,"Maintain regular biannual health checkups, brush teeth weekly, and ensure fresh hydration throughout the day."
Dog,French Bulldog,7.4,13.9,Healthy,Low,Daily Complete Balanced Adult Maintenance,Blue Buffalo Life Protection Natural Adult Blend,Standard Boarding & Daily Enrichment Walking,"Maintain regular biannual health checkups, brush teeth weekly, and ensure fresh hydration throughout the day."
Dog,Siberian Husky,10.9,24.8,Healthy,Low,Senior Mobility & Joint Care (Glucosamine & Omega-3),Purina Pro Plan Veterinary Diets JM Joint Mobility,Gentle In-Home Senior Care & Medication Supervision,"Maintain regular biannual health checkups, brush teeth weekly, and ensure fresh hydration throughout the day."
Cat,Siamese Cat,8.2,8.0,Overweight,Low,Weight Management (Low Calorie & High Satiety Fiber),Hill's Science Diet Perfect Weight Formula,Standard Boarding & Daily Enrichment Walking,Engage in structured 30-minute low-impact daily walks. Weigh meal portions accurately and avoid high-calorie table scraps.
Cat,Persian Cat,10.2,4.1,Joint Issues / Arthritis,Moderate,Senior Mobility & Joint Care (Glucosamine & Omega-3),Purina Pro Plan Veterinary Diets JM Joint Mobility,Gentle In-Home Senior Care & Medication Supervision,"Provide orthopedic bedding, avoid stairs or sudden jumping, and supplement with EPA/DHA fatty acids for joint lubrication."
Dog,Dachshund,13.1,10.2,Underweight,Moderate,Senior Mobility & Joint Care (Glucosamine & Omega-3),Purina Pro Plan Veterinary Diets JM Joint Mobility,Gentle In-Home Senior Care & Medication Supervision,"Maintain regular biannual health checkups, brush teeth weekly, and ensure fresh hydration throughout the day."
Dog,Rottweiler,12.6,38.9,Overweight,Moderate,Weight Management (Low Calorie & High Satiety Fiber),Hill's Science Diet Perfect Weight Formula,Gentle In-Home Senior Care & Medication Supervision,Engage in structured 30-minute low-impact daily walks. Weigh meal portions accurately and avoid high-calorie table scraps.
Dog,Rottweiler,2.3,33.4,Healthy,Very High,Active Performance & Muscle Fuel (30/20 High Energy),Orijen Amazing Grains High-Protein Energy Feast,High-Energy Active Adventure & Agility Exercise,Needs at least 60-90 minutes of vigorous daily exercise and puzzle toys to prevent boredom and anxiety.
Dog,German Shepherd,10.2,40.3,Healthy,Moderate,Senior Mobility & Joint Care (Glucosamine & Omega-3),Purina Pro Plan Veterinary Diets JM Joint Mobility,Gentle In-Home Senior Care & Medication Supervision,"Maintain regular biannual health checkups, brush teeth weekly, and ensure fresh hydration throughout the day."
Dog,Siberian Husky,13.2,41.8,Senior Cognitive Decline,Low,Senior Mobility & Joint Care (Glucosamine & Omega-3),Purina Pro Plan Veterinary Diets JM Joint Mobility,Gentle In-Home Senior Care & Medication Supervision,"Maintain regular biannual health checkups, brush teeth weekly, and ensure fresh hydration throughout the day."
Cat,Siamese Cat,1.2,3.7,Joint Issues / Arthritis,Low,Senior Mobility & Joint Care (Glucosamine & Omega-3),Purina Pro Plan Veterinary Diets JM Joint Mobility,Gentle In-Home Senior Care & Medication Supervision,"Provide orthopedic bedding, avoid stairs or sudden jumping, and supplement with EPA/DHA fatty acids for joint lubrication."
Cat,Persian Cat,2.0,5.9,Healthy,Low,Daily Complete Balanced Adult Maintenance,Blue Buffalo Life Protection Natural Adult Blend,Standard Boarding & Daily Enrichment Walking,"Maintain regular biannual health checkups, brush teeth weekly, and ensure fresh hydration throughout the day."
Dog,Poodle,1.7,12.0,Overweight,Low,Weight Management (Low Calorie & High Satiety Fiber),Hill's Science Diet Perfect Weight Formula,Standard Boarding & Daily Enrichment Walking,Engage in structured 30-minute low-impact daily walks. Weigh meal portions accurately and avoid high-calorie table scraps.
Cat,Siamese Cat,12.6,7.8,Healthy,Moderate,Senior Mobility & Joint Care (Glucosamine & Omega-3),Purina Pro Plan Veterinary Diets JM Joint Mobility,Gentle In-Home Senior Care & Medication Supervision,"Maintain regular biannual health checkups, brush teeth weekly, and ensure fresh hydration throughout the day."
Dog,Labrador Retriever,11.7,27.2,Joint Issues / Arthritis,Low,Senior Mobility & Joint Care (Glucosamine & Omega-3),Purina Pro Plan Veterinary Diets JM Joint Mobility,Gentle In-Home Senior Care & Medication Supervision,"Provide orthopedic bedding, avoid stairs or sudden jumping, and supplement with EPA/DHA fatty acids for joint lubrication."
Cat,Siamese Cat,6.4,7.8,Healthy,High,Active Performance & Muscle Fuel (30/20 High Energy),Orijen Amazing Grains High-Protein Energy Feast,High-Energy Active Adventure & Agility Exercise,Needs at least 60-90 minutes of vigorous daily exercise and puzzle toys to prevent boredom and anxiety.
Cat,Persian Cat,5.1,3.8,Joint Issues / Arthritis,Low,Senior Mobility & Joint Care (Glucosamine & Omega-3),Purina Pro Plan Veterinary Diets JM Joint Mobility,Gentle In-Home Senior Care & Medication Supervision,"Provide orthopedic bedding, avoid stairs or sudden jumping, and supplement with EPA/DHA fatty acids for joint lubrication."
Dog,Siberian Husky,7.8,32.0,Senior Cognitive Decline,Low,Daily Complete Balanced Adult Maintenance,Blue Buffalo Life Protection Natural Adult Blend,Gentle In-Home Senior Care & Medication Supervision,"Maintain regular biannual health checkups, brush teeth weekly, and ensure fresh hydration throughout the day."
Dog,Beagle,0.5,4.5,Joint Issues / Arthritis,Low,Growth & Development (High Protein & DHA),Royal Canin Puppy / Kitten Starter Nutrition,Puppy / Kitten Care & Socialization Routine,Feed 3-4 small portioned meals daily. Complete vaccination schedule and prioritize positive-reinforcement socialization for Beagle.
Dog,German Shepherd,5.1,30.7,Joint Issues / Arthritis,Low,Senior Mobility & Joint Care (Glucosamine & Omega-3),Purina Pro Plan Veterinary Diets JM Joint Mobility,Gentle In-Home Senior Care & Medication Supervision,"Provide orthopedic bedding, avoid stairs or sudden jumping, and supplement with EPA/DHA fatty acids for joint lubrication."
Cat,Siamese Cat,2.2,7.1,Joint Issues / Arthritis,Moderate,Senior Mobility & Joint Care (Glucosamine & Omega-3),Purina Pro Plan Veterinary Diets JM Joint Mobility,Gentle In-Home Senior Care & Medication Supervision,"Provide orthopedic bedding, avoid stairs or sudden jumping, and supplement with EPA/DHA fatty acids for joint lubrication."
Dog,German Shepherd,8.2,42.1,Healthy,High,Senior Mobility & Joint Care (Glucosamine & Omega-3),Purina Pro Plan Veterinary Diets JM Joint Mobility,High-Energy Active Adventure & Agility Exercise,Needs at least 60-90 minutes of vigorous daily exercise and puzzle toys to prevent boredom and anxiety.
Cat,Bengal Cat,1.1,7.1,Healthy,Very High,Active Performance & Muscle Fuel (30/20 High Energy),Orijen Amazing Grains High-Protein Energy Feast,High-Energy Active Adventure & Agility Exercise,Needs at least 60-90 minutes of vigorous daily exercise and puzzle toys to prevent boredom and anxiety.
Dog,Dachshund,13.5,8.2,Sensitive Stomach / Allergies,Moderate,Senior Mobility & Joint Care (Glucosamine & Omega-3),Purina Pro Plan Veterinary Diets JM Joint Mobility,Gentle In-Home Senior Care & Medication Supervision,"Maintain regular biannual health checkups, brush teeth weekly, and ensure fresh hydration throughout the day."
Dog,Boxer,13.9,34.3,Healthy,Moderate,Senior Mobility & Joint Care (Glucosamine & Omega-3),Purina Pro Plan Veterinary Diets JM Joint Mobility,Gentle In-Home Senior Care & Medication Supervision,"Maintain regular biannual health checkups, brush teeth weekly, and ensure fresh hydration throughout the day."
Dog,German Shepherd,9.8,25.1,Underweight,Very High,Senior Mobility & Joint Care (Glucosamine & Omega-3),Purina Pro Plan Veterinary Diets JM Joint Mobility,High-Energy Active Adventure & Agility Exercise,Needs at least 60-90 minutes of vigorous daily exercise and puzzle toys to prevent boredom and anxiety.
Cat,Domestic Shorthair,15.4,5.2,Healthy,Low,Senior Mobility & Joint Care (Glucosamine & Omega-3),Purina Pro Plan Veterinary Diets JM Joint Mobility,Gentle In-Home Senior Care & Medication Supervision,"Maintain regular biannual health checkups, brush teeth weekly, and ensure fresh hydration throughout the day."
Dog,Beagle,6.9,12.1,Healthy,High,Active Performance & Muscle Fuel (30/20 High Energy),Orijen Amazing Grains High-Protein Energy Feast,High-Energy Active Adventure & Agility Exercise,Needs at least 60-90 minutes of vigorous daily exercise and puzzle toys to prevent boredom and anxiety.
Dog,Labrador Retriever,3.3,24.8,Healthy,Low,Daily Complete Balanced Adult Maintenance,Blue Buffalo Life Protection Natural Adult Blend,Standard Boarding & Daily Enrichment Walking,"Maintain regular biannual health checkups, brush teeth weekly, and ensure fresh hydration throughout the day."
Dog,Siberian Husky,12.2,26.9,Healthy,Low,Senior Mobility & Joint Care (Glucosamine & Omega-3),Purina Pro Plan Veterinary Diets JM Joint Mobility,Gentle In-Home Senior Care & Medication Supervision,"Maintain regular biannual health checkups, brush teeth weekly, and ensure fresh hydration throughout the day."
Dog,French Bulldog,14.2,11.6,Joint Issues / Arthritis,Low,Senior Mobility & Joint Care (Glucosamine & Omega-3),Purina Pro Plan Veterinary Diets JM Joint Mobility,Gentle In-Home Senior Care & Medication Supervision,"Provide orthopedic bedding, avoid stairs or sudden jumping, and supplement with EPA/DHA fatty acids for joint lubrication."
Dog,German Shepherd,11.5,29.3,Healthy,Low,Senior Mobility & Joint Care (Glucosamine & Omega-3),Purina Pro Plan Veterinary Diets JM Joint Mobility,Gentle In-Home Senior Care & Medication Supervision,"Maintain regular biannual health checkups, brush teeth weekly, and ensure fresh hydration throughout the day."
Dog,Dachshund,12.7,11.9,Joint Issues / Arthritis,Moderate,Senior Mobility & Joint Care (Glucosamine & Omega-3),Purina Pro Plan Veterinary Diets JM Joint Mobility,Gentle In-Home Senior Care & Medication Supervision,"Provide orthopedic bedding, avoid stairs or sudden jumping, and supplement with EPA/DHA fatty acids for joint lubrication."
Dog,Poodle,4.3,8.8,Healthy,Moderate,Daily Complete Balanced Adult Maintenance,Blue Buffalo Life Protection Natural Adult Blend,Standard Boarding & Daily Enrichment Walking,"Maintain regular biannual health checkups, brush teeth weekly, and ensure fresh hydration throughout the day."
Dog,Dachshund,10.2,9.4,Joint Issues / Arthritis,Low,Senior Mobility & Joint Care (Glucosamine & Omega-3),Purina Pro Plan Veterinary Diets JM Joint Mobility,Gentle In-Home Senior Care & Medication Supervision,"Provide orthopedic bedding, avoid stairs or sudden jumping, and supplement with EPA/DHA fatty acids for joint lubrication."
Dog,Dachshund,12.6,5.1,Underweight,Low,Senior Mobility & Joint Care (Glucosamine & Omega-3),Purina Pro Plan Veterinary Diets JM Joint Mobility,Gentle In-Home Senior Care & Medication Supervision,"Maintain regular biannual health checkups, brush teeth weekly, and ensure fresh hydration throughout the day."
Dog,French Bulldog,5.1,15.1,Healthy,Moderate,Daily Complete Balanced Adult Maintenance,Blue Buffalo Life Protection Natural Adult Blend,Standard Boarding & Daily Enrichment Walking,"Maintain regular biannual health checkups, brush teeth weekly, and ensure fresh hydration throughout the day."
Dog,Poodle,14.8,6.3,Healthy,Low,Senior Mobility & Joint Care (Glucosamine & Omega-3),Purina Pro Plan Veterinary Diets JM Joint Mobility,Gentle In-Home Senior Care & Medication Supervision,"Maintain regular biannual health checkups, brush teeth weekly, and ensure fresh hydration throughout the day."
Cat,Domestic Shorthair,2.8,6.8,Healthy,High,Active Performance & Muscle Fuel (30/20 High Energy),Orijen Amazing Grains High-Protein Energy Feast,High-Energy Active Adventure & Agility Exercise,Needs at least 60-90 minutes of vigorous daily exercise and puzzle toys to prevent boredom and anxiety.
Dog,Labrador Retriever,1.1,33.2,Healthy,Very High,Active Performance & Muscle Fuel (30/20 High Energy),Orijen Amazing Grains High-Protein Energy Feast,High-Energy Active Adventure & Agility Exercise,Needs at least 60-90 minutes of vigorous daily exercise and puzzle toys to prevent boredom and anxiety.
Dog,Siberian Husky,13.8,30.4,Joint Issues / Arthritis,Moderate,Senior Mobility & Joint Care (Glucosamine & Omega-3),Purina Pro Plan Veterinary Diets JM Joint Mobility,Gentle In-Home Senior Care & Medication Supervision,"Provide orthopedic bedding, avoid stairs or sudden jumping, and supplement with EPA/DHA fatty acids for joint lubrication."
Dog,Dachshund,4.7,10.9,Overweight,Low,Weight Management (Low Calorie & High Satiety Fiber),Hill's Science Diet Perfect Weight Formula,Standard Boarding & Daily Enrichment Walking,Engage in structured 30-minute low-impact daily walks. Weigh meal portions accurately and avoid high-calorie table scraps.
Dog,Poodle,7.1,10.2,Sensitive Stomach / Allergies,Low,Hypoallergenic Single-Source Protein & Grain-Free,Farmina N&D Ocean Grain-Free Hypoallergenic Formula,Specialized Medical Monitoring & Controlled Diet Feeding,"Maintain regular biannual health checkups, brush teeth weekly, and ensure fresh hydration throughout the day."
Dog,Poodle,7.3,12.1,Sensitive Stomach / Allergies,Moderate,Hypoallergenic Single-Source Protein & Grain-Free,Farmina N&D Ocean Grain-Free Hypoallergenic Formula,Specialized Medical Monitoring & Controlled Diet Feeding,"Maintain regular biannual health checkups, brush teeth weekly, and ensure fresh hydration throughout the day."
Cat,British Shorthair,10.6,5.5,Overweight,Low,Weight Management (Low Calorie & High Satiety Fiber),Hill's Science Diet Perfect Weight Formula,Gentle In-Home Senior Care & Medication Supervision,Engage in structured 30-minute low-impact daily walks. Weigh meal portions accurately and avoid high-calorie table scraps.
Cat,British Shorthair,0.9,3.7,Overweight,Low,Growth & Development (High Protein & DHA),Royal Canin Puppy / Kitten Starter Nutrition,Puppy / Kitten Care & Socialization Routine,Feed 3-4 small portioned meals daily. Complete vaccination schedule and prioritize positive-reinforcement socialization for British Shorthair.
Dog,Beagle,13.5,12.7,Senior Cognitive Decline,Low,Senior Mobility & Joint Care (Glucosamine & Omega-3),Purina Pro Plan Veterinary Diets JM Joint Mobility,Gentle In-Home Senior Care & Medication Supervision,"Maintain regular biannual health checkups, brush teeth weekly, and ensure fresh hydration throughout the day."
Dog,Dachshund,11.5,8.0,Sensitive Stomach / Allergies,Low,Senior Mobility & Joint Care (Glucosamine & Omega-3),Purina Pro Plan Veterinary Diets JM Joint Mobility,Gentle In-Home Senior Care & Medication Supervision,"Maintain regular biannual health checkups, brush teeth weekly, and ensure fresh hydration throughout the day."
Dog,German Shepherd,11.6,22.1,Joint Issues / Arthritis,Moderate,Senior Mobility & Joint Care (Glucosamine & Omega-3),Purina Pro Plan Veterinary Diets JM Joint Mobility,Gentle In-Home Senior Care & Medication Supervision,"Provide orthopedic bedding, avoid stairs or sudden jumping, and supplement with EPA/DHA fatty acids for joint lubrication."
Dog,Dachshund,1.1,6.7,Underweight,High,Active Performance & Muscle Fuel (30/20 High Energy),Orijen Amazing Grains High-Protein Energy Feast,High-Energy Active Adventure & Agility Exercise,Needs at least 60-90 minutes of vigorous daily exercise and puzzle toys to prevent boredom and anxiety.
Cat,Siamese Cat,10.1,3.8,Healthy,Low,Senior Mobility & Joint Care (Glucosamine & Omega-3),Purina Pro Plan Veterinary Diets JM Joint Mobility,Gentle In-Home Senior Care & Medication Supervision,"Maintain regular biannual health checkups, brush teeth weekly, and ensure fresh hydration throughout the day."
Dog,Rottweiler,6.3,27.5,Healthy,High,Active Performance & Muscle Fuel (30/20 High Energy),Orijen Amazing Grains High-Protein Energy Feast,High-Energy Active Adventure & Agility Exercise,Needs at least 60-90 minutes of vigorous daily exercise and puzzle toys to prevent boredom and anxiety.
Dog,Beagle,4.6,18.6,Overweight,Moderate,Weight Management (Low Calorie & High Satiety Fiber),Hill's Science Diet Perfect Weight Formula,Standard Boarding & Daily Enrichment Walking,Engage in structured 30-minute low-impact daily walks. Weigh meal portions accurately and avoid high-calorie table scraps.
Cat,British Shorthair,8.5,9.1,Sensitive Stomach / Allergies,Moderate,Senior Mobility & Joint Care (Glucosamine & Omega-3),Purina Pro Plan Veterinary Diets JM Joint Mobility,Specialized Medical Monitoring & Controlled Diet Feeding,"Maintain regular biannual health checkups, brush teeth weekly, and ensure fresh hydration throughout the day."
Dog,French Bulldog,9.7,16.7,Healthy,High,Senior Mobility & Joint Care (Glucosamine & Omega-3),Purina Pro Plan Veterinary Diets JM Joint Mobility,High-Energy Active Adventure & Agility Exercise,Needs at least 60-90 minutes of vigorous daily exercise and puzzle toys to prevent boredom and anxiety.
Dog,Golden Retriever,4.9,29.4,Sensitive Stomach / Allergies,Low,Hypoallergenic Single-Source Protein & Grain-Free,Farmina N&D Ocean Grain-Free Hypoallergenic Formula,Specialized Medical Monitoring & Controlled Diet Feeding,"Maintain regular biannual health checkups, brush teeth weekly, and ensure fresh hydration throughout the day."
Cat,Domestic Shorthair,12.5,5.9,Overweight,Low,Weight Management (Low Calorie & High Satiety Fiber),Hill's Science Diet Perfect Weight Formula,Gentle In-Home Senior Care & Medication Supervision,Engage in structured 30-minute low-impact daily walks. Weigh meal portions accurately and avoid high-calorie table scraps.
Dog,Golden Retriever,12.9,30.1,Healthy,Low,Senior Mobility & Joint Care (Glucosamine & Omega-3),Purina Pro Plan Veterinary Diets JM Joint Mobility,Gentle In-Home Senior Care & Medication Supervision,"Maintain regular biannual health checkups, brush teeth weekly, and ensure fresh hydration throughout the day."
Cat,Bengal Cat,9.0,3.6,Sensitive Stomach / Allergies,Very High,Senior Mobility & Joint Care (Glucosamine & Omega-3),Purina Pro Plan Veterinary Diets JM Joint Mobility,High-Energy Active Adventure & Agility Exercise,Needs at least 60-90 minutes of vigorous daily exercise and puzzle toys to prevent boredom and anxiety.
Cat,Siamese Cat,0.4,1.1,Overweight,Moderate,Growth & Development (High Protein & DHA),Royal Canin Puppy / Kitten Starter Nutrition,Puppy / Kitten Care & Socialization Routine,Feed 3-4 small portioned meals daily. Complete vaccination schedule and prioritize positive-reinforcement socialization for Siamese Cat.
Dog,Siberian Husky,11.3,35.6,Healthy,Moderate,Senior Mobility & Joint Care (Glucosamine & Omega-3),Purina Pro Plan Veterinary Diets JM Joint Mobility,Gentle In-Home Senior Care & Medication Supervision,"Maintain regular biannual health checkups, brush teeth weekly, and ensure fresh hydration throughout the day."
Dog,German Shepherd,11.0,33.3,Healthy,Moderate,Senior Mobility & Joint Care (Glucosamine & Omega-3),Purina Pro Plan Veterinary Diets JM Joint Mobility,Gentle In-Home Senior Care & Medication Supervision,"Maintain regular biannual health checkups, brush teeth weekly, and ensure fresh hydration throughout the day."
Cat,Domestic Shorthair,1.5,3.2,Healthy,High,Active Performance & Muscle Fuel (30/20 High Energy),Orijen Amazing Grains High-Protein Energy Feast,High-Energy Active Adventure & Agility Exercise,Needs at least 60-90 minutes of vigorous daily exercise and puzzle toys to prevent boredom and anxiety.
Cat,Bengal Cat,4.3,3.8,Joint Issues / Arthritis,Low,Senior Mobility & Joint Care (Glucosamine & Omega-3),Purina Pro Plan Veterinary Diets JM Joint Mobility,Gentle In-Home Senior Care & Medication Supervision,"Provide orthopedic bedding, avoid stairs or sudden jumping, and supplement with EPA/DHA fatty acids for joint lubrication."
Cat,British Shorthair,6.5,5.1,Healthy,Very High,Active Performance & Muscle Fuel (30/20 High Energy),Orijen Amazing Grains High-Protein Energy Feast,High-Energy Active Adventure & Agility Exercise,Needs at least 60-90 minutes of vigorous daily exercise and puzzle toys to prevent boredom and anxiety.
Dog,French Bulldog,2.8,14.6,Sensitive Stomach / Allergies,Moderate,Hypoallergenic Single-Source Protein & Grain-Free,Farmina N&D Ocean Grain-Free Hypoallergenic Formula,Specialized Medical Monitoring & Controlled Diet Feeding,"Maintain regular biannual health checkups, brush teeth weekly, and ensure fresh hydration throughout the day."
Cat,Maine Coon,5.1,10.2,Dental Issues,Moderate,Daily Complete Balanced Adult Maintenance,Blue Buffalo Life Protection Natural Adult Blend,Standard Boarding & Daily Enrichment Walking,"Maintain regular biannual health checkups, brush teeth weekly, and ensure fresh hydration throughout the day."
Cat,Maine Coon,15.2,7.4,Overweight,Low,Weight Management (Low Calorie & High Satiety Fiber),Hill's Science Diet Perfect Weight Formula,Gentle In-Home Senior Care & Medication Supervision,Engage in structured 30-minute low-impact daily walks. Weigh meal portions accurately and avoid high-calorie table scraps.
Dog,Dachshund,6.4,3.5,Healthy,Moderate,Daily Complete Balanced Adult Maintenance,Blue Buffalo Life Protection Natural Adult Blend,Standard Boarding & Daily Enrichment Walking,"Maintain regular biannual health checkups, brush teeth weekly, and ensure fresh hydration throughout the day."
Cat,Maine Coon,10.8,6.3,Joint Issues / Arthritis,Low,Senior Mobility & Joint Care (Glucosamine & Omega-3),Purina Pro Plan Veterinary Diets JM Joint Mobility,Gentle In-Home Senior Care & Medication Supervision,"Provide orthopedic bedding, avoid stairs or sudden jumping, and supplement with EPA/DHA fatty acids for joint lubrication."
Dog,Poodle,12.5,11.1,Joint Issues / Arthritis,Low,Senior Mobility & Joint Care (Glucosamine & Omega-3),Purina Pro Plan Veterinary Diets JM Joint Mobility,Gentle In-Home Senior Care & Medication Supervision,"Provide orthopedic bedding, avoid stairs or sudden jumping, and supplement with EPA/DHA fatty acids for joint lubrication."
Dog,Beagle,12.2,12.7,Underweight,Moderate,Senior Mobility & Joint Care (Glucosamine & Omega-3),Purina Pro Plan Veterinary Diets JM Joint Mobility,Gentle In-Home Senior Care & Medication Supervision,"Maintain regular biannual health checkups, brush teeth weekly, and ensure fresh hydration throughout the day."
Dog,Beagle,13.5,8.3,Healthy,Moderate,Senior Mobility & Joint Care (Glucosamine & Omega-3),Purina Pro Plan Veterinary Diets JM Joint Mobility,Gentle In-Home Senior Care & Medication Supervision,"Maintain regular biannual health checkups, brush teeth weekly, and ensure fresh hydration throughout the day."
Dog,Boxer,12.5,40.0,Healthy,Moderate,Senior Mobility & Joint Care (Glucosamine & Omega-3),Purina Pro Plan Veterinary Diets JM Joint Mobility,Gentle In-Home Senior Care & Medication Supervision,"Maintain regular biannual health checkups, brush teeth weekly, and ensure fresh hydration throughout the day."
Dog,Siberian Husky,0.7,14.7,Post-Surgery Recovery,High,Growth & Development (High Protein & DHA),Royal Canin Puppy / Kitten Starter Nutrition,Puppy / Kitten Care & Socialization Routine,Feed 3-4 small portioned meals daily. Complete vaccination schedule and prioritize positive-reinforcement socialization for Siberian Husky.
Dog,Golden Retriever,8.5,25.6,Healthy,Moderate,Senior Mobility & Joint Care (Glucosamine & Omega-3),Purina Pro Plan Veterinary Diets JM Joint Mobility,Standard Boarding & Daily Enrichment Walking,"Maintain regular biannual health checkups, brush teeth weekly, and ensure fresh hydration throughout the day."
Dog,Labrador Retriever,10.3,28.5,Sensitive Stomach / Allergies,Low,Senior Mobility & Joint Care (Glucosamine & Omega-3),Purina Pro Plan Veterinary Diets JM Joint Mobility,Gentle In-Home Senior Care & Medication Supervision,"Maintain regular biannual health checkups, brush teeth weekly, and ensure fresh hydration throughout the day."
Cat,Bengal Cat,18.0,6.0,Healthy,Low,Senior Mobility & Joint Care (Glucosamine & Omega-3),Purina Pro Plan Veterinary Diets JM Joint Mobility,Gentle In-Home Senior Care & Medication Supervision,"Maintain regular biannual health checkups, brush teeth weekly, and ensure fresh hydration throughout the day."
Cat,Domestic Shorthair,10.5,3.5,Healthy,Low,Senior Mobility & Joint Care (Glucosamine & Omega-3),Purina Pro Plan Veterinary Diets JM Joint Mobility,Gentle In-Home Senior Care & Medication Supervision,"Maintain regular biannual health checkups, brush teeth weekly, and ensure fresh hydration throughout the day."
Dog,Beagle,6.2,11.4,Joint Issues / Arthritis,Low,Senior Mobility & Joint Care (Glucosamine & Omega-3),Purina Pro Plan Veterinary Diets JM Joint Mobility,Gentle In-Home Senior Care & Medication Supervision,"Provide orthopedic bedding, avoid stairs or sudden jumping, and supplement with EPA/DHA fatty acids for joint lubrication."
Cat,Persian Cat,7.7,6.5,Overweight,Low,Weight Management (Low Calorie & High Satiety Fiber),Hill's Science Diet Perfect Weight Formula,Standard Boarding & Daily Enrichment Walking,Engage in structured 30-minute low-impact daily walks. Weigh meal portions accurately and avoid high-calorie table scraps.
Dog,Poodle,15.0,14.0,Joint Issues / Arthritis,Low,Senior Mobility & Joint Care (Glucosamine & Omega-3),Purina Pro Plan Veterinary Diets JM Joint Mobility,Gentle In-Home Senior Care & Medication Supervision,"Provide orthopedic bedding, avoid stairs or sudden jumping, and supplement with EPA/DHA fatty acids for joint lubrication."
Dog,Dachshund,13.3,5.2,Healthy,Low,Senior Mobility & Joint Care (Glucosamine & Omega-3),Purina Pro Plan Veterinary Diets JM Joint Mobility,Gentle In-Home Senior Care & Medication Supervision,"Maintain regular biannual health checkups, brush teeth weekly, and ensure fresh hydration throughout the day."
Dog,Poodle,5.6,12.0,Healthy,High,Active Performance & Muscle Fuel (30/20 High Energy),Orijen Amazing Grains High-Protein Energy Feast,High-Energy Active Adventure & Agility Exercise,Needs at least 60-90 minutes of vigorous daily exercise and puzzle toys to prevent boredom and anxiety.
Cat,British Shorthair,15.4,3.5,Healthy,Low,Senior Mobility & Joint Care (Glucosamine & Omega-3),Purina Pro Plan Veterinary Diets JM Joint Mobility,Gentle In-Home Senior Care & Medication Supervision,"Maintain regular biannual health checkups, brush teeth weekly, and ensure fresh hydration throughout the day."
Dog,Dachshund,5.2,7.0,Dental Issues,Moderate,Daily Complete Balanced Adult Maintenance,Blue Buffalo Life Protection Natural Adult Blend,Standard Boarding & Daily Enrichment Walking,"Maintain regular biannual health checkups, brush teeth weekly, and ensure fresh hydration throughout the day."
Dog,Poodle,13.5,8.2,Sensitive Stomach / Allergies,Moderate,Senior Mobility & Joint Care (Glucosamine & Omega-3),Purina Pro Plan Veterinary Diets JM Joint Mobility,Gentle In-Home Senior Care & Medication Supervision,"Maintain regular biannual health checkups, brush teeth weekly, and ensure fresh hydration throughout the day."
Dog,Beagle,11.2,11.6,Healthy,Low,Senior Mobility & Joint Care (Glucosamine & Omega-3),Purina Pro Plan Veterinary Diets JM Joint Mobility,Gentle In-Home Senior Care & Medication Supervision,"Maintain regular biannual health checkups, brush teeth weekly, and ensure fresh hydration throughout the day."
Dog,Beagle,6.5,15.3,Overweight,Moderate,Weight Management (Low Calorie & High Satiety Fiber),Hill's Science Diet Perfect Weight Formula,Standard Boarding & Daily Enrichment Walking,Engage in structured 30-minute low-impact daily walks. Weigh meal portions accurately and avoid high-calorie table scraps.
Dog,Siberian Husky,12.7,33.1,Overweight,Low,Weight Management (Low Calorie & High Satiety Fiber),Hill's Science Diet Perfect Weight Formula,Gentle In-Home Senior Care & Medication Supervision,Engage in structured 30-minute low-impact daily walks. Weigh meal portions accurately and avoid high-calorie table scraps.
Dog,Beagle,2.1,15.0,Healthy,High,Active Performance & Muscle Fuel (30/20 High Energy),Orijen Amazing Grains High-Protein Energy Feast,High-Energy Active Adventure & Agility Exercise,Needs at least 60-90 minutes of vigorous daily exercise and puzzle toys to prevent boredom and anxiety.
Dog,Beagle,1.9,12.4,Healthy,Very High,Active Performance & Muscle Fuel (30/20 High Energy),Orijen Amazing Grains High-Protein Energy Feast,High-Energy Active Adventure & Agility Exercise,Needs at least 60-90 minutes of vigorous daily exercise and puzzle toys to prevent boredom and anxiety.
Cat,Persian Cat,1.8,5.9,Healthy,Very High,Active Performance & Muscle Fuel (30/20 High Energy),Orijen Amazing Grains High-Protein Energy Feast,High-Energy Active Adventure & Agility Exercise,Needs at least 60-90 minutes of vigorous daily exercise and puzzle toys to prevent boredom and anxiety.
Cat,Bengal Cat,5.7,5.2,Healthy,High,Active Performance & Muscle Fuel (30/20 High Energy),Orijen Amazing Grains High-Protein Energy Feast,High-Energy Active Adventure & Agility Exercise,Needs at least 60-90 minutes of vigorous daily exercise and puzzle toys to prevent boredom and anxiety.
Cat,Siamese Cat,12.0,2.7,Sensitive Stomach / Allergies,Low,Senior Mobility & Joint Care (Glucosamine & Omega-3),Purina Pro Plan Veterinary Diets JM Joint Mobility,Gentle In-Home Senior Care & Medication Supervision,"Maintain regular biannual health checkups, brush teeth weekly, and ensure fresh hydration throughout the day."
Dog,Poodle,5.2,13.7,Sensitive Stomach / Allergies,Moderate,Hypoallergenic Single-Source Protein & Grain-Free,Farmina N&D Ocean Grain-Free Hypoallergenic Formula,Specialized Medical Monitoring & Controlled Diet Feeding,"Maintain regular biannual health checkups, brush teeth weekly, and ensure fresh hydration throughout the day."
Dog,Poodle,9.9,15.1,Dental Issues,High,Senior Mobility & Joint Care (Glucosamine & Omega-3),Purina Pro Plan Veterinary Diets JM Joint Mobility,High-Energy Active Adventure & Agility Exercise,Needs at least 60-90 minutes of vigorous daily exercise and puzzle toys to prevent boredom and anxiety.
Dog,Rottweiler,5.5,23.5,Healthy,Very High,Active Performance & Muscle Fuel (30/20 High Energy),Orijen Amazing Grains High-Protein Energy Feast,High-Energy Active Adventure & Agility Exercise,Needs at least 60-90 minutes of vigorous daily exercise and puzzle toys to prevent boredom and anxiety.
Dog,French Bulldog,12.0,10.6,Senior Cognitive Decline,Low,Senior Mobility & Joint Care (Glucosamine & Omega-3),Purina Pro Plan Veterinary Diets JM Joint Mobility,Gentle In-Home Senior Care & Medication Supervision,"Maintain regular biannual health checkups, brush teeth weekly, and ensure fresh hydration throughout the day."
Dog,Siberian Husky,8.4,25.8,Healthy,High,Senior Mobility & Joint Care (Glucosamine & Omega-3),Purina Pro Plan Veterinary Diets JM Joint Mobility,High-Energy Active Adventure & Agility Exercise,Needs at least 60-90 minutes of vigorous daily exercise and puzzle toys to prevent boredom and anxiety.
Dog,Siberian Husky,4.4,31.5,Overweight,Low,Weight Management (Low Calorie & High Satiety Fiber),Hill's Science Diet Perfect Weight Formula,Standard Boarding & Daily Enrichment Walking,Engage in structured 30-minute low-impact daily walks. Weigh meal portions accurately and avoid high-calorie table scraps.
Dog,Boxer,13.3,28.3,Underweight,Low,Senior Mobility & Joint Care (Glucosamine & Omega-3),Purina Pro Plan Veterinary Diets JM Joint Mobility,Gentle In-Home Senior Care & Medication Supervision,"Maintain regular biannual health checkups, brush teeth weekly, and ensure fresh hydration throughout the day."
Dog,Labrador Retriever,2.1,39.0,Sensitive Stomach / Allergies,High,Hypoallergenic Single-Source Protein & Grain-Free,Farmina N&D Ocean Grain-Free Hypoallergenic Formula,High-Energy Active Adventure & Agility Exercise,Needs at least 60-90 minutes of vigorous daily exercise and puzzle toys to prevent boredom and anxiety.
Dog,Siberian Husky,5.5,28.1,Sensitive Stomach / Allergies,High,Hypoallergenic Single-Source Protein & Grain-Free,Farmina N&D Ocean Grain-Free Hypoallergenic Formula,High-Energy Active Adventure & Agility Exercise,Needs at least 60-90 minutes of vigorous daily exercise and puzzle toys to prevent boredom and anxiety.
Dog,Golden Retriever,11.5,28.9,Healthy,Low,Senior Mobility & Joint Care (Glucosamine & Omega-3),Purina Pro Plan Veterinary Diets JM Joint Mobility,Gentle In-Home Senior Care & Medication Supervision,"Maintain regular biannual health checkups, brush teeth weekly, and ensure fresh hydration throughout the day."
Cat,Bengal Cat,15.5,7.6,Sensitive Stomach / Allergies,Moderate,Senior Mobility & Joint Care (Glucosamine & Omega-3),Purina Pro Plan Veterinary Diets JM Joint Mobility,Gentle In-Home Senior Care & Medication Supervision,"Maintain regular biannual health checkups, brush teeth weekly, and ensure fresh hydration throughout the day."
Dog,German Shepherd,10.5,39.4,Healthy,Moderate,Senior Mobility & Joint Care (Glucosamine & Omega-3),Purina Pro Plan Veterinary Diets JM Joint Mobility,Gentle In-Home Senior Care & Medication Supervision,"Maintain regular biannual health checkups, brush teeth weekly, and ensure fresh hydration throughout the day."
Cat,Persian Cat,16.3,2.2,Healthy,Low,Senior Mobility & Joint Care (Glucosamine & Omega-3),Purina Pro Plan Veterinary Diets JM Joint Mobility,Gentle In-Home Senior Care & Medication Supervision,"Maintain regular biannual health checkups, brush teeth weekly, and ensure fresh hydration throughout the day."
Dog,Rottweiler,1.5,38.7,Joint Issues / Arthritis,Low,Senior Mobility & Joint Care (Glucosamine & Omega-3),Purina Pro Plan Veterinary Diets JM Joint Mobility,Gentle In-Home Senior Care & Medication Supervision,"Provide orthopedic bedding, avoid stairs or sudden jumping, and supplement with EPA/DHA fatty acids for joint lubrication."
Cat,Domestic Shorthair,1.3,5.2,Joint Issues / Arthritis,Low,Senior Mobility & Joint Care (Glucosamine & Omega-3),Purina Pro Plan Veterinary Diets JM Joint Mobility,Gentle In-Home Senior Care & Medication Supervision,"Provide orthopedic bedding, avoid stairs or sudden jumping, and supplement with EPA/DHA fatty acids for joint lubrication."
Dog,Boxer,13.9,26.9,Overweight,Moderate,Weight Management (Low Calorie & High Satiety Fiber),Hill's Science Diet Perfect Weight Formula,Gentle In-Home Senior Care & Medication Supervision,Engage in structured 30-minute low-impact daily walks. Weigh meal portions accurately and avoid high-calorie table scraps.
Cat,Domestic Shorthair,10.1,7.6,Overweight,Low,Weight Management (Low Calorie & High Satiety Fiber),Hill's Science Diet Perfect Weight Formula,Gentle In-Home Senior Care & Medication Supervision,Engage in structured 30-minute low-impact daily walks. Weigh meal portions accurately and avoid high-calorie table scraps.
Dog,Beagle,15.0,12.6,Sensitive Stomach / Allergies,Low,Senior Mobility & Joint Care (Glucosamine & Omega-3),Purina Pro Plan Veterinary Diets JM Joint Mobility,Gentle In-Home Senior Care & Medication Supervision,"Maintain regular biannual health checkups, brush teeth weekly, and ensure fresh hydration throughout the day."
Cat,Maine Coon,3.9,5.9,Joint Issues / Arthritis,Low,Senior Mobility & Joint Care (Glucosamine & Omega-3),Purina Pro Plan Veterinary Diets JM Joint Mobility,Gentle In-Home Senior Care & Medication Supervision,"Provide orthopedic bedding, avoid stairs or sudden jumping, and supplement with EPA/DHA fatty acids for joint lubrication."
Dog,Dachshund,11.4,7.7,Healthy,Moderate,Senior Mobility & Joint Care (Glucosamine & Omega-3),Purina Pro Plan Veterinary Diets JM Joint Mobility,Gentle In-Home Senior Care & Medication Supervision,"Maintain regular biannual health checkups, brush teeth weekly, and ensure fresh hydration throughout the day."
Dog,Dachshund,4.2,5.8,Healthy,High,Active Performance & Muscle Fuel (30/20 High Energy),Orijen Amazing Grains High-Protein Energy Feast,High-Energy Active Adventure & Agility Exercise,Needs at least 60-90 minutes of vigorous daily exercise and puzzle toys to prevent boredom and anxiety.
Cat,Maine Coon,12.8,9.8,Joint Issues / Arthritis,Low,Senior Mobility & Joint Care (Glucosamine & Omega-3),Purina Pro Plan Veterinary Diets JM Joint Mobility,Gentle In-Home Senior Care & Medication Supervision,"Provide orthopedic bedding, avoid stairs or sudden jumping, and supplement with EPA/DHA fatty acids for joint lubrication."
Dog,German Shepherd,9.0,31.2,Healthy,High,Senior Mobility & Joint Care (Glucosamine & Omega-3),Purina Pro Plan Veterinary Diets JM Joint Mobility,High-Energy Active Adventure & Agility Exercise,Needs at least 60-90 minutes of vigorous daily exercise and puzzle toys to prevent boredom and anxiety.
Cat,Persian Cat,9.7,7.7,Healthy,Moderate,Senior Mobility & Joint Care (Glucosamine & Omega-3),Purina Pro Plan Veterinary Diets JM Joint Mobility,Standard Boarding & Daily Enrichment Walking,"Maintain regular biannual health checkups, brush teeth weekly, and ensure fresh hydration throughout the day."
Dog,Golden Retriever,5.2,26.4,Overweight,Low,Weight Management (Low Calorie & High Satiety Fiber),Hill's Science Diet Perfect Weight Formula,Standard Boarding & Daily Enrichment Walking,Engage in structured 30-minute low-impact daily walks. Weigh meal portions accurately and avoid high-calorie table scraps.
Cat,Maine Coon,4.7,8.8,Healthy,Low,Daily Complete Balanced Adult Maintenance,Blue Buffalo Life Protection Natural Adult Blend,Standard Boarding & Daily Enrichment Walking,"Maintain regular biannual health checkups, brush teeth weekly, and ensure fresh hydration throughout the day."
Dog,Labrador Retriever,7.9,40.8,Healthy,Low,Daily Complete Balanced Adult Maintenance,Blue Buffalo Life Protection Natural Adult Blend,Standard Boarding & Daily Enrichment Walking,"Maintain regular biannual health checkups, brush teeth weekly, and ensure fresh hydration throughout the day."
Cat,Domestic Shorthair,2.6,7.2,Joint Issues / Arthritis,Low,Senior Mobility & Joint Care (Glucosamine & Omega-3),Purina Pro Plan Veterinary Diets JM Joint Mobility,Gentle In-Home Senior Care & Medication Supervision,"Provide orthopedic bedding, avoid stairs or sudden jumping, and supplement with EPA/DHA fatty acids for joint lubrication."
Dog,Beagle,10.7,12.5,Joint Issues / Arthritis,Moderate,Senior Mobility & Joint Care (Glucosamine & Omega-3),Purina Pro Plan Veterinary Diets JM Joint Mobility,Gentle In-Home Senior Care & Medication Supervision,"Provide orthopedic bedding, avoid stairs or sudden jumping, and supplement with EPA/DHA fatty acids for joint lubrication."
Cat,Domestic Shorthair,11.7,3.9,Post-Surgery Recovery,Low,Senior Mobility & Joint Care (Glucosamine & Omega-3),Purina Pro Plan Veterinary Diets JM Joint Mobility,Gentle In-Home Senior Care & Medication Supervision,"Maintain regular biannual health checkups, brush teeth weekly, and ensure fresh hydration throughout the day."
Dog,Dachshund,10.2,12.9,Healthy,Low,Senior Mobility & Joint Care (Glucosamine & Omega-3),Purina Pro Plan Veterinary Diets JM Joint Mobility,Gentle In-Home Senior Care & Medication Supervision,"Maintain regular biannual health checkups, brush teeth weekly, and ensure fresh hydration throughout the day."
Cat,British Shorthair,17.9,5.0,Healthy,Low,Senior Mobility & Joint Care (Glucosamine & Omega-3),Purina Pro Plan Veterinary Diets JM Joint Mobility,Gentle In-Home Senior Care & Medication Supervision,"Maintain regular biannual health checkups, brush teeth weekly, and ensure fresh hydration throughout the day."
Dog,Siberian Husky,14.1,24.7,Healthy,Low,Senior Mobility & Joint Care (Glucosamine & Omega-3),Purina Pro Plan Veterinary Diets JM Joint Mobility,Gentle In-Home Senior Care & Medication Supervision,"Maintain regular biannual health checkups, brush teeth weekly, and ensure fresh hydration throughout the day."
Dog,French Bulldog,11.7,11.5,Healthy,Low,Senior Mobility & Joint Care (Glucosamine & Omega-3),Purina Pro Plan Veterinary Diets JM Joint Mobility,Gentle In-Home Senior Care & Medication Supervision,"Maintain regular biannual health checkups, brush teeth weekly, and ensure fresh hydration throughout the day."
Cat,British Shorthair,14.6,2.7,Healthy,Moderate,Senior Mobility & Joint Care (Glucosamine & Omega-3),Purina Pro Plan Veterinary Diets JM Joint Mobility,Gentle In-Home Senior Care & Medication Supervision,"Maintain regular biannual health checkups, brush teeth weekly, and ensure fresh hydration throughout the day."
Dog,Golden Retriever,7.1,44.2,Joint Issues / Arthritis,Moderate,Senior Mobility & Joint Care (Glucosamine & Omega-3),Purina Pro Plan Veterinary Diets JM Joint Mobility,Gentle In-Home Senior Care & Medication Supervision,"Provide orthopedic bedding, avoid stairs or sudden jumping, and supplement with EPA/DHA fatty acids for joint lubrication."
Dog,Golden Retriever,4.1,25.0,Healthy,Moderate,Daily Complete Balanced Adult Maintenance,Blue Buffalo Life Protection Natural Adult Blend,Standard Boarding & Daily Enrichment Walking,"Maintain regular biannual health checkups, brush teeth weekly, and ensure fresh hydration throughout the day."
Dog,Boxer,9.5,25.5,Senior Cognitive Decline,Moderate,Senior Mobility & Joint Care (Glucosamine & Omega-3),Purina Pro Plan Veterinary Diets JM Joint Mobility,Gentle In-Home Senior Care & Medication Supervision,"Maintain regular biannual health checkups, brush teeth weekly, and ensure fresh hydration throughout the day."
Dog,Dachshund,13.6,9.7,Overweight,Moderate,Weight Management (Low Calorie & High Satiety Fiber),Hill's Science Diet Perfect Weight Formula,Gentle In-Home Senior Care & Medication Supervision,Engage in structured 30-minute low-impact daily walks. Weigh meal portions accurately and avoid high-calorie table scraps.
Dog,Rottweiler,13.7,24.3,Senior Cognitive Decline,Moderate,Senior Mobility & Joint Care (Glucosamine & Omega-3),Purina Pro Plan Veterinary Diets JM Joint Mobility,Gentle In-Home Senior Care & Medication Supervision,"Maintain regular biannual health checkups, brush teeth weekly, and ensure fresh hydration throughout the day."
Dog,Beagle,11.8,15.6,Joint Issues / Arthritis,Low,Senior Mobility & Joint Care (Glucosamine & Omega-3),Purina Pro Plan Veterinary Diets JM Joint Mobility,Gentle In-Home Senior Care & Medication Supervision,"Provide orthopedic bedding, avoid stairs or sudden jumping, and supplement with EPA/DHA fatty acids for joint lubrication."
Dog,Dachshund,9.5,12.6,Sensitive Stomach / Allergies,Moderate,Senior Mobility & Joint Care (Glucosamine & Omega-3),Purina Pro Plan Veterinary Diets JM Joint Mobility,Specialized Medical Monitoring & Controlled Diet Feeding,"Maintain regular biannual health checkups, brush teeth weekly, and ensure fresh hydration throughout the day."
Dog,Labrador Retriever,2.1,34.0,Overweight,Low,Weight Management (Low Calorie & High Satiety Fiber),Hill's Science Diet Perfect Weight Formula,Standard Boarding & Daily Enrichment Walking,Engage in structured 30-minute low-impact daily walks. Weigh meal portions accurately and avoid high-calorie table scraps.
Cat,Persian Cat,4.6,4.8,Healthy,High,Active Performance & Muscle Fuel (30/20 High Energy),Orijen Amazing Grains High-Protein Energy Feast,High-Energy Active Adventure & Agility Exercise,Needs at least 60-90 minutes of vigorous daily exercise and puzzle toys to prevent boredom and anxiety.
Dog,Rottweiler,7.6,28.2,Healthy,High,Active Performance & Muscle Fuel (30/20 High Energy),Orijen Amazing Grains High-Protein Energy Feast,High-Energy Active Adventure & Agility Exercise,Needs at least 60-90 minutes of vigorous daily exercise and puzzle toys to prevent boredom and anxiety.
Cat,Siamese Cat,12.5,6.0,Healthy,Low,Senior Mobility & Joint Care (Glucosamine & Omega-3),Purina Pro Plan Veterinary Diets JM Joint Mobility,Gentle In-Home Senior Care & Medication Supervision,"Maintain regular biannual health checkups, brush teeth weekly, and ensure fresh hydration throughout the day."
Cat,Maine Coon,14.1,8.0,Healthy,Moderate,Senior Mobility & Joint Care (Glucosamine & Omega-3),Purina Pro Plan Veterinary Diets JM Joint Mobility,Gentle In-Home Senior Care & Medication Supervision,"Maintain regular biannual health checkups, brush teeth weekly, and ensure fresh hydration throughout the day."
Dog,French Bulldog,13.8,18.4,Sensitive Stomach / Allergies,Moderate,Senior Mobility & Joint Care (Glucosamine & Omega-3),Purina Pro Plan Veterinary Diets JM Joint Mobility,Gentle In-Home Senior Care & Medication Supervision,"Maintain regular biannual health checkups, brush teeth weekly, and ensure fresh hydration throughout the day."
Dog,Golden Retriever,11.1,35.3,Healthy,Low,Senior Mobility & Joint Care (Glucosamine & Omega-3),Purina Pro Plan Veterinary Diets JM Joint Mobility,Gentle In-Home Senior Care & Medication Supervision,"Maintain regular biannual health checkups, brush teeth weekly, and ensure fresh hydration throughout the day."
Cat,Persian Cat,6.0,7.0,Overweight,Moderate,Weight Management (Low Calorie & High Satiety Fiber),Hill's Science Diet Perfect Weight Formula,Standard Boarding & Daily Enrichment Walking,Engage in structured 30-minute low-impact daily walks. Weigh meal portions accurately and avoid high-calorie table scraps.
Cat,British Shorthair,7.2,5.6,Healthy,Low,Daily Complete Balanced Adult Maintenance,Blue Buffalo Life Protection Natural Adult Blend,Standard Boarding & Daily Enrichment Walking,"Maintain regular biannual health checkups, brush teeth weekly, and ensure fresh hydration throughout the day."
Dog,Poodle,4.4,8.7,Joint Issues / Arthritis,Low,Senior Mobility & Joint Care (Glucosamine & Omega-3),Purina Pro Plan Veterinary Diets JM Joint Mobility,Gentle In-Home Senior Care & Medication Supervision,"Provide orthopedic bedding, avoid stairs or sudden jumping, and supplement with EPA/DHA fatty acids for joint lubrication."
Dog,Boxer,10.9,40.5,Healthy,Low,Senior Mobility & Joint Care (Glucosamine & Omega-3),Purina Pro Plan Veterinary Diets JM Joint Mobility,Gentle In-Home Senior Care & Medication Supervision,"Maintain regular biannual health checkups, brush teeth weekly, and ensure fresh hydration throughout the day."
Cat,Bengal Cat,6.1,4.8,Healthy,High,Active Performance & Muscle Fuel (30/20 High Energy),Orijen Amazing Grains High-Protein Energy Feast,High-Energy Active Adventure & Agility Exercise,Needs at least 60-90 minutes of vigorous daily exercise and puzzle toys to prevent boredom and anxiety.
Dog,Siberian Husky,9.0,41.9,Overweight,Low,Weight Management (Low Calorie & High Satiety Fiber),Hill's Science Diet Perfect Weight Formula,Standard Boarding & Daily Enrichment Walking,Engage in structured 30-minute low-impact daily walks. Weigh meal portions accurately and avoid high-calorie table scraps.
Dog,French Bulldog,11.4,9.3,Healthy,Low,Senior Mobility & Joint Care (Glucosamine & Omega-3),Purina Pro Plan Veterinary Diets JM Joint Mobility,Gentle In-Home Senior Care & Medication Supervision,"Maintain regular biannual health checkups, brush teeth weekly, and ensure fresh hydration throughout the day."
Dog,Golden Retriever,6.9,40.7,Healthy,Low,Daily Complete Balanced Adult Maintenance,Blue Buffalo Life Protection Natural Adult Blend,Standard Boarding & Daily Enrichment Walking,"Maintain regular biannual health checkups, brush teeth weekly, and ensure fresh hydration throughout the day."
Dog,Beagle,8.7,12.0,Dental Issues,High,Senior Mobility & Joint Care (Glucosamine & Omega-3),Purina Pro Plan Veterinary Diets JM Joint Mobility,High-Energy Active Adventure & Agility Exercise,Needs at least 60-90 minutes of vigorous daily exercise and puzzle toys to prevent boredom and anxiety.
Dog,Beagle,0.8,7.7,Sensitive Stomach / Allergies,Very High,Growth & Development (High Protein & DHA),Royal Canin Puppy / Kitten Starter Nutrition,Puppy / Kitten Care & Socialization Routine,Feed 3-4 small portioned meals daily. Complete vaccination schedule and prioritize positive-reinforcement socialization for Beagle.
Dog,Siberian Husky,0.4,11.1,Healthy,Very High,Growth & Development (High Protein & DHA),Royal Canin Puppy / Kitten Starter Nutrition,Puppy / Kitten Care & Socialization Routine,Feed 3-4 small portioned meals daily. Complete vaccination schedule and prioritize positive-reinforcement socialization for Siberian Husky.
Dog,Poodle,13.4,19.8,Healthy,Low,Senior Mobility & Joint Care (Glucosamine & Omega-3),Purina Pro Plan Veterinary Diets JM Joint Mobility,Gentle In-Home Senior Care & Medication Supervision,"Maintain regular biannual health checkups, brush teeth weekly, and ensure fresh hydration throughout the day."
Dog,Dachshund,13.1,10.3,Dental Issues,Low,Senior Mobility & Joint Care (Glucosamine & Omega-3),Purina Pro Plan Veterinary Diets JM Joint Mobility,Gentle In-Home Senior Care & Medication Supervision,"Maintain regular biannual health checkups, brush teeth weekly, and ensure fresh hydration throughout the day."
Cat,Siamese Cat,15.8,2.9,Healthy,Moderate,Senior Mobility & Joint Care (Glucosamine & Omega-3),Purina Pro Plan Veterinary Diets JM Joint Mobility,Gentle In-Home Senior Care & Medication Supervision,"Maintain regular biannual health checkups, brush teeth weekly, and ensure fresh hydration throughout the day."
Cat,Domestic Shorthair,7.4,7.3,Dental Issues,Moderate,Daily Complete Balanced Adult Maintenance,Blue Buffalo Life Protection Natural Adult Blend,Standard Boarding & Daily Enrichment Walking,"Maintain regular biannual health checkups, brush teeth weekly, and ensure fresh hydration throughout the day."
Dog,Golden Retriever,8.6,30.5,Overweight,Low,Weight Management (Low Calorie & High Satiety Fiber),Hill's Science Diet Perfect Weight Formula,Standard Boarding & Daily Enrichment Walking,Engage in structured 30-minute low-impact daily walks. Weigh meal portions accurately and avoid high-calorie table scraps.
Cat,British Shorthair,15.8,4.1,Sensitive Stomach / Allergies,Low,Senior Mobility & Joint Care (Glucosamine & Omega-3),Purina Pro Plan Veterinary Diets JM Joint Mobility,Gentle In-Home Senior Care & Medication Supervision,"Maintain regular biannual health checkups, brush teeth weekly, and ensure fresh hydration throughout the day."
Dog,Golden Retriever,9.7,33.1,Healthy,Moderate,Senior Mobility & Joint Care (Glucosamine & Omega-3),Purina Pro Plan Veterinary Diets JM Joint Mobility,Standard Boarding & Daily Enrichment Walking,"Maintain regular biannual health checkups, brush teeth weekly, and ensure fresh hydration throughout the day."
Cat,Persian Cat,17.7,4.6,Healthy,Low,Senior Mobility & Joint Care (Glucosamine & Omega-3),Purina Pro Plan Veterinary Diets JM Joint Mobility,Gentle In-Home Senior Care & Medication Supervision,"Maintain regular biannual health checkups, brush teeth weekly, and ensure fresh hydration throughout the day."
Cat,Siamese Cat,13.2,4.8,Healthy,Low,Senior Mobility & Joint Care (Glucosamine & Omega-3),Purina Pro Plan Veterinary Diets JM Joint Mobility,Gentle In-Home Senior Care & Medication Supervision,"Maintain regular biannual health checkups, brush teeth weekly, and ensure fresh hydration throughout the day."
Dog,Poodle,14.3,21.2,Underweight,Moderate,Senior Mobility & Joint Care (Glucosamine & Omega-3),Purina Pro Plan Veterinary Diets JM Joint Mobility,Gentle In-Home Senior Care & Medication Supervision,"Maintain regular biannual health checkups, brush teeth weekly, and ensure fresh hydration throughout the day."
Dog,German Shepherd,14.7,38.9,Overweight,Low,Weight Management (Low Calorie & High Satiety Fiber),Hill's Science Diet Perfect Weight Formula,Gentle In-Home Senior Care & Medication Supervision,Engage in structured 30-minute low-impact daily walks. Weigh meal portions accurately and avoid high-calorie table scraps.
Dog,German Shepherd,7.3,42.0,Joint Issues / Arthritis,Low,Senior Mobility & Joint Care (Glucosamine & Omega-3),Purina Pro Plan Veterinary Diets JM Joint Mobility,Gentle In-Home Senior Care & Medication Supervision,"Provide orthopedic bedding, avoid stairs or sudden jumping, and supplement with EPA/DHA fatty acids for joint lubrication."
Cat,Domestic Shorthair,10.6,3.4,Healthy,Low,Senior Mobility & Joint Care (Glucosamine & Omega-3),Purina Pro Plan Veterinary Diets JM Joint Mobility,Gentle In-Home Senior Care & Medication Supervision,"Maintain regular biannual health checkups, brush teeth weekly, and ensure fresh hydration throughout the day."
Dog,German Shepherd,1.3,30.1,Joint Issues / Arthritis,Low,Senior Mobility & Joint Care (Glucosamine & Omega-3),Purina Pro Plan Veterinary Diets JM Joint Mobility,Gentle In-Home Senior Care & Medication Supervision,"Provide orthopedic bedding, avoid stairs or sudden jumping, and supplement with EPA/DHA fatty acids for joint lubrication."
Cat,Siamese Cat,15.3,4.1,Healthy,Moderate,Senior Mobility & Joint Care (Glucosamine & Omega-3),Purina Pro Plan Veterinary Diets JM Joint Mobility,Gentle In-Home Senior Care & Medication Supervision,"Maintain regular biannual health checkups, brush teeth weekly, and ensure fresh hydration throughout the day."
Cat,British Shorthair,2.4,1.7,Healthy,High,Active Performance & Muscle Fuel (30/20 High Energy),Orijen Amazing Grains High-Protein Energy Feast,High-Energy Active Adventure & Agility Exercise,Needs at least 60-90 minutes of vigorous daily exercise and puzzle toys to prevent boredom and anxiety.
Dog,Labrador Retriever,6.7,44.1,Sensitive Stomach / Allergies,Very High,Hypoallergenic Single-Source Protein & Grain-Free,Farmina N&D Ocean Grain-Free Hypoallergenic Formula,High-Energy Active Adventure & Agility Exercise,Needs at least 60-90 minutes of vigorous daily exercise and puzzle toys to prevent boredom and anxiety.
Cat,Domestic Shorthair,17.9,3.6,Sensitive Stomach / Allergies,Moderate,Senior Mobility & Joint Care (Glucosamine & Omega-3),Purina Pro Plan Veterinary Diets JM Joint Mobility,Gentle In-Home Senior Care & Medication Supervision,"Maintain regular biannual health checkups, brush teeth weekly, and ensure fresh hydration throughout the day."
Cat,Domestic Shorthair,5.6,4.7,Healthy,Moderate,Daily Complete Balanced Adult Maintenance,Blue Buffalo Life Protection Natural Adult Blend,Standard Boarding & Daily Enrichment Walking,"Maintain regular biannual health checkups, brush teeth weekly, and ensure fresh hydration throughout the day."
Dog,French Bulldog,8.8,12.4,Underweight,Moderate,Senior Mobility & Joint Care (Glucosamine & Omega-3),Purina Pro Plan Veterinary Diets JM Joint Mobility,Standard Boarding & Daily Enrichment Walking,"Maintain regular biannual health checkups, brush teeth weekly, and ensure fresh hydration throughout the day."
Dog,Labrador Retriever,2.0,30.8,Underweight,Low,Daily Complete Balanced Adult Maintenance,Blue Buffalo Life Protection Natural Adult Blend,Standard Boarding & Daily Enrichment Walking,"Maintain regular biannual health checkups, brush teeth weekly, and ensure fresh hydration throughout the day."
Cat,British Shorthair,10.7,6.5,Healthy,Low,Senior Mobility & Joint Care (Glucosamine & Omega-3),Purina Pro Plan Veterinary Diets JM Joint Mobility,Gentle In-Home Senior Care & Medication Supervision,"Maintain regular biannual health checkups, brush teeth weekly, and ensure fresh hydration throughout the day."
Dog,Labrador Retriever,11.7,38.2,Healthy,Moderate,Senior Mobility & Joint Care (Glucosamine & Omega-3),Purina Pro Plan Veterinary Diets JM Joint Mobility,Gentle In-Home Senior Care & Medication Supervision,"Maintain regular biannual health checkups, brush teeth weekly, and ensure fresh hydration throughout the day."
Dog,Poodle,9.1,9.4,Healthy,Moderate,Senior Mobility & Joint Care (Glucosamine & Omega-3),Purina Pro Plan Veterinary Diets JM Joint Mobility,Standard Boarding & Daily Enrichment Walking,"Maintain regular biannual health checkups, brush teeth weekly, and ensure fresh hydration throughout the day."
Dog,Poodle,6.2,22.3,Sensitive Stomach / Allergies,Moderate,Hypoallergenic Single-Source Protein & Grain-Free,Farmina N&D Ocean Grain-Free Hypoallergenic Formula,Specialized Medical Monitoring & Controlled Diet Feeding,"Maintain regular biannual health checkups, brush teeth weekly, and ensure fresh hydration throughout the day."
Dog,Poodle,11.4,15.8,Healthy,Moderate,Senior Mobility & Joint Care (Glucosamine & Omega-3),Purina Pro Plan Veterinary Diets JM Joint Mobility,Gentle In-Home Senior Care & Medication Supervision,"Maintain regular biannual health checkups, brush teeth weekly, and ensure fresh hydration throughout the day."
Dog,Rottweiler,10.1,33.8,Underweight,Low,Senior Mobility & Joint Care (Glucosamine & Omega-3),Purina Pro Plan Veterinary Diets JM Joint Mobility,Gentle In-Home Senior Care & Medication Supervision,"Maintain regular biannual health checkups, brush teeth weekly, and ensure fresh hydration throughout the day."
Dog,Beagle,12.7,13.6,Healthy,Moderate,Senior Mobility & Joint Care (Glucosamine & Omega-3),Purina Pro Plan Veterinary Diets JM Joint Mobility,Gentle In-Home Senior Care & Medication Supervision,"Maintain regular biannual health checkups, brush teeth weekly, and ensure fresh hydration throughout the day."
Cat,Persian Cat,14.8,5.7,Healthy,Low,Senior Mobility & Joint Care (Glucosamine & Omega-3),Purina Pro Plan Veterinary Diets JM Joint Mobility,Gentle In-Home Senior Care & Medication Supervision,"Maintain regular biannual health checkups, brush teeth weekly, and ensure fresh hydration throughout the day."
Dog,Beagle,6.9,13.4,Healthy,High,Active Performance & Muscle Fuel (30/20 High Energy),Orijen Amazing Grains High-Protein Energy Feast,High-Energy Active Adventure & Agility Exercise,Needs at least 60-90 minutes of vigorous daily exercise and puzzle toys to prevent boredom and anxiety.
Dog,Labrador Retriever,2.9,38.0,Sensitive Stomach / Allergies,High,Hypoallergenic Single-Source Protein & Grain-Free,Farmina N&D Ocean Grain-Free Hypoallergenic Formula,High-Energy Active Adventure & Agility Exercise,Needs at least 60-90 minutes of vigorous daily exercise and puzzle toys to prevent boredom and anxiety.
Cat,Maine Coon,4.4,9.1,Post-Surgery Recovery,Very High,Active Performance & Muscle Fuel (30/20 High Energy),Orijen Amazing Grains High-Protein Energy Feast,High-Energy Active Adventure & Agility Exercise,Needs at least 60-90 minutes of vigorous daily exercise and puzzle toys to prevent boredom and anxiety.
Dog,Golden Retriever,0.4,10.0,Overweight,Low,Growth & Development (High Protein & DHA),Royal Canin Puppy / Kitten Starter Nutrition,Puppy / Kitten Care & Socialization Routine,Feed 3-4 small portioned meals daily. Complete vaccination schedule and prioritize positive-reinforcement socialization for Golden Retriever.
Dog,Poodle,3.2,16.7,Overweight,Low,Weight Management (Low Calorie & High Satiety Fiber),Hill's Science Diet Perfect Weight Formula,Standard Boarding & Daily Enrichment Walking,Engage in structured 30-minute low-impact daily walks. Weigh meal portions accurately and avoid high-calorie table scraps.
Dog,Labrador Retriever,12.8,28.3,Healthy,Low,Senior Mobility & Joint Care (Glucosamine & Omega-3),Purina Pro Plan Veterinary Diets JM Joint Mobility,Gentle In-Home Senior Care & Medication Supervision,"Maintain regular biannual health checkups, brush teeth weekly, and ensure fresh hydration throughout the day."
Dog,Beagle,11.6,15.0,Post-Surgery Recovery,Low,Senior Mobility & Joint Care (Glucosamine & Omega-3),Purina Pro Plan Veterinary Diets JM Joint Mobility,Gentle In-Home Senior Care & Medication Supervision,"Maintain regular biannual health checkups, brush teeth weekly, and ensure fresh hydration throughout the day."
Dog,Rottweiler,2.3,40.2,Healthy,Moderate,Daily Complete Balanced Adult Maintenance,Blue Buffalo Life Protection Natural Adult Blend,Standard Boarding & Daily Enrichment Walking,"Maintain regular biannual health checkups, brush teeth weekly, and ensure fresh hydration throughout the day."
Dog,Rottweiler,9.9,26.1,Healthy,High,Senior Mobility & Joint Care (Glucosamine & Omega-3),Purina Pro Plan Veterinary Diets JM Joint Mobility,High-Energy Active Adventure & Agility Exercise,Needs at least 60-90 minutes of vigorous daily exercise and puzzle toys to prevent boredom and anxiety.
Dog,Poodle,8.5,17.7,Post-Surgery Recovery,Moderate,Senior Mobility & Joint Care (Glucosamine & Omega-3),Purina Pro Plan Veterinary Diets JM Joint Mobility,Specialized Medical Monitoring & Controlled Diet Feeding,"Maintain regular biannual health checkups, brush teeth weekly, and ensure fresh hydration throughout the day."
Cat,Bengal Cat,14.0,2.5,Healthy,Low,Senior Mobility & Joint Care (Glucosamine & Omega-3),Purina Pro Plan Veterinary Diets JM Joint Mobility,Gentle In-Home Senior Care & Medication Supervision,"Maintain regular biannual health checkups, brush teeth weekly, and ensure fresh hydration throughout the day."
Dog,Poodle,2.8,23.9,Healthy,Low,Daily Complete Balanced Adult Maintenance,Blue Buffalo Life Protection Natural Adult Blend,Standard Boarding & Daily Enrichment Walking,"Maintain regular biannual health checkups, brush teeth weekly, and ensure fresh hydration throughout the day."
Cat,Persian Cat,12.2,4.8,Post-Surgery Recovery,Low,Senior Mobility & Joint Care (Glucosamine & Omega-3),Purina Pro Plan Veterinary Diets JM Joint Mobility,Gentle In-Home Senior Care & Medication Supervision,"Maintain regular biannual health checkups, brush teeth weekly, and ensure fresh hydration throughout the day."
Dog,Siberian Husky,3.4,35.9,Healthy,High,Active Performance & Muscle Fuel (30/20 High Energy),Orijen Amazing Grains High-Protein Energy Feast,High-Energy Active Adventure & Agility Exercise,Needs at least 60-90 minutes of vigorous daily exercise and puzzle toys to prevent boredom and anxiety.
Cat,Siamese Cat,7.6,6.8,Healthy,High,Active Performance & Muscle Fuel (30/20 High Energy),Orijen Amazing Grains High-Protein Energy Feast,High-Energy Active Adventure & Agility Exercise,Needs at least 60-90 minutes of vigorous daily exercise and puzzle toys to prevent boredom and anxiety.
Dog,Golden Retriever,6.6,40.1,Healthy,Moderate,Daily Complete Balanced Adult Maintenance,Blue Buffalo Life Protection Natural Adult Blend,Standard Boarding & Daily Enrichment Walking,"Maintain regular biannual health checkups, brush teeth weekly, and ensure fresh hydration throughout the day."
Dog,Poodle,13.7,11.5,Dental Issues,Low,Senior Mobility & Joint Care (Glucosamine & Omega-3),Purina Pro Plan Veterinary Diets JM Joint Mobility,Gentle In-Home Senior Care & Medication Supervision,"Maintain regular biannual health checkups, brush teeth weekly, and ensure fresh hydration throughout the day."
Cat,Domestic Shorthair,12.3,3.8,Joint Issues / Arthritis,Low,Senior Mobility & Joint Care (Glucosamine & Omega-3),Purina Pro Plan Veterinary Diets JM Joint Mobility,Gentle In-Home Senior Care & Medication Supervision,"Provide orthopedic bedding, avoid stairs or sudden jumping, and supplement with EPA/DHA fatty acids for joint lubrication."
Dog,Dachshund,0.4,3.0,Healthy,Very High,Growth & Development (High Protein & DHA),Royal Canin Puppy / Kitten Starter Nutrition,Puppy / Kitten Care & Socialization Routine,Feed 3-4 small portioned meals daily. Complete vaccination schedule and prioritize positive-reinforcement socialization for Dachshund.
Dog,Boxer,9.7,22.7,Overweight,Moderate,Weight Management (Low Calorie & High Satiety Fiber),Hill's Science Diet Perfect Weight Formula,Standard Boarding & Daily Enrichment Walking,Engage in structured 30-minute low-impact daily walks. Weigh meal portions accurately and avoid high-calorie table scraps.
Cat,British Shorthair,11.1,8.9,Dental Issues,Low,Senior Mobility & Joint Care (Glucosamine & Omega-3),Purina Pro Plan Veterinary Diets JM Joint Mobility,Gentle In-Home Senior Care & Medication Supervision,"Maintain regular biannual health checkups, brush teeth weekly, and ensure fresh hydration throughout the day."
Dog,Boxer,7.7,36.6,Joint Issues / Arthritis,Low,Senior Mobility & Joint Care (Glucosamine & Omega-3),Purina Pro Plan Veterinary Diets JM Joint Mobility,Gentle In-Home Senior Care & Medication Supervision,"Provide orthopedic bedding, avoid stairs or sudden jumping, and supplement with EPA/DHA fatty acids for joint lubrication."
Dog,Labrador Retriever,13.0,24.6,Healthy,Low,Senior Mobility & Joint Care (Glucosamine & Omega-3),Purina Pro Plan Veterinary Diets JM Joint Mobility,Gentle In-Home Senior Care & Medication Supervision,"Maintain regular biannual health checkups, brush teeth weekly, and ensure fresh hydration throughout the day."
Dog,Golden Retriever,9.9,38.4,Healthy,Moderate,Senior Mobility & Joint Care (Glucosamine & Omega-3),Purina Pro Plan Veterinary Diets JM Joint Mobility,Standard Boarding & Daily Enrichment Walking,"Maintain regular biannual health checkups, brush teeth weekly, and ensure fresh hydration throughout the day."
Dog,German Shepherd,7.4,38.2,Sensitive Stomach / Allergies,Very High,Hypoallergenic Single-Source Protein & Grain-Free,Farmina N&D Ocean Grain-Free Hypoallergenic Formula,High-Energy Active Adventure & Agility Exercise,Needs at least 60-90 minutes of vigorous daily exercise and puzzle toys to prevent boredom and anxiety.
Dog,Beagle,1.0,12.0,Sensitive Stomach / Allergies,High,Hypoallergenic Single-Source Protein & Grain-Free,Farmina N&D Ocean Grain-Free Hypoallergenic Formula,High-Energy Active Adventure & Agility Exercise,Needs at least 60-90 minutes of vigorous daily exercise and puzzle toys to prevent boredom and anxiety.
Dog,Boxer,14.3,41.7,Overweight,Low,Weight Management (Low Calorie & High Satiety Fiber),Hill's Science Diet Perfect Weight Formula,Gentle In-Home Senior Care & Medication Supervision,Engage in structured 30-minute low-impact daily walks. Weigh meal portions accurately and avoid high-calorie table scraps.
Cat,Siamese Cat,1.4,6.1,Senior Cognitive Decline,Low,Daily Complete Balanced Adult Maintenance,Blue Buffalo Life Protection Natural Adult Blend,Gentle In-Home Senior Care & Medication Supervision,"Maintain regular biannual health checkups, brush teeth weekly, and ensure fresh hydration throughout the day."
Dog,Poodle,8.4,12.2,Sensitive Stomach / Allergies,High,Senior Mobility & Joint Care (Glucosamine & Omega-3),Purina Pro Plan Veterinary Diets JM Joint Mobility,High-Energy Active Adventure & Agility Exercise,Needs at least 60-90 minutes of vigorous daily exercise and puzzle toys to prevent boredom and anxiety.
Cat,Persian Cat,12.4,7.6,Sensitive Stomach / Allergies,Moderate,Senior Mobility & Joint Care (Glucosamine & Omega-3),Purina Pro Plan Veterinary Diets JM Joint Mobility,Gentle In-Home Senior Care & Medication Supervision,"Maintain regular biannual health checkups, brush teeth weekly, and ensure fresh hydration throughout the day."
Dog,Boxer,2.6,31.9,Joint Issues / Arthritis,Low,Senior Mobility & Joint Care (Glucosamine & Omega-3),Purina Pro Plan Veterinary Diets JM Joint Mobility,Gentle In-Home Senior Care & Medication Supervision,"Provide orthopedic bedding, avoid stairs or sudden jumping, and supplement with EPA/DHA fatty acids for joint lubrication."
Dog,Golden Retriever,8.2,24.7,Overweight,Low,Weight Management (Low Calorie & High Satiety Fiber),Hill's Science Diet Perfect Weight Formula,Standard Boarding & Daily Enrichment Walking,Engage in structured 30-minute low-impact daily walks. Weigh meal portions accurately and avoid high-calorie table scraps.
Dog,Beagle,9.9,14.2,Dental Issues,Low,Senior Mobility & Joint Care (Glucosamine & Omega-3),Purina Pro Plan Veterinary Diets JM Joint Mobility,Standard Boarding & Daily Enrichment Walking,"Maintain regular biannual health checkups, brush teeth weekly, and ensure fresh hydration throughout the day."
Dog,Golden Retriever,8.7,37.5,Dental Issues,Moderate,Senior Mobility & Joint Care (Glucosamine & Omega-3),Purina Pro Plan Veterinary Diets JM Joint Mobility,Standard Boarding & Daily Enrichment Walking,"Maintain regular biannual health checkups, brush teeth weekly, and ensure fresh hydration throughout the day."
Dog,Poodle,12.5,15.2,Healthy,Low,Senior Mobility & Joint Care (Glucosamine & Omega-3),Purina Pro Plan Veterinary Diets JM Joint Mobility,Gentle In-Home Senior Care & Medication Supervision,"Maintain regular biannual health checkups, brush teeth weekly, and ensure fresh hydration throughout the day."
Cat,Siamese Cat,1.4,2.6,Healthy,High,Active Performance & Muscle Fuel (30/20 High Energy),Orijen Amazing Grains High-Protein Energy Feast,High-Energy Active Adventure & Agility Exercise,Needs at least 60-90 minutes of vigorous daily exercise and puzzle toys to prevent boredom and anxiety.
Dog,Boxer,3.0,29.1,Underweight,Very High,Active Performance & Muscle Fuel (30/20 High Energy),Orijen Amazing Grains High-Protein Energy Feast,High-Energy Active Adventure & Agility Exercise,Needs at least 60-90 minutes of vigorous daily exercise and puzzle toys to prevent boredom and anxiety.
Dog,Rottweiler,0.4,9.0,Post-Surgery Recovery,Very High,Growth & Development (High Protein & DHA),Royal Canin Puppy / Kitten Starter Nutrition,Puppy / Kitten Care & Socialization Routine,Feed 3-4 small portioned meals daily. Complete vaccination schedule and prioritize positive-reinforcement socialization for Rottweiler.
Dog,Golden Retriever,11.9,32.2,Sensitive Stomach / Allergies,Low,Senior Mobility & Joint Care (Glucosamine & Omega-3),Purina Pro Plan Veterinary Diets JM Joint Mobility,Gentle In-Home Senior Care & Medication Supervision,"Maintain regular biannual health checkups, brush teeth weekly, and ensure fresh hydration throughout the day."
Dog,Labrador Retriever,7.2,29.9,Healthy,High,Active Performance & Muscle Fuel (30/20 High Energy),Orijen Amazing Grains High-Protein Energy Feast,High-Energy Active Adventure & Agility Exercise,Needs at least 60-90 minutes of vigorous daily exercise and puzzle toys to prevent boredom and anxiety.
Cat,Domestic Shorthair,14.1,5.5,Healthy,Low,Senior Mobility & Joint Care (Glucosamine & Omega-3),Purina Pro Plan Veterinary Diets JM Joint Mobility,Gentle In-Home Senior Care & Medication Supervision,"Maintain regular biannual health checkups, brush teeth weekly, and ensure fresh hydration throughout the day."
Cat,Persian Cat,4.1,6.0,Joint Issues / Arthritis,Low,Senior Mobility & Joint Care (Glucosamine & Omega-3),Purina Pro Plan Veterinary Diets JM Joint Mobility,Gentle In-Home Senior Care & Medication Supervision,"Provide orthopedic bedding, avoid stairs or sudden jumping, and supplement with EPA/DHA fatty acids for joint lubrication."
Dog,Poodle,4.3,9.7,Sensitive Stomach / Allergies,Moderate,Hypoallergenic Single-Source Protein & Grain-Free,Farmina N&D Ocean Grain-Free Hypoallergenic Formula,Specialized Medical Monitoring & Controlled Diet Feeding,"Maintain regular biannual health checkups, brush teeth weekly, and ensure fresh hydration throughout the day."
Dog,German Shepherd,3.4,28.2,Healthy,Very High,Active Performance & Muscle Fuel (30/20 High Energy),Orijen Amazing Grains High-Protein Energy Feast,High-Energy Active Adventure & Agility Exercise,Needs at least 60-90 minutes of vigorous daily exercise and puzzle toys to prevent boredom and anxiety.
Cat,Bengal Cat,12.7,4.4,Senior Cognitive Decline,Low,Senior Mobility & Joint Care (Glucosamine & Omega-3),Purina Pro Plan Veterinary Diets JM Joint Mobility,Gentle In-Home Senior Care & Medication Supervision,"Maintain regular biannual health checkups, brush teeth weekly, and ensure fresh hydration throughout the day."
Dog,Siberian Husky,4.8,36.9,Senior Cognitive Decline,Low,Daily Complete Balanced Adult Maintenance,Blue Buffalo Life Protection Natural Adult Blend,Gentle In-Home Senior Care & Medication Supervision,"Maintain regular biannual health checkups, brush teeth weekly, and ensure fresh hydration throughout the day."
Dog,Poodle,3.3,21.2,Post-Surgery Recovery,Low,Daily Complete Balanced Adult Maintenance,Blue Buffalo Life Protection Natural Adult Blend,Specialized Medical Monitoring & Controlled Diet Feeding,"Maintain regular biannual health checkups, brush teeth weekly, and ensure fresh hydration throughout the day."
Dog,Siberian Husky,14.8,36.0,Sensitive Stomach / Allergies,Low,Senior Mobility & Joint Care (Glucosamine & Omega-3),Purina Pro Plan Veterinary Diets JM Joint Mobility,Gentle In-Home Senior Care & Medication Supervision,"Maintain regular biannual health checkups, brush teeth weekly, and ensure fresh hydration throughout the day."
Cat,British Shorthair,15.2,5.3,Healthy,Low,Senior Mobility & Joint Care (Glucosamine & Omega-3),Purina Pro Plan Veterinary Diets JM Joint Mobility,Gentle In-Home Senior Care & Medication Supervision,"Maintain regular biannual health checkups, brush teeth weekly, and ensure fresh hydration throughout the day."
Dog,French Bulldog,9.4,9.3,Joint Issues / Arthritis,Low,Senior Mobility & Joint Care (Glucosamine & Omega-3),Purina Pro Plan Veterinary Diets JM Joint Mobility,Gentle In-Home Senior Care & Medication Supervision,"Provide orthopedic bedding, avoid stairs or sudden jumping, and supplement with EPA/DHA fatty acids for joint lubrication."
Dog,Beagle,8.8,15.2,Healthy,Low,Senior Mobility & Joint Care (Glucosamine & Omega-3),Purina Pro Plan Veterinary Diets JM Joint Mobility,Standard Boarding & Daily Enrichment Walking,"Maintain regular biannual health checkups, brush teeth weekly, and ensure fresh hydration throughout the day."
Dog,French Bulldog,9.4,12.9,Healthy,High,Senior Mobility & Joint Care (Glucosamine & Omega-3),Purina Pro Plan Veterinary Diets JM Joint Mobility,High-Energy Active Adventure & Agility Exercise,Needs at least 60-90 minutes of vigorous daily exercise and puzzle toys to prevent boredom and anxiety.
Dog,Boxer,0.6,15.4,Healthy,Very High,Growth & Development (High Protein & DHA),Royal Canin Puppy / Kitten Starter Nutrition,Puppy / Kitten Care & Socialization Routine,Feed 3-4 small portioned meals daily. Complete vaccination schedule and prioritize positive-reinforcement socialization for Boxer.
Dog,Beagle,9.3,14.1,Underweight,High,Senior Mobility & Joint Care (Glucosamine & Omega-3),Purina Pro Plan Veterinary Diets JM Joint Mobility,High-Energy Active Adventure & Agility Exercise,Needs at least 60-90 minutes of vigorous daily exercise and puzzle toys to prevent boredom and anxiety.
Dog,Golden Retriever,5.9,31.6,Sensitive Stomach / Allergies,High,Hypoallergenic Single-Source Protein & Grain-Free,Farmina N&D Ocean Grain-Free Hypoallergenic Formula,High-Energy Active Adventure & Agility Exercise,Needs at least 60-90 minutes of vigorous daily exercise and puzzle toys to prevent boredom and anxiety.
Cat,Domestic Shorthair,1.4,3.7,Dental Issues,Very High,Active Performance & Muscle Fuel (30/20 High Energy),Orijen Amazing Grains High-Protein Energy Feast,High-Energy Active Adventure & Agility Exercise,Needs at least 60-90 minutes of vigorous daily exercise and puzzle toys to prevent boredom and anxiety.
Dog,German Shepherd,7.7,25.1,Healthy,Very High,Active Performance & Muscle Fuel (30/20 High Energy),Orijen Amazing Grains High-Protein Energy Feast,High-Energy Active Adventure & Agility Exercise,Needs at least 60-90 minutes of vigorous daily exercise and puzzle toys to prevent boredom and anxiety.
Dog,German Shepherd,12.1,42.1,Sensitive Stomach / Allergies,Low,Senior Mobility & Joint Care (Glucosamine & Omega-3),Purina Pro Plan Veterinary Diets JM Joint Mobility,Gentle In-Home Senior Care & Medication Supervision,"Maintain regular biannual health checkups, brush teeth weekly, and ensure fresh hydration throughout the day."
Dog,Boxer,10.4,34.0,Healthy,Low,Senior Mobility & Joint Care (Glucosamine & Omega-3),Purina Pro Plan Veterinary Diets JM Joint Mobility,Gentle In-Home Senior Care & Medication Supervision,"Maintain regular biannual health checkups, brush teeth weekly, and ensure fresh hydration throughout the day."
Dog,Dachshund,9.5,7.1,Overweight,Moderate,Weight Management (Low Calorie & High Satiety Fiber),Hill's Science Diet Perfect Weight Formula,Standard Boarding & Daily Enrichment Walking,Engage in structured 30-minute low-impact daily walks. Weigh meal portions accurately and avoid high-calorie table scraps.
Cat,Persian Cat,5.2,5.0,Healthy,High,Active Performance & Muscle Fuel (30/20 High Energy),Orijen Amazing Grains High-Protein Energy Feast,High-Energy Active Adventure & Agility Exercise,Needs at least 60-90 minutes of vigorous daily exercise and puzzle toys to prevent boredom and anxiety.
Dog,Labrador Retriever,9.1,42.6,Healthy,Low,Senior Mobility & Joint Care (Glucosamine & Omega-3),Purina Pro Plan Veterinary Diets JM Joint Mobility,Standard Boarding & Daily Enrichment Walking,"Maintain regular biannual health checkups, brush teeth weekly, and ensure fresh hydration throughout the day."
Dog,Poodle,4.4,23.6,Healthy,Low,Daily Complete Balanced Adult Maintenance,Blue Buffalo Life Protection Natural Adult Blend,Standard Boarding & Daily Enrichment Walking,"Maintain regular biannual health checkups, brush teeth weekly, and ensure fresh hydration throughout the day."
Dog,Rottweiler,10.9,35.7,Joint Issues / Arthritis,Low,Senior Mobility & Joint Care (Glucosamine & Omega-3),Purina Pro Plan Veterinary Diets JM Joint Mobility,Gentle In-Home Senior Care & Medication Supervision,"Provide orthopedic bedding, avoid stairs or sudden jumping, and supplement with EPA/DHA fatty acids for joint lubrication."
Dog,Rottweiler,7.3,32.4,Healthy,Moderate,Daily Complete Balanced Adult Maintenance,Blue Buffalo Life Protection Natural Adult Blend,Standard Boarding & Daily Enrichment Walking,"Maintain regular biannual health checkups, brush teeth weekly, and ensure fresh hydration throughout the day."
Dog,Beagle,8.2,13.1,Joint Issues / Arthritis,Moderate,Senior Mobility & Joint Care (Glucosamine & Omega-3),Purina Pro Plan Veterinary Diets JM Joint Mobility,Gentle In-Home Senior Care & Medication Supervision,"Provide orthopedic bedding, avoid stairs or sudden jumping, and supplement with EPA/DHA fatty acids for joint lubrication."
Dog,Rottweiler,8.6,40.9,Healthy,Low,Senior Mobility & Joint Care (Glucosamine & Omega-3),Purina Pro Plan Veterinary Diets JM Joint Mobility,Standard Boarding & Daily Enrichment Walking,"Maintain regular biannual health checkups, brush teeth weekly, and ensure fresh hydration throughout the day."
Dog,French Bulldog,2.7,11.9,Senior Cognitive Decline,Low,Daily Complete Balanced Adult Maintenance,Blue Buffalo Life Protection Natural Adult Blend,Gentle In-Home Senior Care & Medication Supervision,"Maintain regular biannual health checkups, brush teeth weekly, and ensure fresh hydration throughout the day."
Dog,Boxer,1.2,43.1,Sensitive Stomach / Allergies,Very High,Hypoallergenic Single-Source Protein & Grain-Free,Farmina N&D Ocean Grain-Free Hypoallergenic Formula,High-Energy Active Adventure & Agility Exercise,Needs at least 60-90 minutes of vigorous daily exercise and puzzle toys to prevent boredom and anxiety.
Dog,Beagle,6.2,16.4,Healthy,Moderate,Daily Complete Balanced Adult Maintenance,Blue Buffalo Life Protection Natural Adult Blend,Standard Boarding & Daily Enrichment Walking,"Maintain regular biannual health checkups, brush teeth weekly, and ensure fresh hydration throughout the day."
Cat,Domestic Shorthair,15.1,5.3,Healthy,Low,Senior Mobility & Joint Care (Glucosamine & Omega-3),Purina Pro Plan Veterinary Diets JM Joint Mobility,Gentle In-Home Senior Care & Medication Supervision,"Maintain regular biannual health checkups, brush teeth weekly, and ensure fresh hydration throughout the day."
Dog,Poodle,5.9,22.8,Joint Issues / Arthritis,Low,Senior Mobility & Joint Care (Glucosamine & Omega-3),Purina Pro Plan Veterinary Diets JM Joint Mobility,Gentle In-Home Senior Care & Medication Supervision,"Provide orthopedic bedding, avoid stairs or sudden jumping, and supplement with EPA/DHA fatty acids for joint lubrication."
Cat,British Shorthair,4.7,7.3,Healthy,Moderate,Daily Complete Balanced Adult Maintenance,Blue Buffalo Life Protection Natural Adult Blend,Standard Boarding & Daily Enrichment Walking,"Maintain regular biannual health checkups, brush teeth weekly, and ensure fresh hydration throughout the day."
Dog,Beagle,12.7,15.1,Healthy,Moderate,Senior Mobility & Joint Care (Glucosamine & Omega-3),Purina Pro Plan Veterinary Diets JM Joint Mobility,Gentle In-Home Senior Care & Medication Supervision,"Maintain regular biannual health checkups, brush teeth weekly, and ensure fresh hydration throughout the day."
Dog,Dachshund,7.9,11.4,Underweight,Low,Daily Complete Balanced Adult Maintenance,Blue Buffalo Life Protection Natural Adult Blend,Standard Boarding & Daily Enrichment Walking,"Maintain regular biannual health checkups, brush teeth weekly, and ensure fresh hydration throughout the day."
Cat,Siamese Cat,5.3,4.1,Joint Issues / Arthritis,Low,Senior Mobility & Joint Care (Glucosamine & Omega-3),Purina Pro Plan Veterinary Diets JM Joint Mobility,Gentle In-Home Senior Care & Medication Supervision,"Provide orthopedic bedding, avoid stairs or sudden jumping, and supplement with EPA/DHA fatty acids for joint lubrication."
Dog,German Shepherd,13.2,27.6,Overweight,Low,Weight Management (Low Calorie & High Satiety Fiber),Hill's Science Diet Perfect Weight Formula,Gentle In-Home Senior Care & Medication Supervision,Engage in structured 30-minute low-impact daily walks. Weigh meal portions accurately and avoid high-calorie table scraps.
Dog,Siberian Husky,10.0,31.6,Healthy,High,Senior Mobility & Joint Care (Glucosamine & Omega-3),Purina Pro Plan Veterinary Diets JM Joint Mobility,High-Energy Active Adventure & Agility Exercise,Needs at least 60-90 minutes of vigorous daily exercise and puzzle toys to prevent boredom and anxiety.
Cat,Siamese Cat,15.1,4.0,Healthy,Low,Senior Mobility & Joint Care (Glucosamine & Omega-3),Purina Pro Plan Veterinary Diets JM Joint Mobility,Gentle In-Home Senior Care & Medication Supervision,"Maintain regular biannual health checkups, brush teeth weekly, and ensure fresh hydration throughout the day."
Dog,French Bulldog,12.2,15.6,Healthy,Low,Senior Mobility & Joint Care (Glucosamine & Omega-3),Purina Pro Plan Veterinary Diets JM Joint Mobility,Gentle In-Home Senior Care & Medication Supervision,"Maintain regular biannual health checkups, brush teeth weekly, and ensure fresh hydration throughout the day."
Dog,Siberian Husky,2.8,27.5,Healthy,Very High,Active Performance & Muscle Fuel (30/20 High Energy),Orijen Amazing Grains High-Protein Energy Feast,High-Energy Active Adventure & Agility Exercise,Needs at least 60-90 minutes of vigorous daily exercise and puzzle toys to prevent boredom and anxiety.
Cat,Maine Coon,0.4,1.6,Overweight,Moderate,Growth & Development (High Protein & DHA),Royal Canin Puppy / Kitten Starter Nutrition,Puppy / Kitten Care & Socialization Routine,Feed 3-4 small portioned meals daily. Complete vaccination schedule and prioritize positive-reinforcement socialization for Maine Coon.
Dog,Dachshund,7.9,4.7,Healthy,Low,Daily Complete Balanced Adult Maintenance,Blue Buffalo Life Protection Natural Adult Blend,Standard Boarding & Daily Enrichment Walking,"Maintain regular biannual health checkups, brush teeth weekly, and ensure fresh hydration throughout the day."
Cat,Persian Cat,3.4,4.5,Sensitive Stomach / Allergies,Moderate,Hypoallergenic Single-Source Protein & Grain-Free,Farmina N&D Ocean Grain-Free Hypoallergenic Formula,Specialized Medical Monitoring & Controlled Diet Feeding,"Maintain regular biannual health checkups, brush teeth weekly, and ensure fresh hydration throughout the day."
Cat,Siamese Cat,6.1,4.6,Healthy,Moderate,Daily Complete Balanced Adult Maintenance,Blue Buffalo Life Protection Natural Adult Blend,Standard Boarding & Daily Enrichment Walking,"Maintain regular biannual health checkups, brush teeth weekly, and ensure fresh hydration throughout the day."
Cat,Maine Coon,11.4,9.7,Healthy,Moderate,Senior Mobility & Joint Care (Glucosamine & Omega-3),Purina Pro Plan Veterinary Diets JM Joint Mobility,Gentle In-Home Senior Care & Medication Supervision,"Maintain regular biannual health checkups, brush teeth weekly, and ensure fresh hydration throughout the day."
Dog,Poodle,5.8,14.5,Healthy,Very High,Active Performance & Muscle Fuel (30/20 High Energy),Orijen Amazing Grains High-Protein Energy Feast,High-Energy Active Adventure & Agility Exercise,Needs at least 60-90 minutes of vigorous daily exercise and puzzle toys to prevent boredom and anxiety.
Cat,British Shorthair,2.9,4.6,Healthy,Low,Daily Complete Balanced Adult Maintenance,Blue Buffalo Life Protection Natural Adult Blend,Standard Boarding & Daily Enrichment Walking,"Maintain regular biannual health checkups, brush teeth weekly, and ensure fresh hydration throughout the day."
Dog,Labrador Retriever,0.8,23.3,Overweight,Low,Growth & Development (High Protein & DHA),Royal Canin Puppy / Kitten Starter Nutrition,Puppy / Kitten Care & Socialization Routine,Feed 3-4 small portioned meals daily. Complete vaccination schedule and prioritize positive-reinforcement socialization for Labrador Retriever.
Dog,Labrador Retriever,2.7,34.5,Healthy,High,Active Performance & Muscle Fuel (30/20 High Energy),Orijen Amazing Grains High-Protein Energy Feast,High-Energy Active Adventure & Agility Exercise,Needs at least 60-90 minutes of vigorous daily exercise and puzzle toys to prevent boredom and anxiety.
Dog,Siberian Husky,5.8,27.0,Overweight,Moderate,Weight Management (Low Calorie & High Satiety Fiber),Hill's Science Diet Perfect Weight Formula,Standard Boarding & Daily Enrichment Walking,Engage in structured 30-minute low-impact daily walks. Weigh meal portions accurately and avoid high-calorie table scraps.
Cat,Domestic Shorthair,14.9,3.4,Overweight,Low,Weight Management (Low Calorie & High Satiety Fiber),Hill's Science Diet Perfect Weight Formula,Gentle In-Home Senior Care & Medication Supervision,Engage in structured 30-minute low-impact daily walks. Weigh meal portions accurately and avoid high-calorie table scraps.
Dog,Golden Retriever,1.8,30.5,Post-Surgery Recovery,High,Active Performance & Muscle Fuel (30/20 High Energy),Orijen Amazing Grains High-Protein Energy Feast,High-Energy Active Adventure & Agility Exercise,Needs at least 60-90 minutes of vigorous daily exercise and puzzle toys to prevent boredom and anxiety.
Cat,Bengal Cat,7.9,3.5,Overweight,Low,Weight Management (Low Calorie & High Satiety Fiber),Hill's Science Diet Perfect Weight Formula,Standard Boarding & Daily Enrichment Walking,Engage in structured 30-minute low-impact daily walks. Weigh meal portions accurately and avoid high-calorie table scraps.
Dog,Rottweiler,15.0,27.1,Sensitive Stomach / Allergies,Low,Senior Mobility & Joint Care (Glucosamine & Omega-3),Purina Pro Plan Veterinary Diets JM Joint Mobility,Gentle In-Home Senior Care & Medication Supervision,"Maintain regular biannual health checkups, brush teeth weekly, and ensure fresh hydration throughout the day."
Dog,German Shepherd,5.8,29.9,Joint Issues / Arthritis,Moderate,Senior Mobility & Joint Care (Glucosamine & Omega-3),Purina Pro Plan Veterinary Diets JM Joint Mobility,Gentle In-Home Senior Care & Medication Supervision,"Provide orthopedic bedding, avoid stairs or sudden jumping, and supplement with EPA/DHA fatty acids for joint lubrication."
Dog,German Shepherd,7.0,31.7,Sensitive Stomach / Allergies,Very High,Hypoallergenic Single-Source Protein & Grain-Free,Farmina N&D Ocean Grain-Free Hypoallergenic Formula,High-Energy Active Adventure & Agility Exercise,Needs at least 60-90 minutes of vigorous daily exercise and puzzle toys to prevent boredom and anxiety.
Cat,Persian Cat,17.2,3.9,Overweight,Low,Weight Management (Low Calorie & High Satiety Fiber),Hill's Science Diet Perfect Weight Formula,Gentle In-Home Senior Care & Medication Supervision,Engage in structured 30-minute low-impact daily walks. Weigh meal portions accurately and avoid high-calorie table scraps.
Cat,Bengal Cat,2.5,3.9,Overweight,Low,Weight Management (Low Calorie & High Satiety Fiber),Hill's Science Diet Perfect Weight Formula,Standard Boarding & Daily Enrichment Walking,Engage in structured 30-minute low-impact daily walks. Weigh meal portions accurately and avoid high-calorie table scraps.
Dog,Labrador Retriever,3.5,31.5,Overweight,Low,Weight Management (Low Calorie & High Satiety Fiber),Hill's Science Diet Perfect Weight Formula,Standard Boarding & Daily Enrichment Walking,Engage in structured 30-minute low-impact daily walks. Weigh meal portions accurately and avoid high-calorie table scraps.
Dog,Beagle,6.2,14.8,Sensitive Stomach / Allergies,Moderate,Hypoallergenic Single-Source Protein & Grain-Free,Farmina N&D Ocean Grain-Free Hypoallergenic Formula,Specialized Medical Monitoring & Controlled Diet Feeding,"Maintain regular biannual health checkups, brush teeth weekly, and ensure fresh hydration throughout the day."
Dog,Rottweiler,5.8,26.3,Healthy,Moderate,Daily Complete Balanced Adult Maintenance,Blue Buffalo Life Protection Natural Adult Blend,Standard Boarding & Daily Enrichment Walking,"Maintain regular biannual health checkups, brush teeth weekly, and ensure fresh hydration throughout the day."
Cat,Siamese Cat,3.9,7.7,Overweight,Low,Weight Management (Low Calorie & High Satiety Fiber),Hill's Science Diet Perfect Weight Formula,Standard Boarding & Daily Enrichment Walking,Engage in structured 30-minute low-impact daily walks. Weigh meal portions accurately and avoid high-calorie table scraps.
Dog,Dachshund,4.2,6.8,Healthy,Low,Daily Complete Balanced Adult Maintenance,Blue Buffalo Life Protection Natural Adult Blend,Standard Boarding & Daily Enrichment Walking,"Maintain regular biannual health checkups, brush teeth weekly, and ensure fresh hydration throughout the day."
Dog,Golden Retriever,2.8,41.4,Healthy,Moderate,Daily Complete Balanced Adult Maintenance,Blue Buffalo Life Protection Natural Adult Blend,Standard Boarding & Daily Enrichment Walking,"Maintain regular biannual health checkups, brush teeth weekly, and ensure fresh hydration throughout the day."
Cat,Bengal Cat,0.5,2.1,Healthy,High,Growth & Development (High Protein & DHA),Royal Canin Puppy / Kitten Starter Nutrition,Puppy / Kitten Care & Socialization Routine,Feed 3-4 small portioned meals daily. Complete vaccination schedule and prioritize positive-reinforcement socialization for Bengal Cat.
Cat,Bengal Cat,5.3,8.1,Overweight,Low,Weight Management (Low Calorie & High Satiety Fiber),Hill's Science Diet Perfect Weight Formula,Standard Boarding & Daily Enrichment Walking,Engage in structured 30-minute low-impact daily walks. Weigh meal portions accurately and avoid high-calorie table scraps.
Dog,Rottweiler,14.9,26.6,Overweight,Low,Weight Management (Low Calorie & High Satiety Fiber),Hill's Science Diet Perfect Weight Formula,Gentle In-Home Senior Care & Medication Supervision,Engage in structured 30-minute low-impact daily walks. Weigh meal portions accurately and avoid high-calorie table scraps.
Dog,Poodle,14.1,19.5,Joint Issues / Arthritis,Moderate,Senior Mobility & Joint Care (Glucosamine & Omega-3),Purina Pro Plan Veterinary Diets JM Joint Mobility,Gentle In-Home Senior Care & Medication Supervision,"Provide orthopedic bedding, avoid stairs or sudden jumping, and supplement with EPA/DHA fatty acids for joint lubrication."
Dog,Beagle,6.2,7.7,Healthy,Moderate,Daily Complete Balanced Adult Maintenance,Blue Buffalo Life Protection Natural Adult Blend,Standard Boarding & Daily Enrichment Walking,"Maintain regular biannual health checkups, brush teeth weekly, and ensure fresh hydration throughout the day."
Cat,Bengal Cat,6.3,6.9,Overweight,Low,Weight Management (Low Calorie & High Satiety Fiber),Hill's Science Diet Perfect Weight Formula,Standard Boarding & Daily Enrichment Walking,Engage in structured 30-minute low-impact daily walks. Weigh meal portions accurately and avoid high-calorie table scraps.
Dog,Poodle,4.5,16.2,Joint Issues / Arthritis,Low,Senior Mobility & Joint Care (Glucosamine & Omega-3),Purina Pro Plan Veterinary Diets JM Joint Mobility,Gentle In-Home Senior Care & Medication Supervision,"Provide orthopedic bedding, avoid stairs or sudden jumping, and supplement with EPA/DHA fatty acids for joint lubrication."
Dog,French Bulldog,10.5,12.0,Underweight,Low,Senior Mobility & Joint Care (Glucosamine & Omega-3),Purina Pro Plan Veterinary Diets JM Joint Mobility,Gentle In-Home Senior Care & Medication Supervision,"Maintain regular biannual health checkups, brush teeth weekly, and ensure fresh hydration throughout the day."
Dog,Labrador Retriever,6.5,39.0,Sensitive Stomach / Allergies,Moderate,Hypoallergenic Single-Source Protein & Grain-Free,Farmina N&D Ocean Grain-Free Hypoallergenic Formula,Specialized Medical Monitoring & Controlled Diet Feeding,"Maintain regular biannual health checkups, brush teeth weekly, and ensure fresh hydration throughout the day."
Cat,British Shorthair,0.8,3.3,Healthy,High,Growth & Development (High Protein & DHA),Royal Canin Puppy / Kitten Starter Nutrition,Puppy / Kitten Care & Socialization Routine,Feed 3-4 small portioned meals daily. Complete vaccination schedule and prioritize positive-reinforcement socialization for British Shorthair.
Dog,German Shepherd,14.6,42.4,Healthy,Moderate,Senior Mobility & Joint Care (Glucosamine & Omega-3),Purina Pro Plan Veterinary Diets JM Joint Mobility,Gentle In-Home Senior Care & Medication Supervision,"Maintain regular biannual health checkups, brush teeth weekly, and ensure fresh hydration throughout the day."
Dog,French Bulldog,14.7,12.3,Healthy,Low,Senior Mobility & Joint Care (Glucosamine & Omega-3),Purina Pro Plan Veterinary Diets JM Joint Mobility,Gentle In-Home Senior Care & Medication Supervision,"Maintain regular biannual health checkups, brush teeth weekly, and ensure fresh hydration throughout the day."
Cat,Siamese Cat,3.3,3.4,Sensitive Stomach / Allergies,Low,Hypoallergenic Single-Source Protein & Grain-Free,Farmina N&D Ocean Grain-Free Hypoallergenic Formula,Specialized Medical Monitoring & Controlled Diet Feeding,"Maintain regular biannual health checkups, brush teeth weekly, and ensure fresh hydration throughout the day."
Dog,Golden Retriever,0.4,8.8,Healthy,Very High,Growth & Development (High Protein & DHA),Royal Canin Puppy / Kitten Starter Nutrition,Puppy / Kitten Care & Socialization Routine,Feed 3-4 small portioned meals daily. Complete vaccination schedule and prioritize positive-reinforcement socialization for Golden Retriever.
Dog,German Shepherd,13.8,39.5,Healthy,Moderate,Senior Mobility & Joint Care (Glucosamine & Omega-3),Purina Pro Plan Veterinary Diets JM Joint Mobility,Gentle In-Home Senior Care & Medication Supervision,"Maintain regular biannual health checkups, brush teeth weekly, and ensure fresh hydration throughout the day."
Dog,Rottweiler,14.6,25.1,Healthy,Low,Senior Mobility & Joint Care (Glucosamine & Omega-3),Purina Pro Plan Veterinary Diets JM Joint Mobility,Gentle In-Home Senior Care & Medication Supervision,"Maintain regular biannual health checkups, brush teeth weekly, and ensure fresh hydration throughout the day."
Cat,Maine Coon,17.4,5.2,Overweight,Low,Weight Management (Low Calorie & High Satiety Fiber),Hill's Science Diet Perfect Weight Formula,Gentle In-Home Senior Care & Medication Supervision,Engage in structured 30-minute low-impact daily walks. Weigh meal portions accurately and avoid high-calorie table scraps.
Cat,British Shorthair,0.9,2.6,Joint Issues / Arthritis,Moderate,Growth & Development (High Protein & DHA),Royal Canin Puppy / Kitten Starter Nutrition,Puppy / Kitten Care & Socialization Routine,Feed 3-4 small portioned meals daily. Complete vaccination schedule and prioritize positive-reinforcement socialization for British Shorthair.
Dog,Beagle,14.7,15.4,Dental Issues,Low,Senior Mobility & Joint Care (Glucosamine & Omega-3),Purina Pro Plan Veterinary Diets JM Joint Mobility,Gentle In-Home Senior Care & Medication Supervision,"Maintain regular biannual health checkups, brush teeth weekly, and ensure fresh hydration throughout the day."
Dog,Poodle,6.7,13.0,Healthy,High,Active Performance & Muscle Fuel (30/20 High Energy),Orijen Amazing Grains High-Protein Energy Feast,High-Energy Active Adventure & Agility Exercise,Needs at least 60-90 minutes of vigorous daily exercise and puzzle toys to prevent boredom and anxiety.
Dog,Poodle,4.7,11.1,Joint Issues / Arthritis,Low,Senior Mobility & Joint Care (Glucosamine & Omega-3),Purina Pro Plan Veterinary Diets JM Joint Mobility,Gentle In-Home Senior Care & Medication Supervision,"Provide orthopedic bedding, avoid stairs or sudden jumping, and supplement with EPA/DHA fatty acids for joint lubrication."
Cat,Persian Cat,10.0,7.8,Healthy,Moderate,Senior Mobility & Joint Care (Glucosamine & Omega-3),Purina Pro Plan Veterinary Diets JM Joint Mobility,Standard Boarding & Daily Enrichment Walking,"Maintain regular biannual health checkups, brush teeth weekly, and ensure fresh hydration throughout the day."
Cat,Persian Cat,3.4,7.9,Overweight,Moderate,Weight Management (Low Calorie & High Satiety Fiber),Hill's Science Diet Perfect Weight Formula,Standard Boarding & Daily Enrichment Walking,Engage in structured 30-minute low-impact daily walks. Weigh meal portions accurately and avoid high-calorie table scraps.
Dog,German Shepherd,8.8,23.8,Healthy,High,Senior Mobility & Joint Care (Glucosamine & Omega-3),Purina Pro Plan Veterinary Diets JM Joint Mobility,High-Energy Active Adventure & Agility Exercise,Needs at least 60-90 minutes of vigorous daily exercise and puzzle toys to prevent boredom and anxiety.
Cat,Persian Cat,7.7,2.4,Joint Issues / Arthritis,Moderate,Senior Mobility & Joint Care (Glucosamine & Omega-3),Purina Pro Plan Veterinary Diets JM Joint Mobility,Gentle In-Home Senior Care & Medication Supervision,"Provide orthopedic bedding, avoid stairs or sudden jumping, and supplement with EPA/DHA fatty acids for joint lubrication."
Dog,Poodle,8.5,23.8,Healthy,High,Senior Mobility & Joint Care (Glucosamine & Omega-3),Purina Pro Plan Veterinary Diets JM Joint Mobility,High-Energy Active Adventure & Agility Exercise,Needs at least 60-90 minutes of vigorous daily exercise and puzzle toys to prevent boredom and anxiety.
Dog,Golden Retriever,14.3,36.6,Joint Issues / Arthritis,Moderate,Senior Mobility & Joint Care (Glucosamine & Omega-3),Purina Pro Plan Veterinary Diets JM Joint Mobility,Gentle In-Home Senior Care & Medication Supervision,"Provide orthopedic bedding, avoid stairs or sudden jumping, and supplement with EPA/DHA fatty acids for joint lubrication."
Cat,Bengal Cat,3.7,8.4,Healthy,Very High,Active Performance & Muscle Fuel (30/20 High Energy),Orijen Amazing Grains High-Protein Energy Feast,High-Energy Active Adventure & Agility Exercise,Needs at least 60-90 minutes of vigorous daily exercise and puzzle toys to prevent boredom and anxiety.
Dog,Golden Retriever,14.5,35.9,Healthy,Low,Senior Mobility & Joint Care (Glucosamine & Omega-3),Purina Pro Plan Veterinary Diets JM Joint Mobility,Gentle In-Home Senior Care & Medication Supervision,"Maintain regular biannual health checkups, brush teeth weekly, and ensure fresh hydration throughout the day."
Dog,German Shepherd,13.6,40.8,Healthy,Low,Senior Mobility & Joint Care (Glucosamine & Omega-3),Purina Pro Plan Veterinary Diets JM Joint Mobility,Gentle In-Home Senior Care & Medication Supervision,"Maintain regular biannual health checkups, brush teeth weekly, and ensure fresh hydration throughout the day."
Dog,Beagle,6.6,16.6,Healthy,Moderate,Daily Complete Balanced Adult Maintenance,Blue Buffalo Life Protection Natural Adult Blend,Standard Boarding & Daily Enrichment Walking,"Maintain regular biannual health checkups, brush teeth weekly, and ensure fresh hydration throughout the day."
Cat,Domestic Shorthair,16.4,5.3,Healthy,Low,Senior Mobility & Joint Care (Glucosamine & Omega-3),Purina Pro Plan Veterinary Diets JM Joint Mobility,Gentle In-Home Senior Care & Medication Supervision,"Maintain regular biannual health checkups, brush teeth weekly, and ensure fresh hydration throughout the day."
Dog,Boxer,7.3,37.4,Healthy,Very High,Active Performance & Muscle Fuel (30/20 High Energy),Orijen Amazing Grains High-Protein Energy Feast,High-Energy Active Adventure & Agility Exercise,Needs at least 60-90 minutes of vigorous daily exercise and puzzle toys to prevent boredom and anxiety.
Cat,Siamese Cat,12.6,6.7,Healthy,Low,Senior Mobility & Joint Care (Glucosamine & Omega-3),Purina Pro Plan Veterinary Diets JM Joint Mobility,Gentle In-Home Senior Care & Medication Supervision,"Maintain regular biannual health checkups, brush teeth weekly, and ensure fresh hydration throughout the day."
Cat,Bengal Cat,3.9,4.3,Underweight,Very High,Active Performance & Muscle Fuel (30/20 High Energy),Orijen Amazing Grains High-Protein Energy Feast,High-Energy Active Adventure & Agility Exercise,Needs at least 60-90 minutes of vigorous daily exercise and puzzle toys to prevent boredom and anxiety.
Cat,Domestic Shorthair,12.3,6.3,Healthy,Low,Senior Mobility & Joint Care (Glucosamine & Omega-3),Purina Pro Plan Veterinary Diets JM Joint Mobility,Gentle In-Home Senior Care & Medication Supervision,"Maintain regular biannual health checkups, brush teeth weekly, and ensure fresh hydration throughout the day."
Dog,Poodle,5.9,6.2,Joint Issues / Arthritis,Moderate,Senior Mobility & Joint Care (Glucosamine & Omega-3),Purina Pro Plan Veterinary Diets JM Joint Mobility,Gentle In-Home Senior Care & Medication Supervision,"Provide orthopedic bedding, avoid stairs or sudden jumping, and supplement with EPA/DHA fatty acids for joint lubrication."
Dog,Siberian Husky,10.2,42.6,Healthy,Low,Senior Mobility & Joint Care (Glucosamine & Omega-3),Purina Pro Plan Veterinary Diets JM Joint Mobility,Gentle In-Home Senior Care & Medication Supervision,"Maintain regular biannual health checkups, brush teeth weekly, and ensure fresh hydration throughout the day."
Dog,Poodle,1.2,7.9,Senior Cognitive Decline,Low,Daily Complete Balanced Adult Maintenance,Blue Buffalo Life Protection Natural Adult Blend,Gentle In-Home Senior Care & Medication Supervision,"Maintain regular biannual health checkups, brush teeth weekly, and ensure fresh hydration throughout the day."
Dog,Boxer,11.4,26.8,Sensitive Stomach / Allergies,Low,Senior Mobility & Joint Care (Glucosamine & Omega-3),Purina Pro Plan Veterinary Diets JM Joint Mobility,Gentle In-Home Senior Care & Medication Supervision,"Maintain regular biannual health checkups, brush teeth weekly, and ensure fresh hydration throughout the day."
Cat,Siamese Cat,10.2,6.1,Healthy,Low,Senior Mobility & Joint Care (Glucosamine & Omega-3),Purina Pro Plan Veterinary Diets JM Joint Mobility,Gentle In-Home Senior Care & Medication Supervision,"Maintain regular biannual health checkups, brush teeth weekly, and ensure fresh hydration throughout the day."
Cat,Domestic Shorthair,5.4,5.5,Overweight,Moderate,Weight Management (Low Calorie & High Satiety Fiber),Hill's Science Diet Perfect Weight Formula,Standard Boarding & Daily Enrichment Walking,Engage in structured 30-minute low-impact daily walks. Weigh meal portions accurately and avoid high-calorie table scraps.
Dog,Poodle,8.7,24.3,Healthy,Low,Senior Mobility & Joint Care (Glucosamine & Omega-3),Purina Pro Plan Veterinary Diets JM Joint Mobility,Standard Boarding & Daily Enrichment Walking,"Maintain regular biannual health checkups, brush teeth weekly, and ensure fresh hydration throughout the day."
Dog,Poodle,14.8,13.3,Healthy,Low,Senior Mobility & Joint Care (Glucosamine & Omega-3),Purina Pro Plan Veterinary Diets JM Joint Mobility,Gentle In-Home Senior Care & Medication Supervision,"Maintain regular biannual health checkups, brush teeth weekly, and ensure fresh hydration throughout the day."
Cat,Persian Cat,15.3,7.0,Healthy,Low,Senior Mobility & Joint Care (Glucosamine & Omega-3),Purina Pro Plan Veterinary Diets JM Joint Mobility,Gentle In-Home Senior Care & Medication Supervision,"Maintain regular biannual health checkups, brush teeth weekly, and ensure fresh hydration throughout the day."
Dog,Labrador Retriever,1.8,28.6,Healthy,Very High,Active Performance & Muscle Fuel (30/20 High Energy),Orijen Amazing Grains High-Protein Energy Feast,High-Energy Active Adventure & Agility Exercise,Needs at least 60-90 minutes of vigorous daily exercise and puzzle toys to prevent boredom and anxiety.
Dog,Siberian Husky,13.6,22.8,Sensitive Stomach / Allergies,Low,Senior Mobility & Joint Care (Glucosamine & Omega-3),Purina Pro Plan Veterinary Diets JM Joint Mobility,Gentle In-Home Senior Care & Medication Supervision,"Maintain regular biannual health checkups, brush teeth weekly, and ensure fresh hydration throughout the day."
Dog,Golden Retriever,7.1,29.6,Sensitive Stomach / Allergies,Moderate,Hypoallergenic Single-Source Protein & Grain-Free,Farmina N&D Ocean Grain-Free Hypoallergenic Formula,Specialized Medical Monitoring & Controlled Diet Feeding,"Maintain regular biannual health checkups, brush teeth weekly, and ensure fresh hydration throughout the day."
Dog,Boxer,2.0,37.4,Healthy,High,Active Performance & Muscle Fuel (30/20 High Energy),Orijen Amazing Grains High-Protein Energy Feast,High-Energy Active Adventure & Agility Exercise,Needs at least 60-90 minutes of vigorous daily exercise and puzzle toys to prevent boredom and anxiety.
Dog,Dachshund,1.9,4.5,Healthy,Very High,Active Performance & Muscle Fuel (30/20 High Energy),Orijen Amazing Grains High-Protein Energy Feast,High-Energy Active Adventure & Agility Exercise,Needs at least 60-90 minutes of vigorous daily exercise and puzzle toys to prevent boredom and anxiety.
Dog,Dachshund,6.7,8.1,Healthy,High,Active Performance & Muscle Fuel (30/20 High Energy),Orijen Amazing Grains High-Protein Energy Feast,High-Energy Active Adventure & Agility Exercise,Needs at least 60-90 minutes of vigorous daily exercise and puzzle toys to prevent boredom and anxiety.
Cat,British Shorthair,2.1,5.0,Joint Issues / Arthritis,Low,Senior Mobility & Joint Care (Glucosamine & Omega-3),Purina Pro Plan Veterinary Diets JM Joint Mobility,Gentle In-Home Senior Care & Medication Supervision,"Provide orthopedic bedding, avoid stairs or sudden jumping, and supplement with EPA/DHA fatty acids for joint lubrication."
Dog,Labrador Retriever,4.3,31.7,Post-Surgery Recovery,Moderate,Daily Complete Balanced Adult Maintenance,Blue Buffalo Life Protection Natural Adult Blend,Specialized Medical Monitoring & Controlled Diet Feeding,"Maintain regular biannual health checkups, brush teeth weekly, and ensure fresh hydration throughout the day."
Cat,Domestic Shorthair,5.0,3.1,Healthy,Low,Daily Complete Balanced Adult Maintenance,Blue Buffalo Life Protection Natural Adult Blend,Standard Boarding & Daily Enrichment Walking,"Maintain regular biannual health checkups, brush teeth weekly, and ensure fresh hydration throughout the day."
Cat,Maine Coon,3.7,5.9,Healthy,High,Active Performance & Muscle Fuel (30/20 High Energy),Orijen Amazing Grains High-Protein Energy Feast,High-Energy Active Adventure & Agility Exercise,Needs at least 60-90 minutes of vigorous daily exercise and puzzle toys to prevent boredom and anxiety.
Dog,Dachshund,14.4,8.9,Healthy,Low,Senior Mobility & Joint Care (Glucosamine & Omega-3),Purina Pro Plan Veterinary Diets JM Joint Mobility,Gentle In-Home Senior Care & Medication Supervision,"Maintain regular biannual health checkups, brush teeth weekly, and ensure fresh hydration throughout the day."
Dog,Dachshund,12.8,11.6,Healthy,Moderate,Senior Mobility & Joint Care (Glucosamine & Omega-3),Purina Pro Plan Veterinary Diets JM Joint Mobility,Gentle In-Home Senior Care & Medication Supervision,"Maintain regular biannual health checkups, brush teeth weekly, and ensure fresh hydration throughout the day."
Dog,French Bulldog,1.3,12.5,Overweight,Moderate,Weight Management (Low Calorie & High Satiety Fiber),Hill's Science Diet Perfect Weight Formula,Standard Boarding & Daily Enrichment Walking,Engage in structured 30-minute low-impact daily walks. Weigh meal portions accurately and avoid high-calorie table scraps.
Cat,Maine Coon,13.5,10.4,Sensitive Stomach / Allergies,Low,Senior Mobility & Joint Care (Glucosamine & Omega-3),Purina Pro Plan Veterinary Diets JM Joint Mobility,Gentle In-Home Senior Care & Medication Supervision,"Maintain regular biannual health checkups, brush teeth weekly, and ensure fresh hydration throughout the day."
Dog,Rottweiler,3.5,43.1,Healthy,Low,Daily Complete Balanced Adult Maintenance,Blue Buffalo Life Protection Natural Adult Blend,Standard Boarding & Daily Enrichment Walking,"Maintain regular biannual health checkups, brush teeth weekly, and ensure fresh hydration throughout the day."
Dog,Boxer,10.3,38.8,Healthy,Moderate,Senior Mobility & Joint Care (Glucosamine & Omega-3),Purina Pro Plan Veterinary Diets JM Joint Mobility,Gentle In-Home Senior Care & Medication Supervision,"Maintain regular biannual health checkups, brush teeth weekly, and ensure fresh hydration throughout the day."
Dog,Beagle,2.4,15.5,Healthy,Moderate,Daily Complete Balanced Adult Maintenance,Blue Buffalo Life Protection Natural Adult Blend,Standard Boarding & Daily Enrichment Walking,"Maintain regular biannual health checkups, brush teeth weekly, and ensure fresh hydration throughout the day."
Dog,German Shepherd,3.2,34.0,Overweight,Low,Weight Management (Low Calorie & High Satiety Fiber),Hill's Science Diet Perfect Weight Formula,Standard Boarding & Daily Enrichment Walking,Engage in structured 30-minute low-impact daily walks. Weigh meal portions accurately and avoid high-calorie table scraps.
Dog,Rottweiler,13.9,28.6,Overweight,Low,Weight Management (Low Calorie & High Satiety Fiber),Hill's Science Diet Perfect Weight Formula,Gentle In-Home Senior Care & Medication Supervision,Engage in structured 30-minute low-impact daily walks. Weigh meal portions accurately and avoid high-calorie table scraps.
Cat,Domestic Shorthair,8.4,6.6,Healthy,Low,Senior Mobility & Joint Care (Glucosamine & Omega-3),Purina Pro Plan Veterinary Diets JM Joint Mobility,Standard Boarding & Daily Enrichment Walking,"Maintain regular biannual health checkups, brush teeth weekly, and ensure fresh hydration throughout the day."
Cat,British Shorthair,15.5,4.0,Healthy,Moderate,Senior Mobility & Joint Care (Glucosamine & Omega-3),Purina Pro Plan Veterinary Diets JM Joint Mobility,Gentle In-Home Senior Care & Medication Supervision,"Maintain regular biannual health checkups, brush teeth weekly, and ensure fresh hydration throughout the day."
Dog,Rottweiler,12.2,43.8,Overweight,Low,Weight Management (Low Calorie & High Satiety Fiber),Hill's Science Diet Perfect Weight Formula,Gentle In-Home Senior Care & Medication Supervision,Engage in structured 30-minute low-impact daily walks. Weigh meal portions accurately and avoid high-calorie table scraps.
Dog,Beagle,7.7,14.6,Sensitive Stomach / Allergies,Moderate,Hypoallergenic Single-Source Protein & Grain-Free,Farmina N&D Ocean Grain-Free Hypoallergenic Formula,Specialized Medical Monitoring & Controlled Diet Feeding,"Maintain regular biannual health checkups, brush teeth weekly, and ensure fresh hydration throughout the day."
Dog,Rottweiler,10.2,28.6,Overweight,Low,Weight Management (Low Calorie & High Satiety Fiber),Hill's Science Diet Perfect Weight Formula,Gentle In-Home Senior Care & Medication Supervision,Engage in structured 30-minute low-impact daily walks. Weigh meal portions accurately and avoid high-calorie table scraps.
Dog,Golden Retriever,5.8,29.5,Healthy,High,Active Performance & Muscle Fuel (30/20 High Energy),Orijen Amazing Grains High-Protein Energy Feast,High-Energy Active Adventure & Agility Exercise,Needs at least 60-90 minutes of vigorous daily exercise and puzzle toys to prevent boredom and anxiety.
Cat,British Shorthair,10.7,6.8,Overweight,Moderate,Weight Management (Low Calorie & High Satiety Fiber),Hill's Science Diet Perfect Weight Formula,Gentle In-Home Senior Care & Medication Supervision,Engage in structured 30-minute low-impact daily walks. Weigh meal portions accurately and avoid high-calorie table scraps.
Dog,Rottweiler,13.5,42.6,Joint Issues / Arthritis,Low,Senior Mobility & Joint Care (Glucosamine & Omega-3),Purina Pro Plan Veterinary Diets JM Joint Mobility,Gentle In-Home Senior Care & Medication Supervision,"Provide orthopedic bedding, avoid stairs or sudden jumping, and supplement with EPA/DHA fatty acids for joint lubrication."
Dog,Dachshund,1.5,7.5,Sensitive Stomach / Allergies,Very High,Hypoallergenic Single-Source Protein & Grain-Free,Farmina N&D Ocean Grain-Free Hypoallergenic Formula,High-Energy Active Adventure & Agility Exercise,Needs at least 60-90 minutes of vigorous daily exercise and puzzle toys to prevent boredom and anxiety.
Cat,British Shorthair,13.3,4.3,Overweight,Moderate,Weight Management (Low Calorie & High Satiety Fiber),Hill's Science Diet Perfect Weight Formula,Gentle In-Home Senior Care & Medication Supervision,Engage in structured 30-minute low-impact daily walks. Weigh meal portions accurately and avoid high-calorie table scraps.
Cat,Persian Cat,10.0,2.9,Healthy,Very High,Senior Mobility & Joint Care (Glucosamine & Omega-3),Purina Pro Plan Veterinary Diets JM Joint Mobility,High-Energy Active Adventure & Agility Exercise,Needs at least 60-90 minutes of vigorous daily exercise and puzzle toys to prevent boredom and anxiety.
Cat,Bengal Cat,12.5,5.4,Joint Issues / Arthritis,Moderate,Senior Mobility & Joint Care (Glucosamine & Omega-3),Purina Pro Plan Veterinary Diets JM Joint Mobility,Gentle In-Home Senior Care & Medication Supervision,"Provide orthopedic bedding, avoid stairs or sudden jumping, and supplement with EPA/DHA fatty acids for joint lubrication."
Cat,Maine Coon,15.2,5.2,Healthy,Low,Senior Mobility & Joint Care (Glucosamine & Omega-3),Purina Pro Plan Veterinary Diets JM Joint Mobility,Gentle In-Home Senior Care & Medication Supervision,"Maintain regular biannual health checkups, brush teeth weekly, and ensure fresh hydration throughout the day."
Cat,Siamese Cat,13.2,6.3,Overweight,Low,Weight Management (Low Calorie & High Satiety Fiber),Hill's Science Diet Perfect Weight Formula,Gentle In-Home Senior Care & Medication Supervision,Engage in structured 30-minute low-impact daily walks. Weigh meal portions accurately and avoid high-calorie table scraps.
Dog,French Bulldog,12.6,16.2,Sensitive Stomach / Allergies,Low,Senior Mobility & Joint Care (Glucosamine & Omega-3),Purina Pro Plan Veterinary Diets JM Joint Mobility,Gentle In-Home Senior Care & Medication Supervision,"Maintain regular biannual health checkups, brush teeth weekly, and ensure fresh hydration throughout the day."
Cat,Domestic Shorthair,6.1,6.1,Healthy,Moderate,Daily Complete Balanced Adult Maintenance,Blue Buffalo Life Protection Natural Adult Blend,Standard Boarding & Daily Enrichment Walking,"Maintain regular biannual health checkups, brush teeth weekly, and ensure fresh hydration throughout the day."
Dog,Labrador Retriever,6.0,31.3,Joint Issues / Arthritis,Low,Senior Mobility & Joint Care (Glucosamine & Omega-3),Purina Pro Plan Veterinary Diets JM Joint Mobility,Gentle In-Home Senior Care & Medication Supervision,"Provide orthopedic bedding, avoid stairs or sudden jumping, and supplement with EPA/DHA fatty acids for joint lubrication."
Cat,British Shorthair,16.5,4.8,Sensitive Stomach / Allergies,Low,Senior Mobility & Joint Care (Glucosamine & Omega-3),Purina Pro Plan Veterinary Diets JM Joint Mobility,Gentle In-Home Senior Care & Medication Supervision,"Maintain regular biannual health checkups, brush teeth weekly, and ensure fresh hydration throughout the day."
Dog,Dachshund,12.1,6.7,Healthy,Low,Senior Mobility & Joint Care (Glucosamine & Omega-3),Purina Pro Plan Veterinary Diets JM Joint Mobility,Gentle In-Home Senior Care & Medication Supervision,"Maintain regular biannual health checkups, brush teeth weekly, and ensure fresh hydration throughout the day."
Dog,Golden Retriever,12.5,20.9,Post-Surgery Recovery,Low,Senior Mobility & Joint Care (Glucosamine & Omega-3),Purina Pro Plan Veterinary Diets JM Joint Mobility,Gentle In-Home Senior Care & Medication Supervision,"Maintain regular biannual health checkups, brush teeth weekly, and ensure fresh hydration throughout the day."
Cat,British Shorthair,1.4,5.2,Healthy,High,Active Performance & Muscle Fuel (30/20 High Energy),Orijen Amazing Grains High-Protein Energy Feast,High-Energy Active Adventure & Agility Exercise,Needs at least 60-90 minutes of vigorous daily exercise and puzzle toys to prevent boredom and anxiety.
Dog,Beagle,3.8,10.9,Overweight,Low,Weight Management (Low Calorie & High Satiety Fiber),Hill's Science Diet Perfect Weight Formula,Standard Boarding & Daily Enrichment Walking,Engage in structured 30-minute low-impact daily walks. Weigh meal portions accurately and avoid high-calorie table scraps.
Dog,Boxer,7.7,28.2,Overweight,Low,Weight Management (Low Calorie & High Satiety Fiber),Hill's Science Diet Perfect Weight Formula,Standard Boarding & Daily Enrichment Walking,Engage in structured 30-minute low-impact daily walks. Weigh meal portions accurately and avoid high-calorie table scraps.
Cat,Maine Coon,11.2,7.9,Post-Surgery Recovery,Low,Senior Mobility & Joint Care (Glucosamine & Omega-3),Purina Pro Plan Veterinary Diets JM Joint Mobility,Gentle In-Home Senior Care & Medication Supervision,"Maintain regular biannual health checkups, brush teeth weekly, and ensure fresh hydration throughout the day."
Cat,Domestic Shorthair,9.1,6.5,Joint Issues / Arthritis,Low,Senior Mobility & Joint Care (Glucosamine & Omega-3),Purina Pro Plan Veterinary Diets JM Joint Mobility,Gentle In-Home Senior Care & Medication Supervision,"Provide orthopedic bedding, avoid stairs or sudden jumping, and supplement with EPA/DHA fatty acids for joint lubrication."
Cat,Bengal Cat,7.0,4.7,Healthy,Very High,Active Performance & Muscle Fuel (30/20 High Energy),Orijen Amazing Grains High-Protein Energy Feast,High-Energy Active Adventure & Agility Exercise,Needs at least 60-90 minutes of vigorous daily exercise and puzzle toys to prevent boredom and anxiety.
Dog,Siberian Husky,7.7,23.9,Overweight,Low,Weight Management (Low Calorie & High Satiety Fiber),Hill's Science Diet Perfect Weight Formula,Standard Boarding & Daily Enrichment Walking,Engage in structured 30-minute low-impact daily walks. Weigh meal portions accurately and avoid high-calorie table scraps.
Cat,Bengal Cat,6.2,5.5,Dental Issues,Very High,Active Performance & Muscle Fuel (30/20 High Energy),Orijen Amazing Grains High-Protein Energy Feast,High-Energy Active Adventure & Agility Exercise,Needs at least 60-90 minutes of vigorous daily exercise and puzzle toys to prevent boredom and anxiety.
Cat,Domestic Shorthair,9.3,6.1,Dental Issues,Very High,Senior Mobility & Joint Care (Glucosamine & Omega-3),Purina Pro Plan Veterinary Diets JM Joint Mobility,High-Energy Active Adventure & Agility Exercise,Needs at least 60-90 minutes of vigorous daily exercise and puzzle toys to prevent boredom and anxiety.
Dog,German Shepherd,15.0,42.2,Joint Issues / Arthritis,Low,Senior Mobility & Joint Care (Glucosamine & Omega-3),Purina Pro Plan Veterinary Diets JM Joint Mobility,Gentle In-Home Senior Care & Medication Supervision,"Provide orthopedic bedding, avoid stairs or sudden jumping, and supplement with EPA/DHA fatty acids for joint lubrication."
Cat,Bengal Cat,5.9,6.6,Healthy,Very High,Active Performance & Muscle Fuel (30/20 High Energy),Orijen Amazing Grains High-Protein Energy Feast,High-Energy Active Adventure & Agility Exercise,Needs at least 60-90 minutes of vigorous daily exercise and puzzle toys to prevent boredom and anxiety.
Cat,Domestic Shorthair,4.8,6.3,Sensitive Stomach / Allergies,Moderate,Hypoallergenic Single-Source Protein & Grain-Free,Farmina N&D Ocean Grain-Free Hypoallergenic Formula,Specialized Medical Monitoring & Controlled Diet Feeding,"Maintain regular biannual health checkups, brush teeth weekly, and ensure fresh hydration throughout the day."
Dog,Golden Retriever,1.1,41.8,Sensitive Stomach / Allergies,Very High,Hypoallergenic Single-Source Protein & Grain-Free,Farmina N&D Ocean Grain-Free Hypoallergenic Formula,High-Energy Active Adventure & Agility Exercise,Needs at least 60-90 minutes of vigorous daily exercise and puzzle toys to prevent boredom and anxiety.
Dog,Labrador Retriever,12.9,23.8,Overweight,Moderate,Weight Management (Low Calorie & High Satiety Fiber),Hill's Science Diet Perfect Weight Formula,Gentle In-Home Senior Care & Medication Supervision,Engage in structured 30-minute low-impact daily walks. Weigh meal portions accurately and avoid high-calorie table scraps.
Dog,Rottweiler,1.1,25.8,Underweight,High,Active Performance & Muscle Fuel (30/20 High Energy),Orijen Amazing Grains High-Protein Energy Feast,High-Energy Active Adventure & Agility Exercise,Needs at least 60-90 minutes of vigorous daily exercise and puzzle toys to prevent boredom and anxiety.
Dog,Rottweiler,5.5,34.8,Healthy,Moderate,Daily Complete Balanced Adult Maintenance,Blue Buffalo Life Protection Natural Adult Blend,Standard Boarding & Daily Enrichment Walking,"Maintain regular biannual health checkups, brush teeth weekly, and ensure fresh hydration throughout the day."
Dog,Boxer,4.0,40.8,Joint Issues / Arthritis,Low,Senior Mobility & Joint Care (Glucosamine & Omega-3),Purina Pro Plan Veterinary Diets JM Joint Mobility,Gentle In-Home Senior Care & Medication Supervision,"Provide orthopedic bedding, avoid stairs or sudden jumping, and supplement with EPA/DHA fatty acids for joint lubrication."
Dog,Siberian Husky,9.9,32.3,Post-Surgery Recovery,Very High,Senior Mobility & Joint Care (Glucosamine & Omega-3),Purina Pro Plan Veterinary Diets JM Joint Mobility,High-Energy Active Adventure & Agility Exercise,Needs at least 60-90 minutes of vigorous daily exercise and puzzle toys to prevent boredom and anxiety.
Dog,Golden Retriever,11.7,41.2,Healthy,Moderate,Senior Mobility & Joint Care (Glucosamine & Omega-3),Purina Pro Plan Veterinary Diets JM Joint Mobility,Gentle In-Home Senior Care & Medication Supervision,"Maintain regular biannual health checkups, brush teeth weekly, and ensure fresh hydration throughout the day."
Dog,Siberian Husky,13.7,41.3,Healthy,Low,Senior Mobility & Joint Care (Glucosamine & Omega-3),Purina Pro Plan Veterinary Diets JM Joint Mobility,Gentle In-Home Senior Care & Medication Supervision,"Maintain regular biannual health checkups, brush teeth weekly, and ensure fresh hydration throughout the day."
Dog,Poodle,8.5,8.6,Senior Cognitive Decline,Low,Senior Mobility & Joint Care (Glucosamine & Omega-3),Purina Pro Plan Veterinary Diets JM Joint Mobility,Gentle In-Home Senior Care & Medication Supervision,"Maintain regular biannual health checkups, brush teeth weekly, and ensure fresh hydration throughout the day."
Dog,Rottweiler,13.7,27.7,Sensitive Stomach / Allergies,Low,Senior Mobility & Joint Care (Glucosamine & Omega-3),Purina Pro Plan Veterinary Diets JM Joint Mobility,Gentle In-Home Senior Care & Medication Supervision,"Maintain regular biannual health checkups, brush teeth weekly, and ensure fresh hydration throughout the day."
Dog,German Shepherd,6.5,35.6,Healthy,High,Active Performance & Muscle Fuel (30/20 High Energy),Orijen Amazing Grains High-Protein Energy Feast,High-Energy Active Adventure & Agility Exercise,Needs at least 60-90 minutes of vigorous daily exercise and puzzle toys to prevent boredom and anxiety.
Dog,Labrador Retriever,1.9,28.6,Healthy,Very High,Active Performance & Muscle Fuel (30/20 High Energy),Orijen Amazing Grains High-Protein Energy Feast,High-Energy Active Adventure & Agility Exercise,Needs at least 60-90 minutes of vigorous daily exercise and puzzle toys to prevent boredom and anxiety.
Dog,Beagle,9.2,12.2,Overweight,Low,Weight Management (Low Calorie & High Satiety Fiber),Hill's Science Diet Perfect Weight Formula,Standard Boarding & Daily Enrichment Walking,Engage in structured 30-minute low-impact daily walks. Weigh meal portions accurately and avoid high-calorie table scraps.
Cat,Domestic Shorthair,10.2,5.8,Senior Cognitive Decline,Low,Senior Mobility & Joint Care (Glucosamine & Omega-3),Purina Pro Plan Veterinary Diets JM Joint Mobility,Gentle In-Home Senior Care & Medication Supervision,"Maintain regular biannual health checkups, brush teeth weekly, and ensure fresh hydration throughout the day."
Dog,Dachshund,4.2,7.3,Healthy,Moderate,Daily Complete Balanced Adult Maintenance,Blue Buffalo Life Protection Natural Adult Blend,Standard Boarding & Daily Enrichment Walking,"Maintain regular biannual health checkups, brush teeth weekly, and ensure fresh hydration throughout the day."
Dog,Beagle,9.8,14.9,Underweight,Moderate,Senior Mobility & Joint Care (Glucosamine & Omega-3),Purina Pro Plan Veterinary Diets JM Joint Mobility,Standard Boarding & Daily Enrichment Walking,"Maintain regular biannual health checkups, brush teeth weekly, and ensure fresh hydration throughout the day."
Cat,Bengal Cat,2.9,5.5,Overweight,Low,Weight Management (Low Calorie & High Satiety Fiber),Hill's Science Diet Perfect Weight Formula,Standard Boarding & Daily Enrichment Walking,Engage in structured 30-minute low-impact daily walks. Weigh meal portions accurately and avoid high-calorie table scraps.
Dog,Dachshund,3.3,6.8,Healthy,Moderate,Daily Complete Balanced Adult Maintenance,Blue Buffalo Life Protection Natural Adult Blend,Standard Boarding & Daily Enrichment Walking,"Maintain regular biannual health checkups, brush teeth weekly, and ensure fresh hydration throughout the day."
Cat,Siamese Cat,9.5,4.2,Healthy,High,Senior Mobility & Joint Care (Glucosamine & Omega-3),Purina Pro Plan Veterinary Diets JM Joint Mobility,High-Energy Active Adventure & Agility Exercise,Needs at least 60-90 minutes of vigorous daily exercise and puzzle toys to prevent boredom and anxiety.
Cat,Persian Cat,1.9,6.9,Overweight,Low,Weight Management (Low Calorie & High Satiety Fiber),Hill's Science Diet Perfect Weight Formula,Standard Boarding & Daily Enrichment Walking,Engage in structured 30-minute low-impact daily walks. Weigh meal portions accurately and avoid high-calorie table scraps.
Cat,Persian Cat,16.0,6.2,Healthy,Low,Senior Mobility & Joint Care (Glucosamine & Omega-3),Purina Pro Plan Veterinary Diets JM Joint Mobility,Gentle In-Home Senior Care & Medication Supervision,"Maintain regular biannual health checkups, brush teeth weekly, and ensure fresh hydration throughout the day."
Dog,Golden Retriever,2.9,36.4,Healthy,High,Active Performance & Muscle Fuel (30/20 High Energy),Orijen Amazing Grains High-Protein Energy Feast,High-Energy Active Adventure & Agility Exercise,Needs at least 60-90 minutes of vigorous daily exercise and puzzle toys to prevent boredom and anxiety.
Dog,Labrador Retriever,11.5,26.5,Healthy,Moderate,Senior Mobility & Joint Care (Glucosamine & Omega-3),Purina Pro Plan Veterinary Diets JM Joint Mobility,Gentle In-Home Senior Care & Medication Supervision,"Maintain regular biannual health checkups, brush teeth weekly, and ensure fresh hydration throughout the day."
Dog,French Bulldog,2.2,17.2,Joint Issues / Arthritis,Low,Senior Mobility & Joint Care (Glucosamine & Omega-3),Purina Pro Plan Veterinary Diets JM Joint Mobility,Gentle In-Home Senior Care & Medication Supervision,"Provide orthopedic bedding, avoid stairs or sudden jumping, and supplement with EPA/DHA fatty acids for joint lubrication."
Dog,Golden Retriever,8.5,29.8,Sensitive Stomach / Allergies,Moderate,Senior Mobility & Joint Care (Glucosamine & Omega-3),Purina Pro Plan Veterinary Diets JM Joint Mobility,Specialized Medical Monitoring & Controlled Diet Feeding,"Maintain regular biannual health checkups, brush teeth weekly, and ensure fresh hydration throughout the day."
Dog,Beagle,4.9,10.3,Healthy,Moderate,Daily Complete Balanced Adult Maintenance,Blue Buffalo Life Protection Natural Adult Blend,Standard Boarding & Daily Enrichment Walking,"Maintain regular biannual health checkups, brush teeth weekly, and ensure fresh hydration throughout the day."
Cat,Maine Coon,1.8,9.6,Healthy,High,Active Performance & Muscle Fuel (30/20 High Energy),Orijen Amazing Grains High-Protein Energy Feast,High-Energy Active Adventure & Agility Exercise,Needs at least 60-90 minutes of vigorous daily exercise and puzzle toys to prevent boredom and anxiety.
Cat,Domestic Shorthair,7.7,5.4,Underweight,Low,Daily Complete Balanced Adult Maintenance,Blue Buffalo Life Protection Natural Adult Blend,Standard Boarding & Daily Enrichment Walking,"Maintain regular biannual health checkups, brush teeth weekly, and ensure fresh hydration throughout the day."
Cat,Domestic Shorthair,17.2,7.4,Healthy,Moderate,Senior Mobility & Joint Care (Glucosamine & Omega-3),Purina Pro Plan Veterinary Diets JM Joint Mobility,Gentle In-Home Senior Care & Medication Supervision,"Maintain regular biannual health checkups, brush teeth weekly, and ensure fresh hydration throughout the day."
Cat,Domestic Shorthair,2.9,7.2,Overweight,Low,Weight Management (Low Calorie & High Satiety Fiber),Hill's Science Diet Perfect Weight Formula,Standard Boarding & Daily Enrichment Walking,Engage in structured 30-minute low-impact daily walks. Weigh meal portions accurately and avoid high-calorie table scraps.
Cat,Siamese Cat,6.7,6.9,Healthy,Moderate,Daily Complete Balanced Adult Maintenance,Blue Buffalo Life Protection Natural Adult Blend,Standard Boarding & Daily Enrichment Walking,"Maintain regular biannual health checkups, brush teeth weekly, and ensure fresh hydration throughout the day."
Dog,Golden Retriever,4.0,25.7,Overweight,Low,Weight Management (Low Calorie & High Satiety Fiber),Hill's Science Diet Perfect Weight Formula,Standard Boarding & Daily Enrichment Walking,Engage in structured 30-minute low-impact daily walks. Weigh meal portions accurately and avoid high-calorie table scraps.
Cat,Siamese Cat,8.5,3.5,Healthy,Very High,Senior Mobility & Joint Care (Glucosamine & Omega-3),Purina Pro Plan Veterinary Diets JM Joint Mobility,High-Energy Active Adventure & Agility Exercise,Needs at least 60-90 minutes of vigorous daily exercise and puzzle toys to prevent boredom and anxiety.
Cat,Domestic Shorthair,15.5,2.8,Joint Issues / Arthritis,Low,Senior Mobility & Joint Care (Glucosamine & Omega-3),Purina Pro Plan Veterinary Diets JM Joint Mobility,Gentle In-Home Senior Care & Medication Supervision,"Provide orthopedic bedding, avoid stairs or sudden jumping, and supplement with EPA/DHA fatty acids for joint lubrication."
Dog,Golden Retriever,11.6,40.5,Senior Cognitive Decline,Low,Senior Mobility & Joint Care (Glucosamine & Omega-3),Purina Pro Plan Veterinary Diets JM Joint Mobility,Gentle In-Home Senior Care & Medication Supervision,"Maintain regular biannual health checkups, brush teeth weekly, and ensure fresh hydration throughout the day."
Dog,German Shepherd,3.3,39.6,Healthy,High,Active Performance & Muscle Fuel (30/20 High Energy),Orijen Amazing Grains High-Protein Energy Feast,High-Energy Active Adventure & Agility Exercise,Needs at least 60-90 minutes of vigorous daily exercise and puzzle toys to prevent boredom and anxiety.
Cat,Persian Cat,14.8,8.4,Joint Issues / Arthritis,Low,Senior Mobility & Joint Care (Glucosamine & Omega-3),Purina Pro Plan Veterinary Diets JM Joint Mobility,Gentle In-Home Senior Care & Medication Supervision,"Provide orthopedic bedding, avoid stairs or sudden jumping, and supplement with EPA/DHA fatty acids for joint lubrication."
Cat,Persian Cat,11.4,8.1,Sensitive Stomach / Allergies,Moderate,Senior Mobility & Joint Care (Glucosamine & Omega-3),Purina Pro Plan Veterinary Diets JM Joint Mobility,Gentle In-Home Senior Care & Medication Supervision,"Maintain regular biannual health checkups, brush teeth weekly, and ensure fresh hydration throughout the day."
Dog,Golden Retriever,12.2,38.0,Dental Issues,Low,Senior Mobility & Joint Care (Glucosamine & Omega-3),Purina Pro Plan Veterinary Diets JM Joint Mobility,Gentle In-Home Senior Care & Medication Supervision,"Maintain regular biannual health checkups, brush teeth weekly, and ensure fresh hydration throughout the day."
Cat,Siamese Cat,16.0,4.2,Overweight,Low,Weight Management (Low Calorie & High Satiety Fiber),Hill's Science Diet Perfect Weight Formula,Gentle In-Home Senior Care & Medication Supervision,Engage in structured 30-minute low-impact daily walks. Weigh meal portions accurately and avoid high-calorie table scraps.
Cat,Siamese Cat,5.8,4.6,Healthy,Moderate,Daily Complete Balanced Adult Maintenance,Blue Buffalo Life Protection Natural Adult Blend,Standard Boarding & Daily Enrichment Walking,"Maintain regular biannual health checkups, brush teeth weekly, and ensure fresh hydration throughout the day."
Dog,Golden Retriever,2.1,24.7,Dental Issues,Moderate,Daily Complete Balanced Adult Maintenance,Blue Buffalo Life Protection Natural Adult Blend,Standard Boarding & Daily Enrichment Walking,"Maintain regular biannual health checkups, brush teeth weekly, and ensure fresh hydration throughout the day."
Dog,Boxer,8.2,23.8,Sensitive Stomach / Allergies,High,Senior Mobility & Joint Care (Glucosamine & Omega-3),Purina Pro Plan Veterinary Diets JM Joint Mobility,High-Energy Active Adventure & Agility Exercise,Needs at least 60-90 minutes of vigorous daily exercise and puzzle toys to prevent boredom and anxiety.
Cat,Bengal Cat,10.2,5.5,Healthy,Low,Senior Mobility & Joint Care (Glucosamine & Omega-3),Purina Pro Plan Veterinary Diets JM Joint Mobility,Gentle In-Home Senior Care & Medication Supervision,"Maintain regular biannual health checkups, brush teeth weekly, and ensure fresh hydration throughout the day."
Cat,Persian Cat,0.8,3.6,Post-Surgery Recovery,High,Growth & Development (High Protein & DHA),Royal Canin Puppy / Kitten Starter Nutrition,Puppy / Kitten Care & Socialization Routine,Feed 3-4 small portioned meals daily. Complete vaccination schedule and prioritize positive-reinforcement socialization for Persian Cat.
Dog,Siberian Husky,2.2,36.3,Overweight,Low,Weight Management (Low Calorie & High Satiety Fiber),Hill's Science Diet Perfect Weight Formula,Standard Boarding & Daily Enrichment Walking,Engage in structured 30-minute low-impact daily walks. Weigh meal portions accurately and avoid high-calorie table scraps.
Dog,Siberian Husky,3.3,31.2,Healthy,High,Active Performance & Muscle Fuel (30/20 High Energy),Orijen Amazing Grains High-Protein Energy Feast,High-Energy Active Adventure & Agility Exercise,Needs at least 60-90 minutes of vigorous daily exercise and puzzle toys to prevent boredom and anxiety.
Dog,Golden Retriever,8.0,29.7,Healthy,Moderate,Daily Complete Balanced Adult Maintenance,Blue Buffalo Life Protection Natural Adult Blend,Standard Boarding & Daily Enrichment Walking,"Maintain regular biannual health checkups, brush teeth weekly, and ensure fresh hydration throughout the day."
Cat,British Shorthair,9.2,5.6,Healthy,Moderate,Senior Mobility & Joint Care (Glucosamine & Omega-3),Purina Pro Plan Veterinary Diets JM Joint Mobility,Standard Boarding & Daily Enrichment Walking,"Maintain regular biannual health checkups, brush teeth weekly, and ensure fresh hydration throughout the day."
Dog,Labrador Retriever,9.9,31.7,Healthy,Very High,Senior Mobility & Joint Care (Glucosamine & Omega-3),Purina Pro Plan Veterinary Diets JM Joint Mobility,High-Energy Active Adventure & Agility Exercise,Needs at least 60-90 minutes of vigorous daily exercise and puzzle toys to prevent boredom and anxiety.
Dog,Boxer,14.3,32.0,Joint Issues / Arthritis,Low,Senior Mobility & Joint Care (Glucosamine & Omega-3),Purina Pro Plan Veterinary Diets JM Joint Mobility,Gentle In-Home Senior Care & Medication Supervision,"Provide orthopedic bedding, avoid stairs or sudden jumping, and supplement with EPA/DHA fatty acids for joint lubrication."
Dog,Poodle,2.5,12.4,Healthy,Moderate,Daily Complete Balanced Adult Maintenance,Blue Buffalo Life Protection Natural Adult Blend,Standard Boarding & Daily Enrichment Walking,"Maintain regular biannual health checkups, brush teeth weekly, and ensure fresh hydration throughout the day."
Dog,Rottweiler,14.0,34.5,Overweight,Low,Weight Management (Low Calorie & High Satiety Fiber),Hill's Science Diet Perfect Weight Formula,Gentle In-Home Senior Care & Medication Supervision,Engage in structured 30-minute low-impact daily walks. Weigh meal portions accurately and avoid high-calorie table scraps.
Cat,Persian Cat,4.8,6.9,Sensitive Stomach / Allergies,Moderate,Hypoallergenic Single-Source Protein & Grain-Free,Farmina N&D Ocean Grain-Free Hypoallergenic Formula,Specialized Medical Monitoring & Controlled Diet Feeding,"Maintain regular biannual health checkups, brush teeth weekly, and ensure fresh hydration throughout the day."
Dog,Golden Retriever,7.9,34.1,Joint Issues / Arthritis,Low,Senior Mobility & Joint Care (Glucosamine & Omega-3),Purina Pro Plan Veterinary Diets JM Joint Mobility,Gentle In-Home Senior Care & Medication Supervision,"Provide orthopedic bedding, avoid stairs or sudden jumping, and supplement with EPA/DHA fatty acids for joint lubrication."
Dog,Beagle,1.9,14.5,Healthy,High,Active Performance & Muscle Fuel (30/20 High Energy),Orijen Amazing Grains High-Protein Energy Feast,High-Energy Active Adventure & Agility Exercise,Needs at least 60-90 minutes of vigorous daily exercise and puzzle toys to prevent boredom and anxiety.
Cat,Domestic Shorthair,1.1,2.6,Overweight,Low,Weight Management (Low Calorie & High Satiety Fiber),Hill's Science Diet Perfect Weight Formula,Standard Boarding & Daily Enrichment Walking,Engage in structured 30-minute low-impact daily walks. Weigh meal portions accurately and avoid high-calorie table scraps.
Dog,French Bulldog,1.2,12.3,Joint Issues / Arthritis,Low,Senior Mobility & Joint Care (Glucosamine & Omega-3),Purina Pro Plan Veterinary Diets JM Joint Mobility,Gentle In-Home Senior Care & Medication Supervision,"Provide orthopedic bedding, avoid stairs or sudden jumping, and supplement with EPA/DHA fatty acids for joint lubrication."
Cat,Persian Cat,11.2,5.0,Joint Issues / Arthritis,Low,Senior Mobility & Joint Care (Glucosamine & Omega-3),Purina Pro Plan Veterinary Diets JM Joint Mobility,Gentle In-Home Senior Care & Medication Supervision,"Provide orthopedic bedding, avoid stairs or sudden jumping, and supplement with EPA/DHA fatty acids for joint lubrication."
Cat,Maine Coon,4.6,10.0,Joint Issues / Arthritis,Moderate,Senior Mobility & Joint Care (Glucosamine & Omega-3),Purina Pro Plan Veterinary Diets JM Joint Mobility,Gentle In-Home Senior Care & Medication Supervision,"Provide orthopedic bedding, avoid stairs or sudden jumping, and supplement with EPA/DHA fatty acids for joint lubrication."
Dog,Siberian Husky,6.6,35.1,Post-Surgery Recovery,Very High,Active Performance & Muscle Fuel (30/20 High Energy),Orijen Amazing Grains High-Protein Energy Feast,High-Energy Active Adventure & Agility Exercise,Needs at least 60-90 minutes of vigorous daily exercise and puzzle toys to prevent boredom and anxiety.
Cat,British Shorthair,13.0,5.8,Joint Issues / Arthritis,Low,Senior Mobility & Joint Care (Glucosamine & Omega-3),Purina Pro Plan Veterinary Diets JM Joint Mobility,Gentle In-Home Senior Care & Medication Supervision,"Provide orthopedic bedding, avoid stairs or sudden jumping, and supplement with EPA/DHA fatty acids for joint lubrication."
Dog,Boxer,4.3,36.2,Healthy,Very High,Active Performance & Muscle Fuel (30/20 High Energy),Orijen Amazing Grains High-Protein Energy Feast,High-Energy Active Adventure & Agility Exercise,Needs at least 60-90 minutes of vigorous daily exercise and puzzle toys to prevent boredom and anxiety.
Cat,Bengal Cat,11.9,6.8,Healthy,Moderate,Senior Mobility & Joint Care (Glucosamine & Omega-3),Purina Pro Plan Veterinary Diets JM Joint Mobility,Gentle In-Home Senior Care & Medication Supervision,"Maintain regular biannual health checkups, brush teeth weekly, and ensure fresh hydration throughout the day."
Dog,Beagle,11.5,13.5,Underweight,Low,Senior Mobility & Joint Care (Glucosamine & Omega-3),Purina Pro Plan Veterinary Diets JM Joint Mobility,Gentle In-Home Senior Care & Medication Supervision,"Maintain regular biannual health checkups, brush teeth weekly, and ensure fresh hydration throughout the day."
Cat,Siamese Cat,7.3,5.5,Overweight,Low,Weight Management (Low Calorie & High Satiety Fiber),Hill's Science Diet Perfect Weight Formula,Standard Boarding & Daily Enrichment Walking,Engage in structured 30-minute low-impact daily walks. Weigh meal portions accurately and avoid high-calorie table scraps.
Cat,Domestic Shorthair,12.0,3.2,Healthy,Low,Senior Mobility & Joint Care (Glucosamine & Omega-3),Purina Pro Plan Veterinary Diets JM Joint Mobility,Gentle In-Home Senior Care & Medication Supervision,"Maintain regular biannual health checkups, brush teeth weekly, and ensure fresh hydration throughout the day."
Dog,German Shepherd,6.5,40.8,Healthy,Very High,Active Performance & Muscle Fuel (30/20 High Energy),Orijen Amazing Grains High-Protein Energy Feast,High-Energy Active Adventure & Agility Exercise,Needs at least 60-90 minutes of vigorous daily exercise and puzzle toys to prevent boredom and anxiety.
Dog,German Shepherd,9.9,33.7,Senior Cognitive Decline,Low,Senior Mobility & Joint Care (Glucosamine & Omega-3),Purina Pro Plan Veterinary Diets JM Joint Mobility,Gentle In-Home Senior Care & Medication Supervision,"Maintain regular biannual health checkups, brush teeth weekly, and ensure fresh hydration throughout the day."
Dog,Rottweiler,12.1,44.3,Joint Issues / Arthritis,Low,Senior Mobility & Joint Care (Glucosamine & Omega-3),Purina Pro Plan Veterinary Diets JM Joint Mobility,Gentle In-Home Senior Care & Medication Supervision,"Provide orthopedic bedding, avoid stairs or sudden jumping, and supplement with EPA/DHA fatty acids for joint lubrication."
Dog,Rottweiler,8.7,36.3,Healthy,High,Senior Mobility & Joint Care (Glucosamine & Omega-3),Purina Pro Plan Veterinary Diets JM Joint Mobility,High-Energy Active Adventure & Agility Exercise,Needs at least 60-90 minutes of vigorous daily exercise and puzzle toys to prevent boredom and anxiety.
Dog,French Bulldog,5.5,11.4,Healthy,High,Active Performance & Muscle Fuel (30/20 High Energy),Orijen Amazing Grains High-Protein Energy Feast,High-Energy Active Adventure & Agility Exercise,Needs at least 60-90 minutes of vigorous daily exercise and puzzle toys to prevent boredom and anxiety.
Dog,German Shepherd,9.2,32.2,Healthy,High,Senior Mobility & Joint Care (Glucosamine & Omega-3),Purina Pro Plan Veterinary Diets JM Joint Mobility,High-Energy Active Adventure & Agility Exercise,Needs at least 60-90 minutes of vigorous daily exercise and puzzle toys to prevent boredom and anxiety.
Dog,Labrador Retriever,11.6,27.8,Overweight,Low,Weight Management (Low Calorie & High Satiety Fiber),Hill's Science Diet Perfect Weight Formula,Gentle In-Home Senior Care & Medication Supervision,Engage in structured 30-minute low-impact daily walks. Weigh meal portions accurately and avoid high-calorie table scraps.
Dog,Dachshund,9.5,3.9,Healthy,Low,Senior Mobility & Joint Care (Glucosamine & Omega-3),Purina Pro Plan Veterinary Diets JM Joint Mobility,Standard Boarding & Daily Enrichment Walking,"Maintain regular biannual health checkups, brush teeth weekly, and ensure fresh hydration throughout the day."
Dog,Siberian Husky,10.2,34.9,Healthy,Low,Senior Mobility & Joint Care (Glucosamine & Omega-3),Purina Pro Plan Veterinary Diets JM Joint Mobility,Gentle In-Home Senior Care & Medication Supervision,"Maintain regular biannual health checkups, brush teeth weekly, and ensure fresh hydration throughout the day."
Dog,Poodle,12.8,17.0,Healthy,Moderate,Senior Mobility & Joint Care (Glucosamine & Omega-3),Purina Pro Plan Veterinary Diets JM Joint Mobility,Gentle In-Home Senior Care & Medication Supervision,"Maintain regular biannual health checkups, brush teeth weekly, and ensure fresh hydration throughout the day."
Cat,Siamese Cat,16.1,5.3,Sensitive Stomach / Allergies,Low,Senior Mobility & Joint Care (Glucosamine & Omega-3),Purina Pro Plan Veterinary Diets JM Joint Mobility,Gentle In-Home Senior Care & Medication Supervision,"Maintain regular biannual health checkups, brush teeth weekly, and ensure fresh hydration throughout the day."
Dog,Siberian Husky,12.0,26.9,Healthy,Low,Senior Mobility & Joint Care (Glucosamine & Omega-3),Purina Pro Plan Veterinary Diets JM Joint Mobility,Gentle In-Home Senior Care & Medication Supervision,"Maintain regular biannual health checkups, brush teeth weekly, and ensure fresh hydration throughout the day."
Cat,Siamese Cat,14.6,3.8,Healthy,Low,Senior Mobility & Joint Care (Glucosamine & Omega-3),Purina Pro Plan Veterinary Diets JM Joint Mobility,Gentle In-Home Senior Care & Medication Supervision,"Maintain regular biannual health checkups, brush teeth weekly, and ensure fresh hydration throughout the day."
Dog,Labrador Retriever,12.1,40.5,Healthy,Low,Senior Mobility & Joint Care (Glucosamine & Omega-3),Purina Pro Plan Veterinary Diets JM Joint Mobility,Gentle In-Home Senior Care & Medication Supervision,"Maintain regular biannual health checkups, brush teeth weekly, and ensure fresh hydration throughout the day."
Cat,Bengal Cat,2.2,1.8,Sensitive Stomach / Allergies,Very High,Hypoallergenic Single-Source Protein & Grain-Free,Farmina N&D Ocean Grain-Free Hypoallergenic Formula,High-Energy Active Adventure & Agility Exercise,Needs at least 60-90 minutes of vigorous daily exercise and puzzle toys to prevent boredom and anxiety.
Dog,Boxer,10.5,37.2,Dental Issues,Low,Senior Mobility & Joint Care (Glucosamine & Omega-3),Purina Pro Plan Veterinary Diets JM Joint Mobility,Gentle In-Home Senior Care & Medication Supervision,"Maintain regular biannual health checkups, brush teeth weekly, and ensure fresh hydration throughout the day."
Cat,Domestic Shorthair,6.8,4.7,Healthy,High,Active Performance & Muscle Fuel (30/20 High Energy),Orijen Amazing Grains High-Protein Energy Feast,High-Energy Active Adventure & Agility Exercise,Needs at least 60-90 minutes of vigorous daily exercise and puzzle toys to prevent boredom and anxiety.
Dog,Golden Retriever,4.0,36.9,Sensitive Stomach / Allergies,Moderate,Hypoallergenic Single-Source Protein & Grain-Free,Farmina N&D Ocean Grain-Free Hypoallergenic Formula,Specialized Medical Monitoring & Controlled Diet Feeding,"Maintain regular biannual health checkups, brush teeth weekly, and ensure fresh hydration throughout the day."
Dog,Poodle,14.1,8.5,Healthy,Low,Senior Mobility & Joint Care (Glucosamine & Omega-3),Purina Pro Plan Veterinary Diets JM Joint Mobility,Gentle In-Home Senior Care & Medication Supervision,"Maintain regular biannual health checkups, brush teeth weekly, and ensure fresh hydration throughout the day."
Dog,Labrador Retriever,10.0,30.7,Healthy,High,Senior Mobility & Joint Care (Glucosamine & Omega-3),Purina Pro Plan Veterinary Diets JM Joint Mobility,High-Energy Active Adventure & Agility Exercise,Needs at least 60-90 minutes of vigorous daily exercise and puzzle toys to prevent boredom and anxiety.
Cat,Siamese Cat,8.4,4.2,Joint Issues / Arthritis,Low,Senior Mobility & Joint Care (Glucosamine & Omega-3),Purina Pro Plan Veterinary Diets JM Joint Mobility,Gentle In-Home Senior Care & Medication Supervision,"Provide orthopedic bedding, avoid stairs or sudden jumping, and supplement with EPA/DHA fatty acids for joint lubrication."
Dog,Labrador Retriever,7.2,35.6,Healthy,Low,Daily Complete Balanced Adult Maintenance,Blue Buffalo Life Protection Natural Adult Blend,Standard Boarding & Daily Enrichment Walking,"Maintain regular biannual health checkups, brush teeth weekly, and ensure fresh hydration throughout the day."
Cat,Bengal Cat,16.0,6.4,Healthy,Low,Senior Mobility & Joint Care (Glucosamine & Omega-3),Purina Pro Plan Veterinary Diets JM Joint Mobility,Gentle In-Home Senior Care & Medication Supervision,"Maintain regular biannual health checkups, brush teeth weekly, and ensure fresh hydration throughout the day."
Dog,German Shepherd,1.2,41.8,Senior Cognitive Decline,Low,Daily Complete Balanced Adult Maintenance,Blue Buffalo Life Protection Natural Adult Blend,Gentle In-Home Senior Care & Medication Supervision,"Maintain regular biannual health checkups, brush teeth weekly, and ensure fresh hydration throughout the day."
Dog,Dachshund,2.8,11.6,Sensitive Stomach / Allergies,Moderate,Hypoallergenic Single-Source Protein & Grain-Free,Farmina N&D Ocean Grain-Free Hypoallergenic Formula,Specialized Medical Monitoring & Controlled Diet Feeding,"Maintain regular biannual health checkups, brush teeth weekly, and ensure fresh hydration throughout the day."
Cat,Maine Coon,12.7,8.8,Joint Issues / Arthritis,Moderate,Senior Mobility & Joint Care (Glucosamine & Omega-3),Purina Pro Plan Veterinary Diets JM Joint Mobility,Gentle In-Home Senior Care & Medication Supervision,"Provide orthopedic bedding, avoid stairs or sudden jumping, and supplement with EPA/DHA fatty acids for joint lubrication."
Dog,Labrador Retriever,4.9,38.3,Healthy,High,Active Performance & Muscle Fuel (30/20 High Energy),Orijen Amazing Grains High-Protein Energy Feast,High-Energy Active Adventure & Agility Exercise,Needs at least 60-90 minutes of vigorous daily exercise and puzzle toys to prevent boredom and anxiety.
Dog,Siberian Husky,11.7,40.6,Healthy,Low,Senior Mobility & Joint Care (Glucosamine & Omega-3),Purina Pro Plan Veterinary Diets JM Joint Mobility,Gentle In-Home Senior Care & Medication Supervision,"Maintain regular biannual health checkups, brush teeth weekly, and ensure fresh hydration throughout the day."
Cat,Persian Cat,17.9,8.0,Healthy,Low,Senior Mobility & Joint Care (Glucosamine & Omega-3),Purina Pro Plan Veterinary Diets JM Joint Mobility,Gentle In-Home Senior Care & Medication Supervision,"Maintain regular biannual health checkups, brush teeth weekly, and ensure fresh hydration throughout the day."
Cat,Bengal Cat,8.4,5.9,Underweight,Very High,Senior Mobility & Joint Care (Glucosamine & Omega-3),Purina Pro Plan Veterinary Diets JM Joint Mobility,High-Energy Active Adventure & Agility Exercise,Needs at least 60-90 minutes of vigorous daily exercise and puzzle toys to prevent boredom and anxiety.
Dog,Dachshund,7.1,7.6,Underweight,Moderate,Daily Complete Balanced Adult Maintenance,Blue Buffalo Life Protection Natural Adult Blend,Standard Boarding & Daily Enrichment Walking,"Maintain regular biannual health checkups, brush teeth weekly, and ensure fresh hydration throughout the day."
Dog,Boxer,7.2,41.6,Sensitive Stomach / Allergies,Very High,Hypoallergenic Single-Source Protein & Grain-Free,Farmina N&D Ocean Grain-Free Hypoallergenic Formula,High-Energy Active Adventure & Agility Exercise,Needs at least 60-90 minutes of vigorous daily exercise and puzzle toys to prevent boredom and anxiety.
Dog,Beagle,4.2,13.3,Healthy,Very High,Active Performance & Muscle Fuel (30/20 High Energy),Orijen Amazing Grains High-Protein Energy Feast,High-Energy Active Adventure & Agility Exercise,Needs at least 60-90 minutes of vigorous daily exercise and puzzle toys to prevent boredom and anxiety.
Dog,Rottweiler,13.1,28.4,Healthy,Low,Senior Mobility & Joint Care (Glucosamine & Omega-3),Purina Pro Plan Veterinary Diets JM Joint Mobility,Gentle In-Home Senior Care & Medication Supervision,"Maintain regular biannual health checkups, brush teeth weekly, and ensure fresh hydration throughout the day."
Dog,Boxer,10.6,41.9,Overweight,Low,Weight Management (Low Calorie & High Satiety Fiber),Hill's Science Diet Perfect Weight Formula,Gentle In-Home Senior Care & Medication Supervision,Engage in structured 30-minute low-impact daily walks. Weigh meal portions accurately and avoid high-calorie table scraps.
Dog,German Shepherd,10.4,37.3,Healthy,Low,Senior Mobility & Joint Care (Glucosamine & Omega-3),Purina Pro Plan Veterinary Diets JM Joint Mobility,Gentle In-Home Senior Care & Medication Supervision,"Maintain regular biannual health checkups, brush teeth weekly, and ensure fresh hydration throughout the day."
Dog,French Bulldog,13.5,18.4,Senior Cognitive Decline,Low,Senior Mobility & Joint Care (Glucosamine & Omega-3),Purina Pro Plan Veterinary Diets JM Joint Mobility,Gentle In-Home Senior Care & Medication Supervision,"Maintain regular biannual health checkups, brush teeth weekly, and ensure fresh hydration throughout the day."
Dog,Siberian Husky,12.2,42.0,Healthy,Moderate,Senior Mobility & Joint Care (Glucosamine & Omega-3),Purina Pro Plan Veterinary Diets JM Joint Mobility,Gentle In-Home Senior Care & Medication Supervision,"Maintain regular biannual health checkups, brush teeth weekly, and ensure fresh hydration throughout the day."
Dog,Dachshund,10.2,6.2,Healthy,Moderate,Senior Mobility & Joint Care (Glucosamine & Omega-3),Purina Pro Plan Veterinary Diets JM Joint Mobility,Gentle In-Home Senior Care & Medication Supervision,"Maintain regular biannual health checkups, brush teeth weekly, and ensure fresh hydration throughout the day."
Dog,Boxer,14.3,27.4,Sensitive Stomach / Allergies,Low,Senior Mobility & Joint Care (Glucosamine & Omega-3),Purina Pro Plan Veterinary Diets JM Joint Mobility,Gentle In-Home Senior Care & Medication Supervision,"Maintain regular biannual health checkups, brush teeth weekly, and ensure fresh hydration throughout the day."
Cat,Persian Cat,7.9,6.3,Sensitive Stomach / Allergies,High,Hypoallergenic Single-Source Protein & Grain-Free,Farmina N&D Ocean Grain-Free Hypoallergenic Formula,High-Energy Active Adventure & Agility Exercise,Needs at least 60-90 minutes of vigorous daily exercise and puzzle toys to prevent boredom and anxiety.
Dog,Siberian Husky,1.2,39.5,Overweight,Low,Weight Management (Low Calorie & High Satiety Fiber),Hill's Science Diet Perfect Weight Formula,Standard Boarding & Daily Enrichment Walking,Engage in structured 30-minute low-impact daily walks. Weigh meal portions accurately and avoid high-calorie table scraps.
Dog,Siberian Husky,10.6,36.4,Overweight,Moderate,Weight Management (Low Calorie & High Satiety Fiber),Hill's Science Diet Perfect Weight Formula,Gentle In-Home Senior Care & Medication Supervision,Engage in structured 30-minute low-impact daily walks. Weigh meal portions accurately and avoid high-calorie table scraps.
Dog,Labrador Retriever,13.4,36.2,Joint Issues / Arthritis,Low,Senior Mobility & Joint Care (Glucosamine & Omega-3),Purina Pro Plan Veterinary Diets JM Joint Mobility,Gentle In-Home Senior Care & Medication Supervision,"Provide orthopedic bedding, avoid stairs or sudden jumping, and supplement with EPA/DHA fatty acids for joint lubrication."
Cat,Domestic Shorthair,6.6,7.9,Sensitive Stomach / Allergies,Low,Hypoallergenic Single-Source Protein & Grain-Free,Farmina N&D Ocean Grain-Free Hypoallergenic Formula,Specialized Medical Monitoring & Controlled Diet Feeding,"Maintain regular biannual health checkups, brush teeth weekly, and ensure fresh hydration throughout the day."
Dog,Siberian Husky,1.3,39.4,Sensitive Stomach / Allergies,High,Hypoallergenic Single-Source Protein & Grain-Free,Farmina N&D Ocean Grain-Free Hypoallergenic Formula,High-Energy Active Adventure & Agility Exercise,Needs at least 60-90 minutes of vigorous daily exercise and puzzle toys to prevent boredom and anxiety.
Dog,Dachshund,0.9,4.6,Healthy,Very High,Growth & Development (High Protein & DHA),Royal Canin Puppy / Kitten Starter Nutrition,Puppy / Kitten Care & Socialization Routine,Feed 3-4 small portioned meals daily. Complete vaccination schedule and prioritize positive-reinforcement socialization for Dachshund.
Dog,Boxer,12.1,37.2,Joint Issues / Arthritis,Moderate,Senior Mobility & Joint Care (Glucosamine & Omega-3),Purina Pro Plan Veterinary Diets JM Joint Mobility,Gentle In-Home Senior Care & Medication Supervision,"Provide orthopedic bedding, avoid stairs or sudden jumping, and supplement with EPA/DHA fatty acids for joint lubrication."
Dog,Golden Retriever,6.7,39.1,Healthy,Low,Daily Complete Balanced Adult Maintenance,Blue Buffalo Life Protection Natural Adult Blend,Standard Boarding & Daily Enrichment Walking,"Maintain regular biannual health checkups, brush teeth weekly, and ensure fresh hydration throughout the day."
Cat,British Shorthair,2.9,4.2,Overweight,Moderate,Weight Management (Low Calorie & High Satiety Fiber),Hill's Science Diet Perfect Weight Formula,Standard Boarding & Daily Enrichment Walking,Engage in structured 30-minute low-impact daily walks. Weigh meal portions accurately and avoid high-calorie table scraps.
Cat,British Shorthair,6.9,2.8,Healthy,Low,Daily Complete Balanced Adult Maintenance,Blue Buffalo Life Protection Natural Adult Blend,Standard Boarding & Daily Enrichment Walking,"Maintain regular biannual health checkups, brush teeth weekly, and ensure fresh hydration throughout the day."
Dog,Rottweiler,13.4,40.1,Overweight,Low,Weight Management (Low Calorie & High Satiety Fiber),Hill's Science Diet Perfect Weight Formula,Gentle In-Home Senior Care & Medication Supervision,Engage in structured 30-minute low-impact daily walks. Weigh meal portions accurately and avoid high-calorie table scraps.
Dog,Beagle,14.7,16.2,Joint Issues / Arthritis,Low,Senior Mobility & Joint Care (Glucosamine & Omega-3),Purina Pro Plan Veterinary Diets JM Joint Mobility,Gentle In-Home Senior Care & Medication Supervision,"Provide orthopedic bedding, avoid stairs or sudden jumping, and supplement with EPA/DHA fatty acids for joint lubrication."
Cat,Bengal Cat,3.6,2.9,Overweight,Low,Weight Management (Low Calorie & High Satiety Fiber),Hill's Science Diet Perfect Weight Formula,Standard Boarding & Daily Enrichment Walking,Engage in structured 30-minute low-impact daily walks. Weigh meal portions accurately and avoid high-calorie table scraps.
Dog,Boxer,12.1,28.1,Healthy,Low,Senior Mobility & Joint Care (Glucosamine & Omega-3),Purina Pro Plan Veterinary Diets JM Joint Mobility,Gentle In-Home Senior Care & Medication Supervision,"Maintain regular biannual health checkups, brush teeth weekly, and ensure fresh hydration throughout the day."
Dog,Rottweiler,11.9,37.5,Healthy,Low,Senior Mobility & Joint Care (Glucosamine & Omega-3),Purina Pro Plan Veterinary Diets JM Joint Mobility,Gentle In-Home Senior Care & Medication Supervision,"Maintain regular biannual health checkups, brush teeth weekly, and ensure fresh hydration throughout the day."
Cat,Maine Coon,14.0,10.3,Senior Cognitive Decline,Low,Senior Mobility & Joint Care (Glucosamine & Omega-3),Purina Pro Plan Veterinary Diets JM Joint Mobility,Gentle In-Home Senior Care & Medication Supervision,"Maintain regular biannual health checkups, brush teeth weekly, and ensure fresh hydration throughout the day."
Dog,Poodle,13.9,23.1,Joint Issues / Arthritis,Low,Senior Mobility & Joint Care (Glucosamine & Omega-3),Purina Pro Plan Veterinary Diets JM Joint Mobility,Gentle In-Home Senior Care & Medication Supervision,"Provide orthopedic bedding, avoid stairs or sudden jumping, and supplement with EPA/DHA fatty acids for joint lubrication."
Dog,Labrador Retriever,10.0,32.1,Healthy,Moderate,Senior Mobility & Joint Care (Glucosamine & Omega-3),Purina Pro Plan Veterinary Diets JM Joint Mobility,Standard Boarding & Daily Enrichment Walking,"Maintain regular biannual health checkups, brush teeth weekly, and ensure fresh hydration throughout the day."
Cat,Persian Cat,11.7,3.8,Healthy,Moderate,Senior Mobility & Joint Care (Glucosamine & Omega-3),Purina Pro Plan Veterinary Diets JM Joint Mobility,Gentle In-Home Senior Care & Medication Supervision,"Maintain regular biannual health checkups, brush teeth weekly, and ensure fresh hydration throughout the day."
Dog,Siberian Husky,11.5,22.7,Underweight,Moderate,Senior Mobility & Joint Care (Glucosamine & Omega-3),Purina Pro Plan Veterinary Diets JM Joint Mobility,Gentle In-Home Senior Care & Medication Supervision,"Maintain regular biannual health checkups, brush teeth weekly, and ensure fresh hydration throughout the day."
Dog,Labrador Retriever,6.6,25.2,Overweight,Low,Weight Management (Low Calorie & High Satiety Fiber),Hill's Science Diet Perfect Weight Formula,Standard Boarding & Daily Enrichment Walking,Engage in structured 30-minute low-impact daily walks. Weigh meal portions accurately and avoid high-calorie table scraps.
Dog,Rottweiler,1.5,35.6,Joint Issues / Arthritis,Low,Senior Mobility & Joint Care (Glucosamine & Omega-3),Purina Pro Plan Veterinary Diets JM Joint Mobility,Gentle In-Home Senior Care & Medication Supervision,"Provide orthopedic bedding, avoid stairs or sudden jumping, and supplement with EPA/DHA fatty acids for joint lubrication."
Dog,French Bulldog,9.3,15.1,Underweight,Very High,Senior Mobility & Joint Care (Glucosamine & Omega-3),Purina Pro Plan Veterinary Diets JM Joint Mobility,High-Energy Active Adventure & Agility Exercise,Needs at least 60-90 minutes of vigorous daily exercise and puzzle toys to prevent boredom and anxiety.
Dog,Rottweiler,2.3,28.2,Underweight,Low,Daily Complete Balanced Adult Maintenance,Blue Buffalo Life Protection Natural Adult Blend,Standard Boarding & Daily Enrichment Walking,"Maintain regular biannual health checkups, brush teeth weekly, and ensure fresh hydration throughout the day."
Dog,German Shepherd,7.4,26.1,Healthy,Very High,Active Performance & Muscle Fuel (30/20 High Energy),Orijen Amazing Grains High-Protein Energy Feast,High-Energy Active Adventure & Agility Exercise,Needs at least 60-90 minutes of vigorous daily exercise and puzzle toys to prevent boredom and anxiety.
Dog,Rottweiler,5.5,36.6,Joint Issues / Arthritis,Low,Senior Mobility & Joint Care (Glucosamine & Omega-3),Purina Pro Plan Veterinary Diets JM Joint Mobility,Gentle In-Home Senior Care & Medication Supervision,"Provide orthopedic bedding, avoid stairs or sudden jumping, and supplement with EPA/DHA fatty acids for joint lubrication."
Dog,Beagle,2.4,14.6,Healthy,High,Active Performance & Muscle Fuel (30/20 High Energy),Orijen Amazing Grains High-Protein Energy Feast,High-Energy Active Adventure & Agility Exercise,Needs at least 60-90 minutes of vigorous daily exercise and puzzle toys to prevent boredom and anxiety.
Dog,Siberian Husky,2.8,25.4,Underweight,High,Active Performance & Muscle Fuel (30/20 High Energy),Orijen Amazing Grains High-Protein Energy Feast,High-Energy Active Adventure & Agility Exercise,Needs at least 60-90 minutes of vigorous daily exercise and puzzle toys to prevent boredom and anxiety.
Cat,Bengal Cat,6.9,2.3,Joint Issues / Arthritis,Moderate,Senior Mobility & Joint Care (Glucosamine & Omega-3),Purina Pro Plan Veterinary Diets JM Joint Mobility,Gentle In-Home Senior Care & Medication Supervision,"Provide orthopedic bedding, avoid stairs or sudden jumping, and supplement with EPA/DHA fatty acids for joint lubrication."
Cat,Siamese Cat,1.4,8.9,Sensitive Stomach / Allergies,Very High,Hypoallergenic Single-Source Protein & Grain-Free,Farmina N&D Ocean Grain-Free Hypoallergenic Formula,High-Energy Active Adventure & Agility Exercise,Needs at least 60-90 minutes of vigorous daily exercise and puzzle toys to prevent boredom and anxiety.
Dog,French Bulldog,8.9,12.9,Post-Surgery Recovery,Low,Senior Mobility & Joint Care (Glucosamine & Omega-3),Purina Pro Plan Veterinary Diets JM Joint Mobility,Specialized Medical Monitoring & Controlled Diet Feeding,"Maintain regular biannual health checkups, brush teeth weekly, and ensure fresh hydration throughout the day."
Cat,Siamese Cat,12.5,5.3,Healthy,Low,Senior Mobility & Joint Care (Glucosamine & Omega-3),Purina Pro Plan Veterinary Diets JM Joint Mobility,Gentle In-Home Senior Care & Medication Supervision,"Maintain regular biannual health checkups, brush teeth weekly, and ensure fresh hydration throughout the day."
Cat,Persian Cat,10.2,3.1,Healthy,Low,Senior Mobility & Joint Care (Glucosamine & Omega-3),Purina Pro Plan Veterinary Diets JM Joint Mobility,Gentle In-Home Senior Care & Medication Supervision,"Maintain regular biannual health checkups, brush teeth weekly, and ensure fresh hydration throughout the day."
Dog,Labrador Retriever,1.8,25.7,Healthy,High,Active Performance & Muscle Fuel (30/20 High Energy),Orijen Amazing Grains High-Protein Energy Feast,High-Energy Active Adventure & Agility Exercise,Needs at least 60-90 minutes of vigorous daily exercise and puzzle toys to prevent boredom and anxiety.
Dog,Rottweiler,5.0,38.3,Underweight,High,Active Performance & Muscle Fuel (30/20 High Energy),Orijen Amazing Grains High-Protein Energy Feast,High-Energy Active Adventure & Agility Exercise,Needs at least 60-90 minutes of vigorous daily exercise and puzzle toys to prevent boredom and anxiety.
Cat,Siamese Cat,16.3,3.8,Healthy,Low,Senior Mobility & Joint Care (Glucosamine & Omega-3),Purina Pro Plan Veterinary Diets JM Joint Mobility,Gentle In-Home Senior Care & Medication Supervision,"Maintain regular biannual health checkups, brush teeth weekly, and ensure fresh hydration throughout the day."
Cat,Maine Coon,17.8,9.3,Healthy,Low,Senior Mobility & Joint Care (Glucosamine & Omega-3),Purina Pro Plan Veterinary Diets JM Joint Mobility,Gentle In-Home Senior Care & Medication Supervision,"Maintain regular biannual health checkups, brush teeth weekly, and ensure fresh hydration throughout the day."
Dog,Beagle,2.8,12.8,Dental Issues,Moderate,Daily Complete Balanced Adult Maintenance,Blue Buffalo Life Protection Natural Adult Blend,Standard Boarding & Daily Enrichment Walking,"Maintain regular biannual health checkups, brush teeth weekly, and ensure fresh hydration throughout the day."
Cat,British Shorthair,5.8,4.7,Healthy,Moderate,Daily Complete Balanced Adult Maintenance,Blue Buffalo Life Protection Natural Adult Blend,Standard Boarding & Daily Enrichment Walking,"Maintain regular biannual health checkups, brush teeth weekly, and ensure fresh hydration throughout the day."
Dog,Poodle,10.6,19.1,Healthy,Low,Senior Mobility & Joint Care (Glucosamine & Omega-3),Purina Pro Plan Veterinary Diets JM Joint Mobility,Gentle In-Home Senior Care & Medication Supervision,"Maintain regular biannual health checkups, brush teeth weekly, and ensure fresh hydration throughout the day."
Cat,Maine Coon,3.0,7.8,Sensitive Stomach / Allergies,Moderate,Hypoallergenic Single-Source Protein & Grain-Free,Farmina N&D Ocean Grain-Free Hypoallergenic Formula,Specialized Medical Monitoring & Controlled Diet Feeding,"Maintain regular biannual health checkups, brush teeth weekly, and ensure fresh hydration throughout the day."
Dog,Siberian Husky,3.0,27.8,Healthy,Very High,Active Performance & Muscle Fuel (30/20 High Energy),Orijen Amazing Grains High-Protein Energy Feast,High-Energy Active Adventure & Agility Exercise,Needs at least 60-90 minutes of vigorous daily exercise and puzzle toys to prevent boredom and anxiety.
Dog,Poodle,2.9,18.7,Dental Issues,High,Active Performance & Muscle Fuel (30/20 High Energy),Orijen Amazing Grains High-Protein Energy Feast,High-Energy Active Adventure & Agility Exercise,Needs at least 60-90 minutes of vigorous daily exercise and puzzle toys to prevent boredom and anxiety.
Cat,Siamese Cat,7.5,5.4,Joint Issues / Arthritis,Low,Senior Mobility & Joint Care (Glucosamine & Omega-3),Purina Pro Plan Veterinary Diets JM Joint Mobility,Gentle In-Home Senior Care & Medication Supervision,"Provide orthopedic bedding, avoid stairs or sudden jumping, and supplement with EPA/DHA fatty acids for joint lubrication."
Cat,Siamese Cat,13.7,4.8,Healthy,Low,Senior Mobility & Joint Care (Glucosamine & Omega-3),Purina Pro Plan Veterinary Diets JM Joint Mobility,Gentle In-Home Senior Care & Medication Supervision,"Maintain regular biannual health checkups, brush teeth weekly, and ensure fresh hydration throughout the day."
Cat,Persian Cat,14.0,3.4,Dental Issues,Low,Senior Mobility & Joint Care (Glucosamine & Omega-3),Purina Pro Plan Veterinary Diets JM Joint Mobility,Gentle In-Home Senior Care & Medication Supervision,"Maintain regular biannual health checkups, brush teeth weekly, and ensure fresh hydration throughout the day."
Cat,Bengal Cat,8.0,2.3,Healthy,High,Active Performance & Muscle Fuel (30/20 High Energy),Orijen Amazing Grains High-Protein Energy Feast,High-Energy Active Adventure & Agility Exercise,Needs at least 60-90 minutes of vigorous daily exercise and puzzle toys to prevent boredom and anxiety.
Dog,Poodle,0.9,9.0,Healthy,Very High,Growth & Development (High Protein & DHA),Royal Canin Puppy / Kitten Starter Nutrition,Puppy / Kitten Care & Socialization Routine,Feed 3-4 small portioned meals daily. Complete vaccination schedule and prioritize positive-reinforcement socialization for Poodle.
Dog,Dachshund,12.9,7.6,Overweight,Moderate,Weight Management (Low Calorie & High Satiety Fiber),Hill's Science Diet Perfect Weight Formula,Gentle In-Home Senior Care & Medication Supervision,Engage in structured 30-minute low-impact daily walks. Weigh meal portions accurately and avoid high-calorie table scraps.
Cat,Maine Coon,8.9,12.4,Post-Surgery Recovery,Moderate,Senior Mobility & Joint Care (Glucosamine & Omega-3),Purina Pro Plan Veterinary Diets JM Joint Mobility,Specialized Medical Monitoring & Controlled Diet Feeding,"Maintain regular biannual health checkups, brush teeth weekly, and ensure fresh hydration throughout the day."
Cat,Maine Coon,5.7,7.9,Healthy,Moderate,Daily Complete Balanced Adult Maintenance,Blue Buffalo Life Protection Natural Adult Blend,Standard Boarding & Daily Enrichment Walking,"Maintain regular biannual health checkups, brush teeth weekly, and ensure fresh hydration throughout the day."
Dog,Siberian Husky,9.6,33.8,Healthy,Very High,Senior Mobility & Joint Care (Glucosamine & Omega-3),Purina Pro Plan Veterinary Diets JM Joint Mobility,High-Energy Active Adventure & Agility Exercise,Needs at least 60-90 minutes of vigorous daily exercise and puzzle toys to prevent boredom and anxiety.
Cat,Bengal Cat,4.2,2.3,Dental Issues,High,Active Performance & Muscle Fuel (30/20 High Energy),Orijen Amazing Grains High-Protein Energy Feast,High-Energy Active Adventure & Agility Exercise,Needs at least 60-90 minutes of vigorous daily exercise and puzzle toys to prevent boredom and anxiety.
Cat,British Shorthair,16.0,4.1,Sensitive Stomach / Allergies,Low,Senior Mobility & Joint Care (Glucosamine & Omega-3),Purina Pro Plan Veterinary Diets JM Joint Mobility,Gentle In-Home Senior Care & Medication Supervision,"Maintain regular biannual health checkups, brush teeth weekly, and ensure fresh hydration throughout the day."
Dog,Rottweiler,4.4,33.7,Sensitive Stomach / Allergies,High,Hypoallergenic Single-Source Protein & Grain-Free,Farmina N&D Ocean Grain-Free Hypoallergenic Formula,High-Energy Active Adventure & Agility Exercise,Needs at least 60-90 minutes of vigorous daily exercise and puzzle toys to prevent boredom and anxiety.
Dog,French Bulldog,9.2,9.7,Healthy,High,Senior Mobility & Joint Care (Glucosamine & Omega-3),Purina Pro Plan Veterinary Diets JM Joint Mobility,High-Energy Active Adventure & Agility Exercise,Needs at least 60-90 minutes of vigorous daily exercise and puzzle toys to prevent boredom and anxiety.
Dog,Boxer,0.6,11.5,Healthy,Very High,Growth & Development (High Protein & DHA),Royal Canin Puppy / Kitten Starter Nutrition,Puppy / Kitten Care & Socialization Routine,Feed 3-4 small portioned meals daily. Complete vaccination schedule and prioritize positive-reinforcement socialization for Boxer.
Cat,British Shorthair,15.9,7.3,Overweight,Low,Weight Management (Low Calorie & High Satiety Fiber),Hill's Science Diet Perfect Weight Formula,Gentle In-Home Senior Care & Medication Supervision,Engage in structured 30-minute low-impact daily walks. Weigh meal portions accurately and avoid high-calorie table scraps.
Dog,Poodle,5.4,23.8,Healthy,Low,Daily Complete Balanced Adult Maintenance,Blue Buffalo Life Protection Natural Adult Blend,Standard Boarding & Daily Enrichment Walking,"Maintain regular biannual health checkups, brush teeth weekly, and ensure fresh hydration throughout the day."
Dog,Boxer,6.8,31.0,Healthy,Very High,Active Performance & Muscle Fuel (30/20 High Energy),Orijen Amazing Grains High-Protein Energy Feast,High-Energy Active Adventure & Agility Exercise,Needs at least 60-90 minutes of vigorous daily exercise and puzzle toys to prevent boredom and anxiety.
Dog,Labrador Retriever,8.4,34.9,Overweight,Moderate,Weight Management (Low Calorie & High Satiety Fiber),Hill's Science Diet Perfect Weight Formula,Standard Boarding & Daily Enrichment Walking,Engage in structured 30-minute low-impact daily walks. Weigh meal portions accurately and avoid high-calorie table scraps.
Dog,Labrador Retriever,1.5,37.9,Overweight,Moderate,Weight Management (Low Calorie & High Satiety Fiber),Hill's Science Diet Perfect Weight Formula,Standard Boarding & Daily Enrichment Walking,Engage in structured 30-minute low-impact daily walks. Weigh meal portions accurately and avoid high-calorie table scraps.
Dog,Siberian Husky,8.0,24.0,Healthy,Very High,Active Performance & Muscle Fuel (30/20 High Energy),Orijen Amazing Grains High-Protein Energy Feast,High-Energy Active Adventure & Agility Exercise,Needs at least 60-90 minutes of vigorous daily exercise and puzzle toys to prevent boredom and anxiety.
Dog,Poodle,11.5,23.0,Sensitive Stomach / Allergies,Low,Senior Mobility & Joint Care (Glucosamine & Omega-3),Purina Pro Plan Veterinary Diets JM Joint Mobility,Gentle In-Home Senior Care & Medication Supervision,"Maintain regular biannual health checkups, brush teeth weekly, and ensure fresh hydration throughout the day."
Cat,Maine Coon,14.6,8.0,Healthy,Low,Senior Mobility & Joint Care (Glucosamine & Omega-3),Purina Pro Plan Veterinary Diets JM Joint Mobility,Gentle In-Home Senior Care & Medication Supervision,"Maintain regular biannual health checkups, brush teeth weekly, and ensure fresh hydration throughout the day."
Cat,Siamese Cat,10.4,4.9,Healthy,Low,Senior Mobility & Joint Care (Glucosamine & Omega-3),Purina Pro Plan Veterinary Diets JM Joint Mobility,Gentle In-Home Senior Care & Medication Supervision,"Maintain regular biannual health checkups, brush teeth weekly, and ensure fresh hydration throughout the day."
Dog,Beagle,7.2,9.2,Healthy,Low,Daily Complete Balanced Adult Maintenance,Blue Buffalo Life Protection Natural Adult Blend,Standard Boarding & Daily Enrichment Walking,"Maintain regular biannual health checkups, brush teeth weekly, and ensure fresh hydration throughout the day."
Dog,Dachshund,8.1,8.0,Sensitive Stomach / Allergies,Low,Senior Mobility & Joint Care (Glucosamine & Omega-3),Purina Pro Plan Veterinary Diets JM Joint Mobility,Specialized Medical Monitoring & Controlled Diet Feeding,"Maintain regular biannual health checkups, brush teeth weekly, and ensure fresh hydration throughout the day."
Dog,Dachshund,5.8,7.8,Joint Issues / Arthritis,Low,Senior Mobility & Joint Care (Glucosamine & Omega-3),Purina Pro Plan Veterinary Diets JM Joint Mobility,Gentle In-Home Senior Care & Medication Supervision,"Provide orthopedic bedding, avoid stairs or sudden jumping, and supplement with EPA/DHA fatty acids for joint lubrication."
Dog,German Shepherd,14.0,40.0,Healthy,Low,Senior Mobility & Joint Care (Glucosamine & Omega-3),Purina Pro Plan Veterinary Diets JM Joint Mobility,Gentle In-Home Senior Care & Medication Supervision,"Maintain regular biannual health checkups, brush teeth weekly, and ensure fresh hydration throughout the day."
Dog,French Bulldog,1.2,17.6,Healthy,Very High,Active Performance & Muscle Fuel (30/20 High Energy),Orijen Amazing Grains High-Protein Energy Feast,High-Energy Active Adventure & Agility Exercise,Needs at least 60-90 minutes of vigorous daily exercise and puzzle toys to prevent boredom and anxiety.
Dog,French Bulldog,13.9,13.0,Senior Cognitive Decline,Moderate,Senior Mobility & Joint Care (Glucosamine & Omega-3),Purina Pro Plan Veterinary Diets JM Joint Mobility,Gentle In-Home Senior Care & Medication Supervision,"Maintain regular biannual health checkups, brush teeth weekly, and ensure fresh hydration throughout the day."
Cat,Maine Coon,7.6,10.3,Healthy,Low,Daily Complete Balanced Adult Maintenance,Blue Buffalo Life Protection Natural Adult Blend,Standard Boarding & Daily Enrichment Walking,"Maintain regular biannual health checkups, brush teeth weekly, and ensure fresh hydration throughout the day."
Dog,Dachshund,10.9,5.5,Sensitive Stomach / Allergies,Low,Senior Mobility & Joint Care (Glucosamine & Omega-3),Purina Pro Plan Veterinary Diets JM Joint Mobility,Gentle In-Home Senior Care & Medication Supervision,"Maintain regular biannual health checkups, brush teeth weekly, and ensure fresh hydration throughout the day."
Dog,French Bulldog,14.7,13.3,Joint Issues / Arthritis,Low,Senior Mobility & Joint Care (Glucosamine & Omega-3),Purina Pro Plan Veterinary Diets JM Joint Mobility,Gentle In-Home Senior Care & Medication Supervision,"Provide orthopedic bedding, avoid stairs or sudden jumping, and supplement with EPA/DHA fatty acids for joint lubrication."
Dog,French Bulldog,13.1,12.9,Sensitive Stomach / Allergies,Moderate,Senior Mobility & Joint Care (Glucosamine & Omega-3),Purina Pro Plan Veterinary Diets JM Joint Mobility,Gentle In-Home Senior Care & Medication Supervision,"Maintain regular biannual health checkups, brush teeth weekly, and ensure fresh hydration throughout the day."
Dog,Labrador Retriever,7.4,41.7,Dental Issues,High,Active Performance & Muscle Fuel (30/20 High Energy),Orijen Amazing Grains High-Protein Energy Feast,High-Energy Active Adventure & Agility Exercise,Needs at least 60-90 minutes of vigorous daily exercise and puzzle toys to prevent boredom and anxiety.
Dog,German Shepherd,6.0,43.3,Overweight,Low,Weight Management (Low Calorie & High Satiety Fiber),Hill's Science Diet Perfect Weight Formula,Standard Boarding & Daily Enrichment Walking,Engage in structured 30-minute low-impact daily walks. Weigh meal portions accurately and avoid high-calorie table scraps.
Dog,Rottweiler,5.6,36.0,Healthy,High,Active Performance & Muscle Fuel (30/20 High Energy),Orijen Amazing Grains High-Protein Energy Feast,High-Energy Active Adventure & Agility Exercise,Needs at least 60-90 minutes of vigorous daily exercise and puzzle toys to prevent boredom and anxiety.
Dog,Siberian Husky,6.0,39.3,Healthy,Very High,Active Performance & Muscle Fuel (30/20 High Energy),Orijen Amazing Grains High-Protein Energy Feast,High-Energy Active Adventure & Agility Exercise,Needs at least 60-90 minutes of vigorous daily exercise and puzzle toys to prevent boredom and anxiety.
Cat,Bengal Cat,1.6,4.4,Sensitive Stomach / Allergies,Very High,Hypoallergenic Single-Source Protein & Grain-Free,Farmina N&D Ocean Grain-Free Hypoallergenic Formula,High-Energy Active Adventure & Agility Exercise,Needs at least 60-90 minutes of vigorous daily exercise and puzzle toys to prevent boredom and anxiety.
Cat,Bengal Cat,2.0,1.8,Post-Surgery Recovery,High,Active Performance & Muscle Fuel (30/20 High Energy),Orijen Amazing Grains High-Protein Energy Feast,High-Energy Active Adventure & Agility Exercise,Needs at least 60-90 minutes of vigorous daily exercise and puzzle toys to prevent boredom and anxiety.
Cat,Siamese Cat,0.6,2.0,Healthy,High,Growth & Development (High Protein & DHA),Royal Canin Puppy / Kitten Starter Nutrition,Puppy / Kitten Care & Socialization Routine,Feed 3-4 small portioned meals daily. Complete vaccination schedule and prioritize positive-reinforcement socialization for Siamese Cat.
Dog,Poodle,12.4,10.2,Overweight,Moderate,Weight Management (Low Calorie & High Satiety Fiber),Hill's Science Diet Perfect Weight Formula,Gentle In-Home Senior Care & Medication Supervision,Engage in structured 30-minute low-impact daily walks. Weigh meal portions accurately and avoid high-calorie table scraps.
Dog,Labrador Retriever,6.9,34.4,Healthy,High,Active Performance & Muscle Fuel (30/20 High Energy),Orijen Amazing Grains High-Protein Energy Feast,High-Energy Active Adventure & Agility Exercise,Needs at least 60-90 minutes of vigorous daily exercise and puzzle toys to prevent boredom and anxiety.
Dog,Dachshund,11.1,10.6,Joint Issues / Arthritis,Low,Senior Mobility & Joint Care (Glucosamine & Omega-3),Purina Pro Plan Veterinary Diets JM Joint Mobility,Gentle In-Home Senior Care & Medication Supervision,"Provide orthopedic bedding, avoid stairs or sudden jumping, and supplement with EPA/DHA fatty acids for joint lubrication."
Dog,French Bulldog,12.0,14.3,Post-Surgery Recovery,Low,Senior Mobility & Joint Care (Glucosamine & Omega-3),Purina Pro Plan Veterinary Diets JM Joint Mobility,Gentle In-Home Senior Care & Medication Supervision,"Maintain regular biannual health checkups, brush teeth weekly, and ensure fresh hydration throughout the day."
Dog,Rottweiler,11.0,36.0,Overweight,Moderate,Weight Management (Low Calorie & High Satiety Fiber),Hill's Science Diet Perfect Weight Formula,Gentle In-Home Senior Care & Medication Supervision,Engage in structured 30-minute low-impact daily walks. Weigh meal portions accurately and avoid high-calorie table scraps.
Dog,Siberian Husky,8.9,38.3,Overweight,Low,Weight Management (Low Calorie & High Satiety Fiber),Hill's Science Diet Perfect Weight Formula,Standard Boarding & Daily Enrichment Walking,Engage in structured 30-minute low-impact daily walks. Weigh meal portions accurately and avoid high-calorie table scraps.
Cat,Siamese Cat,4.4,7.9,Healthy,High,Active Performance & Muscle Fuel (30/20 High Energy),Orijen Amazing Grains High-Protein Energy Feast,High-Energy Active Adventure & Agility Exercise,Needs at least 60-90 minutes of vigorous daily exercise and puzzle toys to prevent boredom and anxiety.
Dog,Labrador Retriever,6.4,31.4,Sensitive Stomach / Allergies,Moderate,Hypoallergenic Single-Source Protein & Grain-Free,Farmina N&D Ocean Grain-Free Hypoallergenic Formula,Specialized Medical Monitoring & Controlled Diet Feeding,"Maintain regular biannual health checkups, brush teeth weekly, and ensure fresh hydration throughout the day."
Dog,Dachshund,10.4,6.8,Healthy,Low,Senior Mobility & Joint Care (Glucosamine & Omega-3),Purina Pro Plan Veterinary Diets JM Joint Mobility,Gentle In-Home Senior Care & Medication Supervision,"Maintain regular biannual health checkups, brush teeth weekly, and ensure fresh hydration throughout the day."
Dog,Boxer,7.6,26.1,Healthy,High,Active Performance & Muscle Fuel (30/20 High Energy),Orijen Amazing Grains High-Protein Energy Feast,High-Energy Active Adventure & Agility Exercise,Needs at least 60-90 minutes of vigorous daily exercise and puzzle toys to prevent boredom and anxiety.
Dog,Boxer,1.7,36.2,Healthy,Very High,Active Performance & Muscle Fuel (30/20 High Energy),Orijen Amazing Grains High-Protein Energy Feast,High-Energy Active Adventure & Agility Exercise,Needs at least 60-90 minutes of vigorous daily exercise and puzzle toys to prevent boredom and anxiety.
Dog,Boxer,6.5,23.5,Healthy,High,Active Performance & Muscle Fuel (30/20 High Energy),Orijen Amazing Grains High-Protein Energy Feast,High-Energy Active Adventure & Agility Exercise,Needs at least 60-90 minutes of vigorous daily exercise and puzzle toys to prevent boredom and anxiety.
Cat,Siamese Cat,5.5,4.3,Overweight,Low,Weight Management (Low Calorie & High Satiety Fiber),Hill's Science Diet Perfect Weight Formula,Standard Boarding & Daily Enrichment Walking,Engage in structured 30-minute low-impact daily walks. Weigh meal portions accurately and avoid high-calorie table scraps.
Cat,Siamese Cat,11.0,3.0,Sensitive Stomach / Allergies,Low,Senior Mobility & Joint Care (Glucosamine & Omega-3),Purina Pro Plan Veterinary Diets JM Joint Mobility,Gentle In-Home Senior Care & Medication Supervision,"Maintain regular biannual health checkups, brush teeth weekly, and ensure fresh hydration throughout the day."
Cat,British Shorthair,12.2,5.9,Healthy,Low,Senior Mobility & Joint Care (Glucosamine & Omega-3),Purina Pro Plan Veterinary Diets JM Joint Mobility,Gentle In-Home Senior Care & Medication Supervision,"Maintain regular biannual health checkups, brush teeth weekly, and ensure fresh hydration throughout the day."
Dog,Dachshund,7.0,5.5,Healthy,Moderate,Daily Complete Balanced Adult Maintenance,Blue Buffalo Life Protection Natural Adult Blend,Standard Boarding & Daily Enrichment Walking,"Maintain regular biannual health checkups, brush teeth weekly, and ensure fresh hydration throughout the day."
Dog,Golden Retriever,13.9,37.6,Sensitive Stomach / Allergies,Low,Senior Mobility & Joint Care (Glucosamine & Omega-3),Purina Pro Plan Veterinary Diets JM Joint Mobility,Gentle In-Home Senior Care & Medication Supervision,"Maintain regular biannual health checkups, brush teeth weekly, and ensure fresh hydration throughout the day."
Dog,Beagle,7.4,9.0,Healthy,Low,Daily Complete Balanced Adult Maintenance,Blue Buffalo Life Protection Natural Adult Blend,Standard Boarding & Daily Enrichment Walking,"Maintain regular biannual health checkups, brush teeth weekly, and ensure fresh hydration throughout the day."
Cat,Persian Cat,9.4,5.3,Healthy,Low,Senior Mobility & Joint Care (Glucosamine & Omega-3),Purina Pro Plan Veterinary Diets JM Joint Mobility,Standard Boarding & Daily Enrichment Walking,"Maintain regular biannual health checkups, brush teeth weekly, and ensure fresh hydration throughout the day."
Dog,French Bulldog,5.2,14.7,Sensitive Stomach / Allergies,High,Hypoallergenic Single-Source Protein & Grain-Free,Farmina N&D Ocean Grain-Free Hypoallergenic Formula,High-Energy Active Adventure & Agility Exercise,Needs at least 60-90 minutes of vigorous daily exercise and puzzle toys to prevent boredom and anxiety.
Dog,Golden Retriever,7.7,39.8,Healthy,Moderate,Daily Complete Balanced Adult Maintenance,Blue Buffalo Life Protection Natural Adult Blend,Standard Boarding & Daily Enrichment Walking,"Maintain regular biannual health checkups, brush teeth weekly, and ensure fresh hydration throughout the day."
Cat,Maine Coon,6.2,8.6,Post-Surgery Recovery,Moderate,Daily Complete Balanced Adult Maintenance,Blue Buffalo Life Protection Natural Adult Blend,Specialized Medical Monitoring & Controlled Diet Feeding,"Maintain regular biannual health checkups, brush teeth weekly, and ensure fresh hydration throughout the day."
Dog,Dachshund,13.3,10.9,Healthy,Low,Senior Mobility & Joint Care (Glucosamine & Omega-3),Purina Pro Plan Veterinary Diets JM Joint Mobility,Gentle In-Home Senior Care & Medication Supervision,"Maintain regular biannual health checkups, brush teeth weekly, and ensure fresh hydration throughout the day."
Dog,Poodle,5.4,23.7,Joint Issues / Arthritis,Low,Senior Mobility & Joint Care (Glucosamine & Omega-3),Purina Pro Plan Veterinary Diets JM Joint Mobility,Gentle In-Home Senior Care & Medication Supervision,"Provide orthopedic bedding, avoid stairs or sudden jumping, and supplement with EPA/DHA fatty acids for joint lubrication."
Cat,British Shorthair,16.0,5.9,Overweight,Low,Weight Management (Low Calorie & High Satiety Fiber),Hill's Science Diet Perfect Weight Formula,Gentle In-Home Senior Care & Medication Supervision,Engage in structured 30-minute low-impact daily walks. Weigh meal portions accurately and avoid high-calorie table scraps.
Dog,Labrador Retriever,11.4,33.9,Healthy,Low,Senior Mobility & Joint Care (Glucosamine & Omega-3),Purina Pro Plan Veterinary Diets JM Joint Mobility,Gentle In-Home Senior Care & Medication Supervision,"Maintain regular biannual health checkups, brush teeth weekly, and ensure fresh hydration throughout the day."
Dog,Poodle,11.3,14.5,Healthy,Low,Senior Mobility & Joint Care (Glucosamine & Omega-3),Purina Pro Plan Veterinary Diets JM Joint Mobility,Gentle In-Home Senior Care & Medication Supervision,"Maintain regular biannual health checkups, brush teeth weekly, and ensure fresh hydration throughout the day."
Dog,German Shepherd,10.2,43.0,Underweight,Moderate,Senior Mobility & Joint Care (Glucosamine & Omega-3),Purina Pro Plan Veterinary Diets JM Joint Mobility,Gentle In-Home Senior Care & Medication Supervision,"Maintain regular biannual health checkups, brush teeth weekly, and ensure fresh hydration throughout the day."
Dog,Beagle,0.8,7.8,Sensitive Stomach / Allergies,Very High,Growth & Development (High Protein & DHA),Royal Canin Puppy / Kitten Starter Nutrition,Puppy / Kitten Care & Socialization Routine,Feed 3-4 small portioned meals daily. Complete vaccination schedule and prioritize positive-reinforcement socialization for Beagle.
Cat,Domestic Shorthair,5.1,4.3,Sensitive Stomach / Allergies,Low,Hypoallergenic Single-Source Protein & Grain-Free,Farmina N&D Ocean Grain-Free Hypoallergenic Formula,Specialized Medical Monitoring & Controlled Diet Feeding,"Maintain regular biannual health checkups, brush teeth weekly, and ensure fresh hydration throughout the day."
Cat,Siamese Cat,11.9,4.5,Underweight,Moderate,Senior Mobility & Joint Care (Glucosamine & Omega-3),Purina Pro Plan Veterinary Diets JM Joint Mobility,Gentle In-Home Senior Care & Medication Supervision,"Maintain regular biannual health checkups, brush teeth weekly, and ensure fresh hydration throughout the day."
Dog,Beagle,10.3,14.5,Healthy,Low,Senior Mobility & Joint Care (Glucosamine & Omega-3),Purina Pro Plan Veterinary Diets JM Joint Mobility,Gentle In-Home Senior Care & Medication Supervision,"Maintain regular biannual health checkups, brush teeth weekly, and ensure fresh hydration throughout the day."
Cat,Maine Coon,9.8,4.4,Underweight,High,Senior Mobility & Joint Care (Glucosamine & Omega-3),Purina Pro Plan Veterinary Diets JM Joint Mobility,High-Energy Active Adventure & Agility Exercise,Needs at least 60-90 minutes of vigorous daily exercise and puzzle toys to prevent boredom and anxiety.
Dog,Siberian Husky,7.2,37.1,Overweight,Low,Weight Management (Low Calorie & High Satiety Fiber),Hill's Science Diet Perfect Weight Formula,Standard Boarding & Daily Enrichment Walking,Engage in structured 30-minute low-impact daily walks. Weigh meal portions accurately and avoid high-calorie table scraps.
Dog,German Shepherd,13.4,33.2,Healthy,Low,Senior Mobility & Joint Care (Glucosamine & Omega-3),Purina Pro Plan Veterinary Diets JM Joint Mobility,Gentle In-Home Senior Care & Medication Supervision,"Maintain regular biannual health checkups, brush teeth weekly, and ensure fresh hydration throughout the day."
Dog,Labrador Retriever,0.5,8.5,Healthy,Very High,Growth & Development (High Protein & DHA),Royal Canin Puppy / Kitten Starter Nutrition,Puppy / Kitten Care & Socialization Routine,Feed 3-4 small portioned meals daily. Complete vaccination schedule and prioritize positive-reinforcement socialization for Labrador Retriever.
Dog,Boxer,10.5,23.7,Healthy,Moderate,Senior Mobility & Joint Care (Glucosamine & Omega-3),Purina Pro Plan Veterinary Diets JM Joint Mobility,Gentle In-Home Senior Care & Medication Supervision,"Maintain regular biannual health checkups, brush teeth weekly, and ensure fresh hydration throughout the day."
Cat,British Shorthair,11.2,5.8,Overweight,Low,Weight Management (Low Calorie & High Satiety Fiber),Hill's Science Diet Perfect Weight Formula,Gentle In-Home Senior Care & Medication Supervision,Engage in structured 30-minute low-impact daily walks. Weigh meal portions accurately and avoid high-calorie table scraps.
Dog,Rottweiler,6.1,35.7,Healthy,Low,Daily Complete Balanced Adult Maintenance,Blue Buffalo Life Protection Natural Adult Blend,Standard Boarding & Daily Enrichment Walking,"Maintain regular biannual health checkups, brush teeth weekly, and ensure fresh hydration throughout the day."
Dog,Golden Retriever,8.5,24.8,Overweight,Low,Weight Management (Low Calorie & High Satiety Fiber),Hill's Science Diet Perfect Weight Formula,Standard Boarding & Daily Enrichment Walking,Engage in structured 30-minute low-impact daily walks. Weigh meal portions accurately and avoid high-calorie table scraps.
Dog,Poodle,7.0,14.2,Overweight,Low,Weight Management (Low Calorie & High Satiety Fiber),Hill's Science Diet Perfect Weight Formula,Standard Boarding & Daily Enrichment Walking,Engage in structured 30-minute low-impact daily walks. Weigh meal portions accurately and avoid high-calorie table scraps.
Dog,Siberian Husky,0.7,15.3,Healthy,High,Growth & Development (High Protein & DHA),Royal Canin Puppy / Kitten Starter Nutrition,Puppy / Kitten Care & Socialization Routine,Feed 3-4 small portioned meals daily. Complete vaccination schedule and prioritize positive-reinforcement socialization for Siberian Husky.
Dog,Dachshund,13.3,5.1,Overweight,Low,Weight Management (Low Calorie & High Satiety Fiber),Hill's Science Diet Perfect Weight Formula,Gentle In-Home Senior Care & Medication Supervision,Engage in structured 30-minute low-impact daily walks. Weigh meal portions accurately and avoid high-calorie table scraps.
Cat,Siamese Cat,8.9,3.9,Senior Cognitive Decline,Low,Senior Mobility & Joint Care (Glucosamine & Omega-3),Purina Pro Plan Veterinary Diets JM Joint Mobility,Gentle In-Home Senior Care & Medication Supervision,"Maintain regular biannual health checkups, brush teeth weekly, and ensure fresh hydration throughout the day."
Cat,Siamese Cat,1.3,5.9,Healthy,Very High,Active Performance & Muscle Fuel (30/20 High Energy),Orijen Amazing Grains High-Protein Energy Feast,High-Energy Active Adventure & Agility Exercise,Needs at least 60-90 minutes of vigorous daily exercise and puzzle toys to prevent boredom and anxiety.
Dog,Labrador Retriever,9.7,40.1,Joint Issues / Arthritis,Moderate,Senior Mobility & Joint Care (Glucosamine & Omega-3),Purina Pro Plan Veterinary Diets JM Joint Mobility,Gentle In-Home Senior Care & Medication Supervision,"Provide orthopedic bedding, avoid stairs or sudden jumping, and supplement with EPA/DHA fatty acids for joint lubrication."
Dog,Golden Retriever,0.7,18.3,Healthy,High,Growth & Development (High Protein & DHA),Royal Canin Puppy / Kitten Starter Nutrition,Puppy / Kitten Care & Socialization Routine,Feed 3-4 small portioned meals daily. Complete vaccination schedule and prioritize positive-reinforcement socialization for Golden Retriever.
Dog,Dachshund,14.0,8.2,Healthy,Moderate,Senior Mobility & Joint Care (Glucosamine & Omega-3),Purina Pro Plan Veterinary Diets JM Joint Mobility,Gentle In-Home Senior Care & Medication Supervision,"Maintain regular biannual health checkups, brush teeth weekly, and ensure fresh hydration throughout the day."
Dog,Boxer,15.0,38.0,Senior Cognitive Decline,Low,Senior Mobility & Joint Care (Glucosamine & Omega-3),Purina Pro Plan Veterinary Diets JM Joint Mobility,Gentle In-Home Senior Care & Medication Supervision,"Maintain regular biannual health checkups, brush teeth weekly, and ensure fresh hydration throughout the day."
Cat,Siamese Cat,17.2,4.3,Joint Issues / Arthritis,Low,Senior Mobility & Joint Care (Glucosamine & Omega-3),Purina Pro Plan Veterinary Diets JM Joint Mobility,Gentle In-Home Senior Care & Medication Supervision,"Provide orthopedic bedding, avoid stairs or sudden jumping, and supplement with EPA/DHA fatty acids for joint lubrication."
Dog,French Bulldog,5.2,12.7,Healthy,Moderate,Daily Complete Balanced Adult Maintenance,Blue Buffalo Life Protection Natural Adult Blend,Standard Boarding & Daily Enrichment Walking,"Maintain regular biannual health checkups, brush teeth weekly, and ensure fresh hydration throughout the day."
Dog,German Shepherd,1.0,26.8,Sensitive Stomach / Allergies,High,Hypoallergenic Single-Source Protein & Grain-Free,Farmina N&D Ocean Grain-Free Hypoallergenic Formula,High-Energy Active Adventure & Agility Exercise,Needs at least 60-90 minutes of vigorous daily exercise and puzzle toys to prevent boredom and anxiety.
Dog,Boxer,12.1,40.7,Healthy,Low,Senior Mobility & Joint Care (Glucosamine & Omega-3),Purina Pro Plan Veterinary Diets JM Joint Mobility,Gentle In-Home Senior Care & Medication Supervision,"Maintain regular biannual health checkups, brush teeth weekly, and ensure fresh hydration throughout the day."
Cat,Bengal Cat,10.2,3.0,Overweight,Low,Weight Management (Low Calorie & High Satiety Fiber),Hill's Science Diet Perfect Weight Formula,Gentle In-Home Senior Care & Medication Supervision,Engage in structured 30-minute low-impact daily walks. Weigh meal portions accurately and avoid high-calorie table scraps.
Dog,Siberian Husky,2.6,39.0,Healthy,High,Active Performance & Muscle Fuel (30/20 High Energy),Orijen Amazing Grains High-Protein Energy Feast,High-Energy Active Adventure & Agility Exercise,Needs at least 60-90 minutes of vigorous daily exercise and puzzle toys to prevent boredom and anxiety.
Dog,Poodle,12.4,22.6,Overweight,Low,Weight Management (Low Calorie & High Satiety Fiber),Hill's Science Diet Perfect Weight Formula,Gentle In-Home Senior Care & Medication Supervision,Engage in structured 30-minute low-impact daily walks. Weigh meal portions accurately and avoid high-calorie table scraps.
Dog,Boxer,9.7,32.6,Healthy,Very High,Senior Mobility & Joint Care (Glucosamine & Omega-3),Purina Pro Plan Veterinary Diets JM Joint Mobility,High-Energy Active Adventure & Agility Exercise,Needs at least 60-90 minutes of vigorous daily exercise and puzzle toys to prevent boredom and anxiety.
Dog,Rottweiler,14.9,26.3,Healthy,Moderate,Senior Mobility & Joint Care (Glucosamine & Omega-3),Purina Pro Plan Veterinary Diets JM Joint Mobility,Gentle In-Home Senior Care & Medication Supervision,"Maintain regular biannual health checkups, brush teeth weekly, and ensure fresh hydration throughout the day."
Dog,Labrador Retriever,1.2,33.2,Sensitive Stomach / Allergies,High,Hypoallergenic Single-Source Protein & Grain-Free,Farmina N&D Ocean Grain-Free Hypoallergenic Formula,High-Energy Active Adventure & Agility Exercise,Needs at least 60-90 minutes of vigorous daily exercise and puzzle toys to prevent boredom and anxiety.
Dog,Dachshund,12.6,8.7,Dental Issues,Low,Senior Mobility & Joint Care (Glucosamine & Omega-3),Purina Pro Plan Veterinary Diets JM Joint Mobility,Gentle In-Home Senior Care & Medication Supervision,"Maintain regular biannual health checkups, brush teeth weekly, and ensure fresh hydration throughout the day."
Cat,Bengal Cat,2.9,6.4,Sensitive Stomach / Allergies,High,Hypoallergenic Single-Source Protein & Grain-Free,Farmina N&D Ocean Grain-Free Hypoallergenic Formula,High-Energy Active Adventure & Agility Exercise,Needs at least 60-90 minutes of vigorous daily exercise and puzzle toys to prevent boredom and anxiety.
Dog,French Bulldog,6.0,18.9,Dental Issues,Very High,Active Performance & Muscle Fuel (30/20 High Energy),Orijen Amazing Grains High-Protein Energy Feast,High-Energy Active Adventure & Agility Exercise,Needs at least 60-90 minutes of vigorous daily exercise and puzzle toys to prevent boredom and anxiety.
Cat,British Shorthair,16.1,6.4,Senior Cognitive Decline,Moderate,Senior Mobility & Joint Care (Glucosamine & Omega-3),Purina Pro Plan Veterinary Diets JM Joint Mobility,Gentle In-Home Senior Care & Medication Supervision,"Maintain regular biannual health checkups, brush teeth weekly, and ensure fresh hydration throughout the day."
Dog,French Bulldog,12.2,12.8,Healthy,Low,Senior Mobility & Joint Care (Glucosamine & Omega-3),Purina Pro Plan Veterinary Diets JM Joint Mobility,Gentle In-Home Senior Care & Medication Supervision,"Maintain regular biannual health checkups, brush teeth weekly, and ensure fresh hydration throughout the day."
Dog,Siberian Husky,5.0,37.0,Joint Issues / Arthritis,Low,Senior Mobility & Joint Care (Glucosamine & Omega-3),Purina Pro Plan Veterinary Diets JM Joint Mobility,Gentle In-Home Senior Care & Medication Supervision,"Provide orthopedic bedding, avoid stairs or sudden jumping, and supplement with EPA/DHA fatty acids for joint lubrication."
Cat,Siamese Cat,11.7,7.5,Overweight,Low,Weight Management (Low Calorie & High Satiety Fiber),Hill's Science Diet Perfect Weight Formula,Gentle In-Home Senior Care & Medication Supervision,Engage in structured 30-minute low-impact daily walks. Weigh meal portions accurately and avoid high-calorie table scraps.
Dog,Rottweiler,3.0,33.5,Healthy,Low,Daily Complete Balanced Adult Maintenance,Blue Buffalo Life Protection Natural Adult Blend,Standard Boarding & Daily Enrichment Walking,"Maintain regular biannual health checkups, brush teeth weekly, and ensure fresh hydration throughout the day."
Dog,Poodle,3.7,21.2,Healthy,Moderate,Daily Complete Balanced Adult Maintenance,Blue Buffalo Life Protection Natural Adult Blend,Standard Boarding & Daily Enrichment Walking,"Maintain regular biannual health checkups, brush teeth weekly, and ensure fresh hydration throughout the day."
Dog,French Bulldog,14.1,17.5,Healthy,Low,Senior Mobility & Joint Care (Glucosamine & Omega-3),Purina Pro Plan Veterinary Diets JM Joint Mobility,Gentle In-Home Senior Care & Medication Supervision,"Maintain regular biannual health checkups, brush teeth weekly, and ensure fresh hydration throughout the day."
Cat,Persian Cat,7.4,7.6,Healthy,Moderate,Daily Complete Balanced Adult Maintenance,Blue Buffalo Life Protection Natural Adult Blend,Standard Boarding & Daily Enrichment Walking,"Maintain regular biannual health checkups, brush teeth weekly, and ensure fresh hydration throughout the day."
Dog,Labrador Retriever,10.5,30.4,Senior Cognitive Decline,Low,Senior Mobility & Joint Care (Glucosamine & Omega-3),Purina Pro Plan Veterinary Diets JM Joint Mobility,Gentle In-Home Senior Care & Medication Supervision,"Maintain regular biannual health checkups, brush teeth weekly, and ensure fresh hydration throughout the day."
Dog,Rottweiler,5.0,37.6,Sensitive Stomach / Allergies,Low,Hypoallergenic Single-Source Protein & Grain-Free,Farmina N&D Ocean Grain-Free Hypoallergenic Formula,Specialized Medical Monitoring & Controlled Diet Feeding,"Maintain regular biannual health checkups, brush teeth weekly, and ensure fresh hydration throughout the day."
Dog,Golden Retriever,6.7,28.4,Overweight,Low,Weight Management (Low Calorie & High Satiety Fiber),Hill's Science Diet Perfect Weight Formula,Standard Boarding & Daily Enrichment Walking,Engage in structured 30-minute low-impact daily walks. Weigh meal portions accurately and avoid high-calorie table scraps.
Dog,Dachshund,2.8,8.1,Healthy,High,Active Performance & Muscle Fuel (30/20 High Energy),Orijen Amazing Grains High-Protein Energy Feast,High-Energy Active Adventure & Agility Exercise,Needs at least 60-90 minutes of vigorous daily exercise and puzzle toys to prevent boredom and anxiety.
Dog,Siberian Husky,10.1,28.5,Sensitive Stomach / Allergies,Moderate,Senior Mobility & Joint Care (Glucosamine & Omega-3),Purina Pro Plan Veterinary Diets JM Joint Mobility,Gentle In-Home Senior Care & Medication Supervision,"Maintain regular biannual health checkups, brush teeth weekly, and ensure fresh hydration throughout the day."
Dog,Poodle,2.8,24.0,Healthy,Very High,Active Performance & Muscle Fuel (30/20 High Energy),Orijen Amazing Grains High-Protein Energy Feast,High-Energy Active Adventure & Agility Exercise,Needs at least 60-90 minutes of vigorous daily exercise and puzzle toys to prevent boredom and anxiety.
Dog,Rottweiler,7.2,30.3,Healthy,Moderate,Daily Complete Balanced Adult Maintenance,Blue Buffalo Life Protection Natural Adult Blend,Standard Boarding & Daily Enrichment Walking,"Maintain regular biannual health checkups, brush teeth weekly, and ensure fresh hydration throughout the day."
Dog,Siberian Husky,10.7,29.2,Healthy,Moderate,Senior Mobility & Joint Care (Glucosamine & Omega-3),Purina Pro Plan Veterinary Diets JM Joint Mobility,Gentle In-Home Senior Care & Medication Supervision,"Maintain regular biannual health checkups, brush teeth weekly, and ensure fresh hydration throughout the day."
Cat,Siamese Cat,4.3,3.2,Overweight,Low,Weight Management (Low Calorie & High Satiety Fiber),Hill's Science Diet Perfect Weight Formula,Standard Boarding & Daily Enrichment Walking,Engage in structured 30-minute low-impact daily walks. Weigh meal portions accurately and avoid high-calorie table scraps.
Cat,Domestic Shorthair,13.8,7.7,Healthy,Low,Senior Mobility & Joint Care (Glucosamine & Omega-3),Purina Pro Plan Veterinary Diets JM Joint Mobility,Gentle In-Home Senior Care & Medication Supervision,"Maintain regular biannual health checkups, brush teeth weekly, and ensure fresh hydration throughout the day."
Cat,Bengal Cat,2.7,5.5,Healthy,Very High,Active Performance & Muscle Fuel (30/20 High Energy),Orijen Amazing Grains High-Protein Energy Feast,High-Energy Active Adventure & Agility Exercise,Needs at least 60-90 minutes of vigorous daily exercise and puzzle toys to prevent boredom and anxiety.
Dog,German Shepherd,6.2,26.9,Joint Issues / Arthritis,Low,Senior Mobility & Joint Care (Glucosamine & Omega-3),Purina Pro Plan Veterinary Diets JM Joint Mobility,Gentle In-Home Senior Care & Medication Supervision,"Provide orthopedic bedding, avoid stairs or sudden jumping, and supplement with EPA/DHA fatty acids for joint lubrication."
Dog,Rottweiler,6.1,33.1,Healthy,High,Active Performance & Muscle Fuel (30/20 High Energy),Orijen Amazing Grains High-Protein Energy Feast,High-Energy Active Adventure & Agility Exercise,Needs at least 60-90 minutes of vigorous daily exercise and puzzle toys to prevent boredom and anxiety.
Cat,Persian Cat,12.9,7.6,Sensitive Stomach / Allergies,Moderate,Senior Mobility & Joint Care (Glucosamine & Omega-3),Purina Pro Plan Veterinary Diets JM Joint Mobility,Gentle In-Home Senior Care & Medication Supervision,"Maintain regular biannual health checkups, brush teeth weekly, and ensure fresh hydration throughout the day."
Dog,French Bulldog,9.6,12.3,Healthy,Moderate,Senior Mobility & Joint Care (Glucosamine & Omega-3),Purina Pro Plan Veterinary Diets JM Joint Mobility,Standard Boarding & Daily Enrichment Walking,"Maintain regular biannual health checkups, brush teeth weekly, and ensure fresh hydration throughout the day."
Dog,Dachshund,12.1,9.4,Underweight,Low,Senior Mobility & Joint Care (Glucosamine & Omega-3),Purina Pro Plan Veterinary Diets JM Joint Mobility,Gentle In-Home Senior Care & Medication Supervision,"Maintain regular biannual health checkups, brush teeth weekly, and ensure fresh hydration throughout the day."
Cat,Siamese Cat,11.9,4.0,Sensitive Stomach / Allergies,Low,Senior Mobility & Joint Care (Glucosamine & Omega-3),Purina Pro Plan Veterinary Diets JM Joint Mobility,Gentle In-Home Senior Care & Medication Supervision,"Maintain regular biannual health checkups, brush teeth weekly, and ensure fresh hydration throughout the day."
Dog,Poodle,11.3,18.4,Healthy,Low,Senior Mobility & Joint Care (Glucosamine & Omega-3),Purina Pro Plan Veterinary Diets JM Joint Mobility,Gentle In-Home Senior Care & Medication Supervision,"Maintain regular biannual health checkups, brush teeth weekly, and ensure fresh hydration throughout the day."
Cat,Bengal Cat,7.4,3.2,Sensitive Stomach / Allergies,Very High,Hypoallergenic Single-Source Protein & Grain-Free,Farmina N&D Ocean Grain-Free Hypoallergenic Formula,High-Energy Active Adventure & Agility Exercise,Needs at least 60-90 minutes of vigorous daily exercise and puzzle toys to prevent boredom and anxiety.
Dog,Siberian Husky,14.0,34.4,Healthy,Moderate,Senior Mobility & Joint Care (Glucosamine & Omega-3),Purina Pro Plan Veterinary Diets JM Joint Mobility,Gentle In-Home Senior Care & Medication Supervision,"Maintain regular biannual health checkups, brush teeth weekly, and ensure fresh hydration throughout the day."
Dog,Labrador Retriever,0.9,25.0,Healthy,Very High,Growth & Development (High Protein & DHA),Royal Canin Puppy / Kitten Starter Nutrition,Puppy / Kitten Care & Socialization Routine,Feed 3-4 small portioned meals daily. Complete vaccination schedule and prioritize positive-reinforcement socialization for Labrador Retriever.
Dog,German Shepherd,10.6,24.8,Healthy,Low,Senior Mobility & Joint Care (Glucosamine & Omega-3),Purina Pro Plan Veterinary Diets JM Joint Mobility,Gentle In-Home Senior Care & Medication Supervision,"Maintain regular biannual health checkups, brush teeth weekly, and ensure fresh hydration throughout the day."
Dog,Rottweiler,5.1,43.9,Healthy,Moderate,Daily Complete Balanced Adult Maintenance,Blue Buffalo Life Protection Natural Adult Blend,Standard Boarding & Daily Enrichment Walking,"Maintain regular biannual health checkups, brush teeth weekly, and ensure fresh hydration throughout the day."
Cat,Persian Cat,10.4,6.1,Healthy,Low,Senior Mobility & Joint Care (Glucosamine & Omega-3),Purina Pro Plan Veterinary Diets JM Joint Mobility,Gentle In-Home Senior Care & Medication Supervision,"Maintain regular biannual health checkups, brush teeth weekly, and ensure fresh hydration throughout the day."
Dog,Beagle,10.6,14.3,Senior Cognitive Decline,Moderate,Senior Mobility & Joint Care (Glucosamine & Omega-3),Purina Pro Plan Veterinary Diets JM Joint Mobility,Gentle In-Home Senior Care & Medication Supervision,"Maintain regular biannual health checkups, brush teeth weekly, and ensure fresh hydration throughout the day."
Cat,Siamese Cat,16.2,6.9,Sensitive Stomach / Allergies,Low,Senior Mobility & Joint Care (Glucosamine & Omega-3),Purina Pro Plan Veterinary Diets JM Joint Mobility,Gentle In-Home Senior Care & Medication Supervision,"Maintain regular biannual health checkups, brush teeth weekly, and ensure fresh hydration throughout the day."
Cat,Domestic Shorthair,11.9,3.8,Sensitive Stomach / Allergies,Low,Senior Mobility & Joint Care (Glucosamine & Omega-3),Purina Pro Plan Veterinary Diets JM Joint Mobility,Gentle In-Home Senior Care & Medication Supervision,"Maintain regular biannual health checkups, brush teeth weekly, and ensure fresh hydration throughout the day."
Dog,Rottweiler,7.5,23.7,Healthy,Low,Daily Complete Balanced Adult Maintenance,Blue Buffalo Life Protection Natural Adult Blend,Standard Boarding & Daily Enrichment Walking,"Maintain regular biannual health checkups, brush teeth weekly, and ensure fresh hydration throughout the day."
Dog,Rottweiler,5.2,35.4,Overweight,Moderate,Weight Management (Low Calorie & High Satiety Fiber),Hill's Science Diet Perfect Weight Formula,Standard Boarding & Daily Enrichment Walking,Engage in structured 30-minute low-impact daily walks. Weigh meal portions accurately and avoid high-calorie table scraps.
Dog,Beagle,6.3,13.8,Healthy,Low,Daily Complete Balanced Adult Maintenance,Blue Buffalo Life Protection Natural Adult Blend,Standard Boarding & Daily Enrichment Walking,"Maintain regular biannual health checkups, brush teeth weekly, and ensure fresh hydration throughout the day."
Dog,Labrador Retriever,3.8,24.4,Sensitive Stomach / Allergies,Moderate,Hypoallergenic Single-Source Protein & Grain-Free,Farmina N&D Ocean Grain-Free Hypoallergenic Formula,Specialized Medical Monitoring & Controlled Diet Feeding,"Maintain regular biannual health checkups, brush teeth weekly, and ensure fresh hydration throughout the day."
Dog,Labrador Retriever,8.5,40.1,Healthy,Moderate,Senior Mobility & Joint Care (Glucosamine & Omega-3),Purina Pro Plan Veterinary Diets JM Joint Mobility,Standard Boarding & Daily Enrichment Walking,"Maintain regular biannual health checkups, brush teeth weekly, and ensure fresh hydration throughout the day."
Dog,Labrador Retriever,1.6,23.0,Overweight,Low,Weight Management (Low Calorie & High Satiety Fiber),Hill's Science Diet Perfect Weight Formula,Standard Boarding & Daily Enrichment Walking,Engage in structured 30-minute low-impact daily walks. Weigh meal portions accurately and avoid high-calorie table scraps.
Dog,Boxer,5.6,39.6,Healthy,Very High,Active Performance & Muscle Fuel (30/20 High Energy),Orijen Amazing Grains High-Protein Energy Feast,High-Energy Active Adventure & Agility Exercise,Needs at least 60-90 minutes of vigorous daily exercise and puzzle toys to prevent boredom and anxiety.
Cat,Maine Coon,17.7,12.4,Sensitive Stomach / Allergies,Low,Senior Mobility & Joint Care (Glucosamine & Omega-3),Purina Pro Plan Veterinary Diets JM Joint Mobility,Gentle In-Home Senior Care & Medication Supervision,"Maintain regular biannual health checkups, brush teeth weekly, and ensure fresh hydration throughout the day."
Dog,Poodle,2.5,18.4,Post-Surgery Recovery,Moderate,Daily Complete Balanced Adult Maintenance,Blue Buffalo Life Protection Natural Adult Blend,Specialized Medical Monitoring & Controlled Diet Feeding,"Maintain regular biannual health checkups, brush teeth weekly, and ensure fresh hydration throughout the day."
Cat,Domestic Shorthair,1.2,7.3,Joint Issues / Arthritis,Low,Senior Mobility & Joint Care (Glucosamine & Omega-3),Purina Pro Plan Veterinary Diets JM Joint Mobility,Gentle In-Home Senior Care & Medication Supervision,"Provide orthopedic bedding, avoid stairs or sudden jumping, and supplement with EPA/DHA fatty acids for joint lubrication."
Dog,Golden Retriever,3.9,25.3,Joint Issues / Arthritis,Moderate,Senior Mobility & Joint Care (Glucosamine & Omega-3),Purina Pro Plan Veterinary Diets JM Joint Mobility,Gentle In-Home Senior Care & Medication Supervision,"Provide orthopedic bedding, avoid stairs or sudden jumping, and supplement with EPA/DHA fatty acids for joint lubrication."
Dog,Labrador Retriever,13.5,42.9,Overweight,Low,Weight Management (Low Calorie & High Satiety Fiber),Hill's Science Diet Perfect Weight Formula,Gentle In-Home Senior Care & Medication Supervision,Engage in structured 30-minute low-impact daily walks. Weigh meal portions accurately and avoid high-calorie table scraps.
Cat,Domestic Shorthair,16.7,3.7,Healthy,Moderate,Senior Mobility & Joint Care (Glucosamine & Omega-3),Purina Pro Plan Veterinary Diets JM Joint Mobility,Gentle In-Home Senior Care & Medication Supervision,"Maintain regular biannual health checkups, brush teeth weekly, and ensure fresh hydration throughout the day."
Cat,Domestic Shorthair,15.8,7.4,Healthy,Low,Senior Mobility & Joint Care (Glucosamine & Omega-3),Purina Pro Plan Veterinary Diets JM Joint Mobility,Gentle In-Home Senior Care & Medication Supervision,"Maintain regular biannual health checkups, brush teeth weekly, and ensure fresh hydration throughout the day."
Dog,Boxer,7.4,23.5,Healthy,Very High,Active Performance & Muscle Fuel (30/20 High Energy),Orijen Amazing Grains High-Protein Energy Feast,High-Energy Active Adventure & Agility Exercise,Needs at least 60-90 minutes of vigorous daily exercise and puzzle toys to prevent boredom and anxiety.
Dog,Dachshund,8.4,4.7,Healthy,Moderate,Senior Mobility & Joint Care (Glucosamine & Omega-3),Purina Pro Plan Veterinary Diets JM Joint Mobility,Standard Boarding & Daily Enrichment Walking,"Maintain regular biannual health checkups, brush teeth weekly, and ensure fresh hydration throughout the day."
Dog,Siberian Husky,9.2,23.2,Healthy,Very High,Senior Mobility & Joint Care (Glucosamine & Omega-3),Purina Pro Plan Veterinary Diets JM Joint Mobility,High-Energy Active Adventure & Agility Exercise,Needs at least 60-90 minutes of vigorous daily exercise and puzzle toys to prevent boredom and anxiety.
Dog,Rottweiler,12.7,35.9,Healthy,Moderate,Senior Mobility & Joint Care (Glucosamine & Omega-3),Purina Pro Plan Veterinary Diets JM Joint Mobility,Gentle In-Home Senior Care & Medication Supervision,"Maintain regular biannual health checkups, brush teeth weekly, and ensure fresh hydration throughout the day."
Dog,Golden Retriever,3.4,39.1,Joint Issues / Arthritis,Low,Senior Mobility & Joint Care (Glucosamine & Omega-3),Purina Pro Plan Veterinary Diets JM Joint Mobility,Gentle In-Home Senior Care & Medication Supervision,"Provide orthopedic bedding, avoid stairs or sudden jumping, and supplement with EPA/DHA fatty acids for joint lubrication."
Dog,Boxer,10.0,36.4,Post-Surgery Recovery,Very High,Senior Mobility & Joint Care (Glucosamine & Omega-3),Purina Pro Plan Veterinary Diets JM Joint Mobility,High-Energy Active Adventure & Agility Exercise,Needs at least 60-90 minutes of vigorous daily exercise and puzzle toys to prevent boredom and anxiety.
Dog,Siberian Husky,15.0,30.8,Sensitive Stomach / Allergies,Moderate,Senior Mobility & Joint Care (Glucosamine & Omega-3),Purina Pro Plan Veterinary Diets JM Joint Mobility,Gentle In-Home Senior Care & Medication Supervision,"Maintain regular biannual health checkups, brush teeth weekly, and ensure fresh hydration throughout the day."
Cat,British Shorthair,8.7,5.2,Underweight,Moderate,Senior Mobility & Joint Care (Glucosamine & Omega-3),Purina Pro Plan Veterinary Diets JM Joint Mobility,Standard Boarding & Daily Enrichment Walking,"Maintain regular biannual health checkups, brush teeth weekly, and ensure fresh hydration throughout the day."
Dog,Beagle,7.1,17.2,Healthy,Low,Daily Complete Balanced Adult Maintenance,Blue Buffalo Life Protection Natural Adult Blend,Standard Boarding & Daily Enrichment Walking,"Maintain regular biannual health checkups, brush teeth weekly, and ensure fresh hydration throughout the day."
Dog,Poodle,2.7,15.8,Healthy,High,Active Performance & Muscle Fuel (30/20 High Energy),Orijen Amazing Grains High-Protein Energy Feast,High-Energy Active Adventure & Agility Exercise,Needs at least 60-90 minutes of vigorous daily exercise and puzzle toys to prevent boredom and anxiety.
Dog,Labrador Retriever,14.1,40.3,Healthy,Low,Senior Mobility & Joint Care (Glucosamine & Omega-3),Purina Pro Plan Veterinary Diets JM Joint Mobility,Gentle In-Home Senior Care & Medication Supervision,"Maintain regular biannual health checkups, brush teeth weekly, and ensure fresh hydration throughout the day."
Dog,French Bulldog,11.6,13.9,Healthy,Low,Senior Mobility & Joint Care (Glucosamine & Omega-3),Purina Pro Plan Veterinary Diets JM Joint Mobility,Gentle In-Home Senior Care & Medication Supervision,"Maintain regular biannual health checkups, brush teeth weekly, and ensure fresh hydration throughout the day."
Cat,Bengal Cat,4.6,3.8,Healthy,Very High,Active Performance & Muscle Fuel (30/20 High Energy),Orijen Amazing Grains High-Protein Energy Feast,High-Energy Active Adventure & Agility Exercise,Needs at least 60-90 minutes of vigorous daily exercise and puzzle toys to prevent boredom and anxiety.
Dog,Beagle,12.3,11.0,Underweight,Low,Senior Mobility & Joint Care (Glucosamine & Omega-3),Purina Pro Plan Veterinary Diets JM Joint Mobility,Gentle In-Home Senior Care & Medication Supervision,"Maintain regular biannual health checkups, brush teeth weekly, and ensure fresh hydration throughout the day."
Dog,Rottweiler,3.2,40.9,Sensitive Stomach / Allergies,Moderate,Hypoallergenic Single-Source Protein & Grain-Free,Farmina N&D Ocean Grain-Free Hypoallergenic Formula,Specialized Medical Monitoring & Controlled Diet Feeding,"Maintain regular biannual health checkups, brush teeth weekly, and ensure fresh hydration throughout the day."
Dog,Golden Retriever,13.0,21.1,Overweight,Low,Weight Management (Low Calorie & High Satiety Fiber),Hill's Science Diet Perfect Weight Formula,Gentle In-Home Senior Care & Medication Supervision,Engage in structured 30-minute low-impact daily walks. Weigh meal portions accurately and avoid high-calorie table scraps.
Cat,British Shorthair,16.8,2.6,Senior Cognitive Decline,Low,Senior Mobility & Joint Care (Glucosamine & Omega-3),Purina Pro Plan Veterinary Diets JM Joint Mobility,Gentle In-Home Senior Care & Medication Supervision,"Maintain regular biannual health checkups, brush teeth weekly, and ensure fresh hydration throughout the day."
Cat,Bengal Cat,11.9,5.0,Underweight,Low,Senior Mobility & Joint Care (Glucosamine & Omega-3),Purina Pro Plan Veterinary Diets JM Joint Mobility,Gentle In-Home Senior Care & Medication Supervision,"Maintain regular biannual health checkups, brush teeth weekly, and ensure fresh hydration throughout the day."
Dog,Boxer,7.6,26.6,Healthy,High,Active Performance & Muscle Fuel (30/20 High Energy),Orijen Amazing Grains High-Protein Energy Feast,High-Energy Active Adventure & Agility Exercise,Needs at least 60-90 minutes of vigorous daily exercise and puzzle toys to prevent boredom and anxiety.
Dog,German Shepherd,1.9,39.5,Overweight,Moderate,Weight Management (Low Calorie & High Satiety Fiber),Hill's Science Diet Perfect Weight Formula,Standard Boarding & Daily Enrichment Walking,Engage in structured 30-minute low-impact daily walks. Weigh meal portions accurately and avoid high-calorie table scraps.
Dog,French Bulldog,12.0,13.7,Healthy,Low,Senior Mobility & Joint Care (Glucosamine & Omega-3),Purina Pro Plan Veterinary Diets JM Joint Mobility,Gentle In-Home Senior Care & Medication Supervision,"Maintain regular biannual health checkups, brush teeth weekly, and ensure fresh hydration throughout the day."
Dog,Dachshund,11.2,5.5,Joint Issues / Arthritis,Low,Senior Mobility & Joint Care (Glucosamine & Omega-3),Purina Pro Plan Veterinary Diets JM Joint Mobility,Gentle In-Home Senior Care & Medication Supervision,"Provide orthopedic bedding, avoid stairs or sudden jumping, and supplement with EPA/DHA fatty acids for joint lubrication."
Cat,Persian Cat,5.1,6.5,Healthy,Moderate,Daily Complete Balanced Adult Maintenance,Blue Buffalo Life Protection Natural Adult Blend,Standard Boarding & Daily Enrichment Walking,"Maintain regular biannual health checkups, brush teeth weekly, and ensure fresh hydration throughout the day."
Dog,Boxer,5.9,32.5,Overweight,Low,Weight Management (Low Calorie & High Satiety Fiber),Hill's Science Diet Perfect Weight Formula,Standard Boarding & Daily Enrichment Walking,Engage in structured 30-minute low-impact daily walks. Weigh meal portions accurately and avoid high-calorie table scraps.
Cat,Siamese Cat,7.9,6.0,Senior Cognitive Decline,Low,Daily Complete Balanced Adult Maintenance,Blue Buffalo Life Protection Natural Adult Blend,Gentle In-Home Senior Care & Medication Supervision,"Maintain regular biannual health checkups, brush teeth weekly, and ensure fresh hydration throughout the day."
Dog,French Bulldog,12.6,11.1,Healthy,Low,Senior Mobility & Joint Care (Glucosamine & Omega-3),Purina Pro Plan Veterinary Diets JM Joint Mobility,Gentle In-Home Senior Care & Medication Supervision,"Maintain regular biannual health checkups, brush teeth weekly, and ensure fresh hydration throughout the day."
Dog,Boxer,5.9,42.4,Joint Issues / Arthritis,Low,Senior Mobility & Joint Care (Glucosamine & Omega-3),Purina Pro Plan Veterinary Diets JM Joint Mobility,Gentle In-Home Senior Care & Medication Supervision,"Provide orthopedic bedding, avoid stairs or sudden jumping, and supplement with EPA/DHA fatty acids for joint lubrication."
Dog,Siberian Husky,1.9,28.6,Healthy,High,Active Performance & Muscle Fuel (30/20 High Energy),Orijen Amazing Grains High-Protein Energy Feast,High-Energy Active Adventure & Agility Exercise,Needs at least 60-90 minutes of vigorous daily exercise and puzzle toys to prevent boredom and anxiety.
Dog,French Bulldog,8.4,10.6,Healthy,Moderate,Senior Mobility & Joint Care (Glucosamine & Omega-3),Purina Pro Plan Veterinary Diets JM Joint Mobility,Standard Boarding & Daily Enrichment Walking,"Maintain regular biannual health checkups, brush teeth weekly, and ensure fresh hydration throughout the day."
Cat,Persian Cat,2.1,4.6,Dental Issues,Moderate,Daily Complete Balanced Adult Maintenance,Blue Buffalo Life Protection Natural Adult Blend,Standard Boarding & Daily Enrichment Walking,"Maintain regular biannual health checkups, brush teeth weekly, and ensure fresh hydration throughout the day."
Dog,Golden Retriever,4.0,31.1,Healthy,Moderate,Daily Complete Balanced Adult Maintenance,Blue Buffalo Life Protection Natural Adult Blend,Standard Boarding & Daily Enrichment Walking,"Maintain regular biannual health checkups, brush teeth weekly, and ensure fresh hydration throughout the day."
Dog,Dachshund,4.1,11.0,Healthy,Very High,Active Performance & Muscle Fuel (30/20 High Energy),Orijen Amazing Grains High-Protein Energy Feast,High-Energy Active Adventure & Agility Exercise,Needs at least 60-90 minutes of vigorous daily exercise and puzzle toys to prevent boredom and anxiety.
Cat,British Shorthair,4.0,6.7,Healthy,Low,Daily Complete Balanced Adult Maintenance,Blue Buffalo Life Protection Natural Adult Blend,Standard Boarding & Daily Enrichment Walking,"Maintain regular biannual health checkups, brush teeth weekly, and ensure fresh hydration throughout the day."
Dog,Dachshund,12.4,7.2,Healthy,Low,Senior Mobility & Joint Care (Glucosamine & Omega-3),Purina Pro Plan Veterinary Diets JM Joint Mobility,Gentle In-Home Senior Care & Medication Supervision,"Maintain regular biannual health checkups, brush teeth weekly, and ensure fresh hydration throughout the day."
Cat,Persian Cat,5.8,6.7,Healthy,High,Active Performance & Muscle Fuel (30/20 High Energy),Orijen Amazing Grains High-Protein Energy Feast,High-Energy Active Adventure & Agility Exercise,Needs at least 60-90 minutes of vigorous daily exercise and puzzle toys to prevent boredom and anxiety.
Cat,Persian Cat,12.3,8.2,Healthy,Low,Senior Mobility & Joint Care (Glucosamine & Omega-3),Purina Pro Plan Veterinary Diets JM Joint Mobility,Gentle In-Home Senior Care & Medication Supervision,"Maintain regular biannual health checkups, brush teeth weekly, and ensure fresh hydration throughout the day."
Dog,Golden Retriever,9.9,37.9,Sensitive Stomach / Allergies,High,Senior Mobility & Joint Care (Glucosamine & Omega-3),Purina Pro Plan Veterinary Diets JM Joint Mobility,High-Energy Active Adventure & Agility Exercise,Needs at least 60-90 minutes of vigorous daily exercise and puzzle toys to prevent boredom and anxiety.
Dog,French Bulldog,4.1,11.2,Healthy,Moderate,Daily Complete Balanced Adult Maintenance,Blue Buffalo Life Protection Natural Adult Blend,Standard Boarding & Daily Enrichment Walking,"Maintain regular biannual health checkups, brush teeth weekly, and ensure fresh hydration throughout the day."
Dog,French Bulldog,13.4,13.2,Overweight,Moderate,Weight Management (Low Calorie & High Satiety Fiber),Hill's Science Diet Perfect Weight Formula,Gentle In-Home Senior Care & Medication Supervision,Engage in structured 30-minute low-impact daily walks. Weigh meal portions accurately and avoid high-calorie table scraps.
Dog,French Bulldog,7.1,12.9,Healthy,Low,Daily Complete Balanced Adult Maintenance,Blue Buffalo Life Protection Natural Adult Blend,Standard Boarding & Daily Enrichment Walking,"Maintain regular biannual health checkups, brush teeth weekly, and ensure fresh hydration throughout the day."
Dog,Labrador Retriever,2.5,29.8,Joint Issues / Arthritis,Low,Senior Mobility & Joint Care (Glucosamine & Omega-3),Purina Pro Plan Veterinary Diets JM Joint Mobility,Gentle In-Home Senior Care & Medication Supervision,"Provide orthopedic bedding, avoid stairs or sudden jumping, and supplement with EPA/DHA fatty acids for joint lubrication."
Cat,Bengal Cat,2.8,2.9,Post-Surgery Recovery,High,Active Performance & Muscle Fuel (30/20 High Energy),Orijen Amazing Grains High-Protein Energy Feast,High-Energy Active Adventure & Agility Exercise,Needs at least 60-90 minutes of vigorous daily exercise and puzzle toys to prevent boredom and anxiety.
Cat,Maine Coon,17.7,7.7,Overweight,Low,Weight Management (Low Calorie & High Satiety Fiber),Hill's Science Diet Perfect Weight Formula,Gentle In-Home Senior Care & Medication Supervision,Engage in structured 30-minute low-impact daily walks. Weigh meal portions accurately and avoid high-calorie table scraps.
Cat,British Shorthair,15.8,3.8,Healthy,Low,Senior Mobility & Joint Care (Glucosamine & Omega-3),Purina Pro Plan Veterinary Diets JM Joint Mobility,Gentle In-Home Senior Care & Medication Supervision,"Maintain regular biannual health checkups, brush teeth weekly, and ensure fresh hydration throughout the day."
Dog,Dachshund,5.1,8.6,Healthy,Moderate,Daily Complete Balanced Adult Maintenance,Blue Buffalo Life Protection Natural Adult Blend,Standard Boarding & Daily Enrichment Walking,"Maintain regular biannual health checkups, brush teeth weekly, and ensure fresh hydration throughout the day."
Cat,Maine Coon,9.2,6.0,Joint Issues / Arthritis,Low,Senior Mobility & Joint Care (Glucosamine & Omega-3),Purina Pro Plan Veterinary Diets JM Joint Mobility,Gentle In-Home Senior Care & Medication Supervision,"Provide orthopedic bedding, avoid stairs or sudden jumping, and supplement with EPA/DHA fatty acids for joint lubrication."
Cat,Maine Coon,2.7,6.0,Overweight,Low,Weight Management (Low Calorie & High Satiety Fiber),Hill's Science Diet Perfect Weight Formula,Standard Boarding & Daily Enrichment Walking,Engage in structured 30-minute low-impact daily walks. Weigh meal portions accurately and avoid high-calorie table scraps.
Dog,French Bulldog,4.4,13.2,Sensitive Stomach / Allergies,Low,Hypoallergenic Single-Source Protein & Grain-Free,Farmina N&D Ocean Grain-Free Hypoallergenic Formula,Specialized Medical Monitoring & Controlled Diet Feeding,"Maintain regular biannual health checkups, brush teeth weekly, and ensure fresh hydration throughout the day."
Dog,Dachshund,3.7,5.3,Healthy,Low,Daily Complete Balanced Adult Maintenance,Blue Buffalo Life Protection Natural Adult Blend,Standard Boarding & Daily Enrichment Walking,"Maintain regular biannual health checkups, brush teeth weekly, and ensure fresh hydration throughout the day."
Cat,Siamese Cat,4.7,6.6,Overweight,Low,Weight Management (Low Calorie & High Satiety Fiber),Hill's Science Diet Perfect Weight Formula,Standard Boarding & Daily Enrichment Walking,Engage in structured 30-minute low-impact daily walks. Weigh meal portions accurately and avoid high-calorie table scraps.
Dog,Poodle,5.1,6.7,Healthy,Moderate,Daily Complete Balanced Adult Maintenance,Blue Buffalo Life Protection Natural Adult Blend,Standard Boarding & Daily Enrichment Walking,"Maintain regular biannual health checkups, brush teeth weekly, and ensure fresh hydration throughout the day."
Dog,French Bulldog,13.9,10.8,Healthy,Moderate,Senior Mobility & Joint Care (Glucosamine & Omega-3),Purina Pro Plan Veterinary Diets JM Joint Mobility,Gentle In-Home Senior Care & Medication Supervision,"Maintain regular biannual health checkups, brush teeth weekly, and ensure fresh hydration throughout the day."
Dog,Dachshund,0.9,6.9,Healthy,High,Growth & Development (High Protein & DHA),Royal Canin Puppy / Kitten Starter Nutrition,Puppy / Kitten Care & Socialization Routine,Feed 3-4 small portioned meals daily. Complete vaccination schedule and prioritize positive-reinforcement socialization for Dachshund.
Dog,Dachshund,0.7,3.5,Healthy,High,Growth & Development (High Protein & DHA),Royal Canin Puppy / Kitten Starter Nutrition,Puppy / Kitten Care & Socialization Routine,Feed 3-4 small portioned meals daily. Complete vaccination schedule and prioritize positive-reinforcement socialization for Dachshund.
Dog,Rottweiler,10.7,38.3,Healthy,Low,Senior Mobility & Joint Care (Glucosamine & Omega-3),Purina Pro Plan Veterinary Diets JM Joint Mobility,Gentle In-Home Senior Care & Medication Supervision,"Maintain regular biannual health checkups, brush teeth weekly, and ensure fresh hydration throughout the day."
Dog,Golden Retriever,8.3,28.1,Overweight,Moderate,Weight Management (Low Calorie & High Satiety Fiber),Hill's Science Diet Perfect Weight Formula,Standard Boarding & Daily Enrichment Walking,Engage in structured 30-minute low-impact daily walks. Weigh meal portions accurately and avoid high-calorie table scraps.
Cat,Bengal Cat,6.2,2.9,Sensitive Stomach / Allergies,Very High,Hypoallergenic Single-Source Protein & Grain-Free,Farmina N&D Ocean Grain-Free Hypoallergenic Formula,High-Energy Active Adventure & Agility Exercise,Needs at least 60-90 minutes of vigorous daily exercise and puzzle toys to prevent boredom and anxiety.
Dog,Golden Retriever,14.7,42.0,Healthy,Low,Senior Mobility & Joint Care (Glucosamine & Omega-3),Purina Pro Plan Veterinary Diets JM Joint Mobility,Gentle In-Home Senior Care & Medication Supervision,"Maintain regular biannual health checkups, brush teeth weekly, and ensure fresh hydration throughout the day."
Dog,French Bulldog,11.6,10.4,Overweight,Low,Weight Management (Low Calorie & High Satiety Fiber),Hill's Science Diet Perfect Weight Formula,Gentle In-Home Senior Care & Medication Supervision,Engage in structured 30-minute low-impact daily walks. Weigh meal portions accurately and avoid high-calorie table scraps.
Dog,Dachshund,14.0,9.3,Sensitive Stomach / Allergies,Low,Senior Mobility & Joint Care (Glucosamine & Omega-3),Purina Pro Plan Veterinary Diets JM Joint Mobility,Gentle In-Home Senior Care & Medication Supervision,"Maintain regular biannual health checkups, brush teeth weekly, and ensure fresh hydration throughout the day."
Cat,Domestic Shorthair,11.2,5.7,Healthy,Moderate,Senior Mobility & Joint Care (Glucosamine & Omega-3),Purina Pro Plan Veterinary Diets JM Joint Mobility,Gentle In-Home Senior Care & Medication Supervision,"Maintain regular biannual health checkups, brush teeth weekly, and ensure fresh hydration throughout the day."
Cat,Domestic Shorthair,17.6,5.8,Overweight,Low,Weight Management (Low Calorie & High Satiety Fiber),Hill's Science Diet Perfect Weight Formula,Gentle In-Home Senior Care & Medication Supervision,Engage in structured 30-minute low-impact daily walks. Weigh meal portions accurately and avoid high-calorie table scraps.
Dog,Golden Retriever,12.4,39.5,Underweight,Low,Senior Mobility & Joint Care (Glucosamine & Omega-3),Purina Pro Plan Veterinary Diets JM Joint Mobility,Gentle In-Home Senior Care & Medication Supervision,"Maintain regular biannual health checkups, brush teeth weekly, and ensure fresh hydration throughout the day."
Cat,Maine Coon,17.4,9.4,Joint Issues / Arthritis,Low,Senior Mobility & Joint Care (Glucosamine & Omega-3),Purina Pro Plan Veterinary Diets JM Joint Mobility,Gentle In-Home Senior Care & Medication Supervision,"Provide orthopedic bedding, avoid stairs or sudden jumping, and supplement with EPA/DHA fatty acids for joint lubrication."
Dog,Golden Retriever,1.5,37.5,Sensitive Stomach / Allergies,Very High,Hypoallergenic Single-Source Protein & Grain-Free,Farmina N&D Ocean Grain-Free Hypoallergenic Formula,High-Energy Active Adventure & Agility Exercise,Needs at least 60-90 minutes of vigorous daily exercise and puzzle toys to prevent boredom and anxiety.
Cat,British Shorthair,8.4,3.6,Sensitive Stomach / Allergies,Moderate,Senior Mobility & Joint Care (Glucosamine & Omega-3),Purina Pro Plan Veterinary Diets JM Joint Mobility,Specialized Medical Monitoring & Controlled Diet Feeding,"Maintain regular biannual health checkups, brush teeth weekly, and ensure fresh hydration throughout the day."
Dog,Poodle,7.5,17.1,Healthy,High,Active Performance & Muscle Fuel (30/20 High Energy),Orijen Amazing Grains High-Protein Energy Feast,High-Energy Active Adventure & Agility Exercise,Needs at least 60-90 minutes of vigorous daily exercise and puzzle toys to prevent boredom and anxiety.
Dog,Poodle,9.9,8.2,Healthy,Very High,Senior Mobility & Joint Care (Glucosamine & Omega-3),Purina Pro Plan Veterinary Diets JM Joint Mobility,High-Energy Active Adventure & Agility Exercise,Needs at least 60-90 minutes of vigorous daily exercise and puzzle toys to prevent boredom and anxiety.
Dog,Boxer,13.1,39.5,Dental Issues,Low,Senior Mobility & Joint Care (Glucosamine & Omega-3),Purina Pro Plan Veterinary Diets JM Joint Mobility,Gentle In-Home Senior Care & Medication Supervision,"Maintain regular biannual health checkups, brush teeth weekly, and ensure fresh hydration throughout the day."
Dog,Siberian Husky,1.9,38.1,Sensitive Stomach / Allergies,High,Hypoallergenic Single-Source Protein & Grain-Free,Farmina N&D Ocean Grain-Free Hypoallergenic Formula,High-Energy Active Adventure & Agility Exercise,Needs at least 60-90 minutes of vigorous daily exercise and puzzle toys to prevent boredom and anxiety.
Dog,German Shepherd,2.5,35.2,Joint Issues / Arthritis,Low,Senior Mobility & Joint Care (Glucosamine & Omega-3),Purina Pro Plan Veterinary Diets JM Joint Mobility,Gentle In-Home Senior Care & Medication Supervision,"Provide orthopedic bedding, avoid stairs or sudden jumping, and supplement with EPA/DHA fatty acids for joint lubrication."
Dog,Labrador Retriever,1.1,34.6,Healthy,Very High,Active Performance & Muscle Fuel (30/20 High Energy),Orijen Amazing Grains High-Protein Energy Feast,High-Energy Active Adventure & Agility Exercise,Needs at least 60-90 minutes of vigorous daily exercise and puzzle toys to prevent boredom and anxiety.
Dog,Labrador Retriever,5.8,41.6,Healthy,Moderate,Daily Complete Balanced Adult Maintenance,Blue Buffalo Life Protection Natural Adult Blend,Standard Boarding & Daily Enrichment Walking,"Maintain regular biannual health checkups, brush teeth weekly, and ensure fresh hydration throughout the day."
Dog,Golden Retriever,3.3,22.2,Healthy,Moderate,Daily Complete Balanced Adult Maintenance,Blue Buffalo Life Protection Natural Adult Blend,Standard Boarding & Daily Enrichment Walking,"Maintain regular biannual health checkups, brush teeth weekly, and ensure fresh hydration throughout the day."
Cat,Siamese Cat,15.9,5.0,Underweight,Low,Senior Mobility & Joint Care (Glucosamine & Omega-3),Purina Pro Plan Veterinary Diets JM Joint Mobility,Gentle In-Home Senior Care & Medication Supervision,"Maintain regular biannual health checkups, brush teeth weekly, and ensure fresh hydration throughout the day."
Cat,Bengal Cat,10.2,3.1,Post-Surgery Recovery,Moderate,Senior Mobility & Joint Care (Glucosamine & Omega-3),Purina Pro Plan Veterinary Diets JM Joint Mobility,Gentle In-Home Senior Care & Medication Supervision,"Maintain regular biannual health checkups, brush teeth weekly, and ensure fresh hydration throughout the day."
Cat,British Shorthair,8.8,6.5,Dental Issues,High,Senior Mobility & Joint Care (Glucosamine & Omega-3),Purina Pro Plan Veterinary Diets JM Joint Mobility,High-Energy Active Adventure & Agility Exercise,Needs at least 60-90 minutes of vigorous daily exercise and puzzle toys to prevent boredom and anxiety.
Cat,Domestic Shorthair,7.3,9.0,Overweight,Low,Weight Management (Low Calorie & High Satiety Fiber),Hill's Science Diet Perfect Weight Formula,Standard Boarding & Daily Enrichment Walking,Engage in structured 30-minute low-impact daily walks. Weigh meal portions accurately and avoid high-calorie table scraps.
Dog,Siberian Husky,9.8,23.6,Healthy,Very High,Senior Mobility & Joint Care (Glucosamine & Omega-3),Purina Pro Plan Veterinary Diets JM Joint Mobility,High-Energy Active Adventure & Agility Exercise,Needs at least 60-90 minutes of vigorous daily exercise and puzzle toys to prevent boredom and anxiety.
Dog,Boxer,12.8,39.2,Joint Issues / Arthritis,Low,Senior Mobility & Joint Care (Glucosamine & Omega-3),Purina Pro Plan Veterinary Diets JM Joint Mobility,Gentle In-Home Senior Care & Medication Supervision,"Provide orthopedic bedding, avoid stairs or sudden jumping, and supplement with EPA/DHA fatty acids for joint lubrication."
Dog,Boxer,7.2,31.3,Senior Cognitive Decline,Low,Daily Complete Balanced Adult Maintenance,Blue Buffalo Life Protection Natural Adult Blend,Gentle In-Home Senior Care & Medication Supervision,"Maintain regular biannual health checkups, brush teeth weekly, and ensure fresh hydration throughout the day."
Dog,Rottweiler,10.3,26.6,Overweight,Low,Weight Management (Low Calorie & High Satiety Fiber),Hill's Science Diet Perfect Weight Formula,Gentle In-Home Senior Care & Medication Supervision,Engage in structured 30-minute low-impact daily walks. Weigh meal portions accurately and avoid high-calorie table scraps.
Cat,Domestic Shorthair,13.0,2.5,Joint Issues / Arthritis,Low,Senior Mobility & Joint Care (Glucosamine & Omega-3),Purina Pro Plan Veterinary Diets JM Joint Mobility,Gentle In-Home Senior Care & Medication Supervision,"Provide orthopedic bedding, avoid stairs or sudden jumping, and supplement with EPA/DHA fatty acids for joint lubrication."
Cat,Siamese Cat,3.9,4.8,Underweight,Very High,Active Performance & Muscle Fuel (30/20 High Energy),Orijen Amazing Grains High-Protein Energy Feast,High-Energy Active Adventure & Agility Exercise,Needs at least 60-90 minutes of vigorous daily exercise and puzzle toys to prevent boredom and anxiety.
Dog,Golden Retriever,3.1,42.7,Overweight,Low,Weight Management (Low Calorie & High Satiety Fiber),Hill's Science Diet Perfect Weight Formula,Standard Boarding & Daily Enrichment Walking,Engage in structured 30-minute low-impact daily walks. Weigh meal portions accurately and avoid high-calorie table scraps.
Cat,Persian Cat,3.1,7.7,Healthy,Low,Daily Complete Balanced Adult Maintenance,Blue Buffalo Life Protection Natural Adult Blend,Standard Boarding & Daily Enrichment Walking,"Maintain regular biannual health checkups, brush teeth weekly, and ensure fresh hydration throughout the day."
Cat,Bengal Cat,10.6,4.0,Healthy,Low,Senior Mobility & Joint Care (Glucosamine & Omega-3),Purina Pro Plan Veterinary Diets JM Joint Mobility,Gentle In-Home Senior Care & Medication Supervision,"Maintain regular biannual health checkups, brush teeth weekly, and ensure fresh hydration throughout the day."
Dog,Beagle,9.1,13.2,Healthy,High,Senior Mobility & Joint Care (Glucosamine & Omega-3),Purina Pro Plan Veterinary Diets JM Joint Mobility,High-Energy Active Adventure & Agility Exercise,Needs at least 60-90 minutes of vigorous daily exercise and puzzle toys to prevent boredom and anxiety.
Dog,Poodle,6.8,15.9,Joint Issues / Arthritis,Moderate,Senior Mobility & Joint Care (Glucosamine & Omega-3),Purina Pro Plan Veterinary Diets JM Joint Mobility,Gentle In-Home Senior Care & Medication Supervision,"Provide orthopedic bedding, avoid stairs or sudden jumping, and supplement with EPA/DHA fatty acids for joint lubrication."
Cat,Persian Cat,10.6,7.8,Post-Surgery Recovery,Low,Senior Mobility & Joint Care (Glucosamine & Omega-3),Purina Pro Plan Veterinary Diets JM Joint Mobility,Gentle In-Home Senior Care & Medication Supervision,"Maintain regular biannual health checkups, brush teeth weekly, and ensure fresh hydration throughout the day."
Dog,German Shepherd,13.7,30.4,Healthy,Low,Senior Mobility & Joint Care (Glucosamine & Omega-3),Purina Pro Plan Veterinary Diets JM Joint Mobility,Gentle In-Home Senior Care & Medication Supervision,"Maintain regular biannual health checkups, brush teeth weekly, and ensure fresh hydration throughout the day."
Dog,Boxer,5.9,38.4,Healthy,High,Active Performance & Muscle Fuel (30/20 High Energy),Orijen Amazing Grains High-Protein Energy Feast,High-Energy Active Adventure & Agility Exercise,Needs at least 60-90 minutes of vigorous daily exercise and puzzle toys to prevent boredom and anxiety.
Cat,Bengal Cat,16.2,6.4,Healthy,Low,Senior Mobility & Joint Care (Glucosamine & Omega-3),Purina Pro Plan Veterinary Diets JM Joint Mobility,Gentle In-Home Senior Care & Medication Supervision,"Maintain regular biannual health checkups, brush teeth weekly, and ensure fresh hydration throughout the day."
Dog,Siberian Husky,4.2,25.2,Healthy,Very High,Active Performance & Muscle Fuel (30/20 High Energy),Orijen Amazing Grains High-Protein Energy Feast,High-Energy Active Adventure & Agility Exercise,Needs at least 60-90 minutes of vigorous daily exercise and puzzle toys to prevent boredom and anxiety.
Dog,German Shepherd,10.4,31.6,Healthy,Low,Senior Mobility & Joint Care (Glucosamine & Omega-3),Purina Pro Plan Veterinary Diets JM Joint Mobility,Gentle In-Home Senior Care & Medication Supervision,"Maintain regular biannual health checkups, brush teeth weekly, and ensure fresh hydration throughout the day."
Dog,Dachshund,9.8,6.9,Post-Surgery Recovery,High,Senior Mobility & Joint Care (Glucosamine & Omega-3),Purina Pro Plan Veterinary Diets JM Joint Mobility,High-Energy Active Adventure & Agility Exercise,Needs at least 60-90 minutes of vigorous daily exercise and puzzle toys to prevent boredom and anxiety.
Cat,Domestic Shorthair,10.5,3.8,Healthy,Moderate,Senior Mobility & Joint Care (Glucosamine & Omega-3),Purina Pro Plan Veterinary Diets JM Joint Mobility,Gentle In-Home Senior Care & Medication Supervision,"Maintain regular biannual health checkups, brush teeth weekly, and ensure fresh hydration throughout the day."
Dog,Dachshund,1.5,8.6,Healthy,Very High,Active Performance & Muscle Fuel (30/20 High Energy),Orijen Amazing Grains High-Protein Energy Feast,High-Energy Active Adventure & Agility Exercise,Needs at least 60-90 minutes of vigorous daily exercise and puzzle toys to prevent boredom and anxiety.
Dog,Poodle,4.6,10.5,Underweight,High,Active Performance & Muscle Fuel (30/20 High Energy),Orijen Amazing Grains High-Protein Energy Feast,High-Energy Active Adventure & Agility Exercise,Needs at least 60-90 minutes of vigorous daily exercise and puzzle toys to prevent boredom and anxiety.
Cat,Siamese Cat,11.0,3.1,Overweight,Low,Weight Management (Low Calorie & High Satiety Fiber),Hill's Science Diet Perfect Weight Formula,Gentle In-Home Senior Care & Medication Supervision,Engage in structured 30-minute low-impact daily walks. Weigh meal portions accurately and avoid high-calorie table scraps.
Dog,Labrador Retriever,12.8,29.3,Healthy,Low,Senior Mobility & Joint Care (Glucosamine & Omega-3),Purina Pro Plan Veterinary Diets JM Joint Mobility,Gentle In-Home Senior Care & Medication Supervision,"Maintain regular biannual health checkups, brush teeth weekly, and ensure fresh hydration throughout the day."
Cat,Siamese Cat,1.2,8.2,Healthy,High,Active Performance & Muscle Fuel (30/20 High Energy),Orijen Amazing Grains High-Protein Energy Feast,High-Energy Active Adventure & Agility Exercise,Needs at least 60-90 minutes of vigorous daily exercise and puzzle toys to prevent boredom and anxiety.
Cat,Persian Cat,11.5,6.7,Underweight,Low,Senior Mobility & Joint Care (Glucosamine & Omega-3),Purina Pro Plan Veterinary Diets JM Joint Mobility,Gentle In-Home Senior Care & Medication Supervision,"Maintain regular biannual health checkups, brush teeth weekly, and ensure fresh hydration throughout the day."
Dog,French Bulldog,1.2,17.3,Healthy,Very High,Active Performance & Muscle Fuel (30/20 High Energy),Orijen Amazing Grains High-Protein Energy Feast,High-Energy Active Adventure & Agility Exercise,Needs at least 60-90 minutes of vigorous daily exercise and puzzle toys to prevent boredom and anxiety.
Cat,Domestic Shorthair,13.4,3.9,Sensitive Stomach / Allergies,Low,Senior Mobility & Joint Care (Glucosamine & Omega-3),Purina Pro Plan Veterinary Diets JM Joint Mobility,Gentle In-Home Senior Care & Medication Supervision,"Maintain regular biannual health checkups, brush teeth weekly, and ensure fresh hydration throughout the day."
Dog,German Shepherd,12.2,30.2,Underweight,Moderate,Senior Mobility & Joint Care (Glucosamine & Omega-3),Purina Pro Plan Veterinary Diets JM Joint Mobility,Gentle In-Home Senior Care & Medication Supervision,"Maintain regular biannual health checkups, brush teeth weekly, and ensure fresh hydration throughout the day."
Dog,Beagle,10.7,12.0,Joint Issues / Arthritis,Moderate,Senior Mobility & Joint Care (Glucosamine & Omega-3),Purina Pro Plan Veterinary Diets JM Joint Mobility,Gentle In-Home Senior Care & Medication Supervision,"Provide orthopedic bedding, avoid stairs or sudden jumping, and supplement with EPA/DHA fatty acids for joint lubrication."
Dog,Labrador Retriever,1.7,28.4,Joint Issues / Arthritis,Low,Senior Mobility & Joint Care (Glucosamine & Omega-3),Purina Pro Plan Veterinary Diets JM Joint Mobility,Gentle In-Home Senior Care & Medication Supervision,"Provide orthopedic bedding, avoid stairs or sudden jumping, and supplement with EPA/DHA fatty acids for joint lubrication."
Cat,British Shorthair,7.1,5.4,Overweight,Low,Weight Management (Low Calorie & High Satiety Fiber),Hill's Science Diet Perfect Weight Formula,Standard Boarding & Daily Enrichment Walking,Engage in structured 30-minute low-impact daily walks. Weigh meal portions accurately and avoid high-calorie table scraps.
Dog,Siberian Husky,6.8,40.2,Sensitive Stomach / Allergies,High,Hypoallergenic Single-Source Protein & Grain-Free,Farmina N&D Ocean Grain-Free Hypoallergenic Formula,High-Energy Active Adventure & Agility Exercise,Needs at least 60-90 minutes of vigorous daily exercise and puzzle toys to prevent boredom and anxiety.
Dog,French Bulldog,5.0,9.8,Healthy,Very High,Active Performance & Muscle Fuel (30/20 High Energy),Orijen Amazing Grains High-Protein Energy Feast,High-Energy Active Adventure & Agility Exercise,Needs at least 60-90 minutes of vigorous daily exercise and puzzle toys to prevent boredom and anxiety.
Cat,Maine Coon,17.3,11.9,Healthy,Low,Senior Mobility & Joint Care (Glucosamine & Omega-3),Purina Pro Plan Veterinary Diets JM Joint Mobility,Gentle In-Home Senior Care & Medication Supervision,"Maintain regular biannual health checkups, brush teeth weekly, and ensure fresh hydration throughout the day."
Dog,French Bulldog,14.1,11.5,Joint Issues / Arthritis,Moderate,Senior Mobility & Joint Care (Glucosamine & Omega-3),Purina Pro Plan Veterinary Diets JM Joint Mobility,Gentle In-Home Senior Care & Medication Supervision,"Provide orthopedic bedding, avoid stairs or sudden jumping, and supplement with EPA/DHA fatty acids for joint lubrication."
Dog,Poodle,4.7,23.8,Healthy,Low,Daily Complete Balanced Adult Maintenance,Blue Buffalo Life Protection Natural Adult Blend,Standard Boarding & Daily Enrichment Walking,"Maintain regular biannual health checkups, brush teeth weekly, and ensure fresh hydration throughout the day."
Dog,Boxer,11.3,29.5,Healthy,Low,Senior Mobility & Joint Care (Glucosamine & Omega-3),Purina Pro Plan Veterinary Diets JM Joint Mobility,Gentle In-Home Senior Care & Medication Supervision,"Maintain regular biannual health checkups, brush teeth weekly, and ensure fresh hydration throughout the day."
Dog,Labrador Retriever,1.5,35.2,Dental Issues,Very High,Active Performance & Muscle Fuel (30/20 High Energy),Orijen Amazing Grains High-Protein Energy Feast,High-Energy Active Adventure & Agility Exercise,Needs at least 60-90 minutes of vigorous daily exercise and puzzle toys to prevent boredom and anxiety.
Cat,Bengal Cat,7.5,2.4,Sensitive Stomach / Allergies,Very High,Hypoallergenic Single-Source Protein & Grain-Free,Farmina N&D Ocean Grain-Free Hypoallergenic Formula,High-Energy Active Adventure & Agility Exercise,Needs at least 60-90 minutes of vigorous daily exercise and puzzle toys to prevent boredom and anxiety.
Dog,Labrador Retriever,5.8,22.3,Joint Issues / Arthritis,Low,Senior Mobility & Joint Care (Glucosamine & Omega-3),Purina Pro Plan Veterinary Diets JM Joint Mobility,Gentle In-Home Senior Care & Medication Supervision,"Provide orthopedic bedding, avoid stairs or sudden jumping, and supplement with EPA/DHA fatty acids for joint lubrication."
Dog,Beagle,0.4,3.2,Healthy,Very High,Growth & Development (High Protein & DHA),Royal Canin Puppy / Kitten Starter Nutrition,Puppy / Kitten Care & Socialization Routine,Feed 3-4 small portioned meals daily. Complete vaccination schedule and prioritize positive-reinforcement socialization for Beagle.
Dog,French Bulldog,3.3,10.5,Overweight,Moderate,Weight Management (Low Calorie & High Satiety Fiber),Hill's Science Diet Perfect Weight Formula,Standard Boarding & Daily Enrichment Walking,Engage in structured 30-minute low-impact daily walks. Weigh meal portions accurately and avoid high-calorie table scraps.
Dog,Rottweiler,7.0,25.3,Joint Issues / Arthritis,Low,Senior Mobility & Joint Care (Glucosamine & Omega-3),Purina Pro Plan Veterinary Diets JM Joint Mobility,Gentle In-Home Senior Care & Medication Supervision,"Provide orthopedic bedding, avoid stairs or sudden jumping, and supplement with EPA/DHA fatty acids for joint lubrication."
Dog,Rottweiler,9.7,32.5,Sensitive Stomach / Allergies,Moderate,Senior Mobility & Joint Care (Glucosamine & Omega-3),Purina Pro Plan Veterinary Diets JM Joint Mobility,Specialized Medical Monitoring & Controlled Diet Feeding,"Maintain regular biannual health checkups, brush teeth weekly, and ensure fresh hydration throughout the day."
Dog,Poodle,14.5,13.6,Healthy,Low,Senior Mobility & Joint Care (Glucosamine & Omega-3),Purina Pro Plan Veterinary Diets JM Joint Mobility,Gentle In-Home Senior Care & Medication Supervision,"Maintain regular biannual health checkups, brush teeth weekly, and ensure fresh hydration throughout the day."
Cat,Domestic Shorthair,7.9,7.0,Sensitive Stomach / Allergies,Moderate,Hypoallergenic Single-Source Protein & Grain-Free,Farmina N&D Ocean Grain-Free Hypoallergenic Formula,Specialized Medical Monitoring & Controlled Diet Feeding,"Maintain regular biannual health checkups, brush teeth weekly, and ensure fresh hydration throughout the day."
Dog,Boxer,9.0,24.3,Healthy,Very High,Senior Mobility & Joint Care (Glucosamine & Omega-3),Purina Pro Plan Veterinary Diets JM Joint Mobility,High-Energy Active Adventure & Agility Exercise,Needs at least 60-90 minutes of vigorous daily exercise and puzzle toys to prevent boredom and anxiety.
Dog,Golden Retriever,6.2,42.4,Joint Issues / Arthritis,Low,Senior Mobility & Joint Care (Glucosamine & Omega-3),Purina Pro Plan Veterinary Diets JM Joint Mobility,Gentle In-Home Senior Care & Medication Supervision,"Provide orthopedic bedding, avoid stairs or sudden jumping, and supplement with EPA/DHA fatty acids for joint lubrication."
Cat,Domestic Shorthair,9.1,2.8,Sensitive Stomach / Allergies,Moderate,Senior Mobility & Joint Care (Glucosamine & Omega-3),Purina Pro Plan Veterinary Diets JM Joint Mobility,Specialized Medical Monitoring & Controlled Diet Feeding,"Maintain regular biannual health checkups, brush teeth weekly, and ensure fresh hydration throughout the day."
Dog,Labrador Retriever,9.1,29.4,Sensitive Stomach / Allergies,Moderate,Senior Mobility & Joint Care (Glucosamine & Omega-3),Purina Pro Plan Veterinary Diets JM Joint Mobility,Specialized Medical Monitoring & Controlled Diet Feeding,"Maintain regular biannual health checkups, brush teeth weekly, and ensure fresh hydration throughout the day."
Dog,Dachshund,10.5,10.5,Healthy,Low,Senior Mobility & Joint Care (Glucosamine & Omega-3),Purina Pro Plan Veterinary Diets JM Joint Mobility,Gentle In-Home Senior Care & Medication Supervision,"Maintain regular biannual health checkups, brush teeth weekly, and ensure fresh hydration throughout the day."
Dog,Dachshund,13.1,5.3,Healthy,Low,Senior Mobility & Joint Care (Glucosamine & Omega-3),Purina Pro Plan Veterinary Diets JM Joint Mobility,Gentle In-Home Senior Care & Medication Supervision,"Maintain regular biannual health checkups, brush teeth weekly, and ensure fresh hydration throughout the day."
Dog,German Shepherd,6.3,37.7,Healthy,Very High,Active Performance & Muscle Fuel (30/20 High Energy),Orijen Amazing Grains High-Protein Energy Feast,High-Energy Active Adventure & Agility Exercise,Needs at least 60-90 minutes of vigorous daily exercise and puzzle toys to prevent boredom and anxiety.
Dog,Dachshund,13.8,8.0,Healthy,Low,Senior Mobility & Joint Care (Glucosamine & Omega-3),Purina Pro Plan Veterinary Diets JM Joint Mobility,Gentle In-Home Senior Care & Medication Supervision,"Maintain regular biannual health checkups, brush teeth weekly, and ensure fresh hydration throughout the day."
Cat,British Shorthair,7.0,6.4,Sensitive Stomach / Allergies,Moderate,Hypoallergenic Single-Source Protein & Grain-Free,Farmina N&D Ocean Grain-Free Hypoallergenic Formula,Specialized Medical Monitoring & Controlled Diet Feeding,"Maintain regular biannual health checkups, brush teeth weekly, and ensure fresh hydration throughout the day."
Dog,Siberian Husky,8.6,27.6,Sensitive Stomach / Allergies,High,Senior Mobility & Joint Care (Glucosamine & Omega-3),Purina Pro Plan Veterinary Diets JM Joint Mobility,High-Energy Active Adventure & Agility Exercise,Needs at least 60-90 minutes of vigorous daily exercise and puzzle toys to prevent boredom and anxiety.
Dog,Poodle,13.4,17.4,Healthy,Moderate,Senior Mobility & Joint Care (Glucosamine & Omega-3),Purina Pro Plan Veterinary Diets JM Joint Mobility,Gentle In-Home Senior Care & Medication Supervision,"Maintain regular biannual health checkups, brush teeth weekly, and ensure fresh hydration throughout the day."
Dog,Beagle,5.9,16.4,Overweight,Moderate,Weight Management (Low Calorie & High Satiety Fiber),Hill's Science Diet Perfect Weight Formula,Standard Boarding & Daily Enrichment Walking,Engage in structured 30-minute low-impact daily walks. Weigh meal portions accurately and avoid high-calorie table scraps.
Dog,French Bulldog,9.4,15.2,Overweight,Moderate,Weight Management (Low Calorie & High Satiety Fiber),Hill's Science Diet Perfect Weight Formula,Standard Boarding & Daily Enrichment Walking,Engage in structured 30-minute low-impact daily walks. Weigh meal portions accurately and avoid high-calorie table scraps.
Cat,British Shorthair,2.5,6.5,Healthy,High,Active Performance & Muscle Fuel (30/20 High Energy),Orijen Amazing Grains High-Protein Energy Feast,High-Energy Active Adventure & Agility Exercise,Needs at least 60-90 minutes of vigorous daily exercise and puzzle toys to prevent boredom and anxiety.
Dog,French Bulldog,3.8,12.5,Healthy,Moderate,Daily Complete Balanced Adult Maintenance,Blue Buffalo Life Protection Natural Adult Blend,Standard Boarding & Daily Enrichment Walking,"Maintain regular biannual health checkups, brush teeth weekly, and ensure fresh hydration throughout the day."
Dog,Labrador Retriever,8.8,26.6,Overweight,Low,Weight Management (Low Calorie & High Satiety Fiber),Hill's Science Diet Perfect Weight Formula,Standard Boarding & Daily Enrichment Walking,Engage in structured 30-minute low-impact daily walks. Weigh meal portions accurately and avoid high-calorie table scraps.
Dog,Poodle,13.9,17.5,Healthy,Moderate,Senior Mobility & Joint Care (Glucosamine & Omega-3),Purina Pro Plan Veterinary Diets JM Joint Mobility,Gentle In-Home Senior Care & Medication Supervision,"Maintain regular biannual health checkups, brush teeth weekly, and ensure fresh hydration throughout the day."
Cat,Bengal Cat,10.1,5.4,Joint Issues / Arthritis,Low,Senior Mobility & Joint Care (Glucosamine & Omega-3),Purina Pro Plan Veterinary Diets JM Joint Mobility,Gentle In-Home Senior Care & Medication Supervision,"Provide orthopedic bedding, avoid stairs or sudden jumping, and supplement with EPA/DHA fatty acids for joint lubrication."
Cat,Bengal Cat,11.5,2.9,Healthy,Low,Senior Mobility & Joint Care (Glucosamine & Omega-3),Purina Pro Plan Veterinary Diets JM Joint Mobility,Gentle In-Home Senior Care & Medication Supervision,"Maintain regular biannual health checkups, brush teeth weekly, and ensure fresh hydration throughout the day."
Dog,Siberian Husky,7.2,29.8,Healthy,High,Active Performance & Muscle Fuel (30/20 High Energy),Orijen Amazing Grains High-Protein Energy Feast,High-Energy Active Adventure & Agility Exercise,Needs at least 60-90 minutes of vigorous daily exercise and puzzle toys to prevent boredom and anxiety.
Dog,Beagle,7.9,14.2,Overweight,Low,Weight Management (Low Calorie & High Satiety Fiber),Hill's Science Diet Perfect Weight Formula,Standard Boarding & Daily Enrichment Walking,Engage in structured 30-minute low-impact daily walks. Weigh meal portions accurately and avoid high-calorie table scraps.
Dog,Rottweiler,2.2,38.5,Joint Issues / Arthritis,Low,Senior Mobility & Joint Care (Glucosamine & Omega-3),Purina Pro Plan Veterinary Diets JM Joint Mobility,Gentle In-Home Senior Care & Medication Supervision,"Provide orthopedic bedding, avoid stairs or sudden jumping, and supplement with EPA/DHA fatty acids for joint lubrication."
Dog,Poodle,3.1,20.1,Healthy,Moderate,Daily Complete Balanced Adult Maintenance,Blue Buffalo Life Protection Natural Adult Blend,Standard Boarding & Daily Enrichment Walking,"Maintain regular biannual health checkups, brush teeth weekly, and ensure fresh hydration throughout the day."
Dog,Golden Retriever,8.0,37.1,Healthy,Moderate,Daily Complete Balanced Adult Maintenance,Blue Buffalo Life Protection Natural Adult Blend,Standard Boarding & Daily Enrichment Walking,"Maintain regular biannual health checkups, brush teeth weekly, and ensure fresh hydration throughout the day."
Dog,Dachshund,11.2,8.1,Joint Issues / Arthritis,Moderate,Senior Mobility & Joint Care (Glucosamine & Omega-3),Purina Pro Plan Veterinary Diets JM Joint Mobility,Gentle In-Home Senior Care & Medication Supervision,"Provide orthopedic bedding, avoid stairs or sudden jumping, and supplement with EPA/DHA fatty acids for joint lubrication."
Dog,Poodle,12.5,5.2,Underweight,Low,Senior Mobility & Joint Care (Glucosamine & Omega-3),Purina Pro Plan Veterinary Diets JM Joint Mobility,Gentle In-Home Senior Care & Medication Supervision,"Maintain regular biannual health checkups, brush teeth weekly, and ensure fresh hydration throughout the day."
Dog,Rottweiler,12.8,35.7,Dental Issues,Moderate,Senior Mobility & Joint Care (Glucosamine & Omega-3),Purina Pro Plan Veterinary Diets JM Joint Mobility,Gentle In-Home Senior Care & Medication Supervision,"Maintain regular biannual health checkups, brush teeth weekly, and ensure fresh hydration throughout the day."
Cat,Bengal Cat,11.8,2.1,Underweight,Low,Senior Mobility & Joint Care (Glucosamine & Omega-3),Purina Pro Plan Veterinary Diets JM Joint Mobility,Gentle In-Home Senior Care & Medication Supervision,"Maintain regular biannual health checkups, brush teeth weekly, and ensure fresh hydration throughout the day."
Cat,Domestic Shorthair,12.4,5.4,Overweight,Low,Weight Management (Low Calorie & High Satiety Fiber),Hill's Science Diet Perfect Weight Formula,Gentle In-Home Senior Care & Medication Supervision,Engage in structured 30-minute low-impact daily walks. Weigh meal portions accurately and avoid high-calorie table scraps.
Cat,Maine Coon,8.6,10.3,Healthy,Moderate,Senior Mobility & Joint Care (Glucosamine & Omega-3),Purina Pro Plan Veterinary Diets JM Joint Mobility,Standard Boarding & Daily Enrichment Walking,"Maintain regular biannual health checkups, brush teeth weekly, and ensure fresh hydration throughout the day."
Dog,Dachshund,5.2,5.3,Healthy,Very High,Active Performance & Muscle Fuel (30/20 High Energy),Orijen Amazing Grains High-Protein Energy Feast,High-Energy Active Adventure & Agility Exercise,Needs at least 60-90 minutes of vigorous daily exercise and puzzle toys to prevent boredom and anxiety.
Dog,Siberian Husky,6.5,40.5,Overweight,Low,Weight Management (Low Calorie & High Satiety Fiber),Hill's Science Diet Perfect Weight Formula,Standard Boarding & Daily Enrichment Walking,Engage in structured 30-minute low-impact daily walks. Weigh meal portions accurately and avoid high-calorie table scraps.
Cat,Bengal Cat,5.5,3.7,Healthy,High,Active Performance & Muscle Fuel (30/20 High Energy),Orijen Amazing Grains High-Protein Energy Feast,High-Energy Active Adventure & Agility Exercise,Needs at least 60-90 minutes of vigorous daily exercise and puzzle toys to prevent boredom and anxiety.
Cat,Bengal Cat,9.4,4.3,Healthy,Very High,Senior Mobility & Joint Care (Glucosamine & Omega-3),Purina Pro Plan Veterinary Diets JM Joint Mobility,High-Energy Active Adventure & Agility Exercise,Needs at least 60-90 minutes of vigorous daily exercise and puzzle toys to prevent boredom and anxiety.
Dog,Siberian Husky,2.8,32.6,Overweight,Moderate,Weight Management (Low Calorie & High Satiety Fiber),Hill's Science Diet Perfect Weight Formula,Standard Boarding & Daily Enrichment Walking,Engage in structured 30-minute low-impact daily walks. Weigh meal portions accurately and avoid high-calorie table scraps.
Dog,French Bulldog,4.0,17.9,Overweight,Low,Weight Management (Low Calorie & High Satiety Fiber),Hill's Science Diet Perfect Weight Formula,Standard Boarding & Daily Enrichment Walking,Engage in structured 30-minute low-impact daily walks. Weigh meal portions accurately and avoid high-calorie table scraps.
Dog,Boxer,7.8,31.3,Healthy,High,Active Performance & Muscle Fuel (30/20 High Energy),Orijen Amazing Grains High-Protein Energy Feast,High-Energy Active Adventure & Agility Exercise,Needs at least 60-90 minutes of vigorous daily exercise and puzzle toys to prevent boredom and anxiety.
Cat,Siamese Cat,15.1,6.9,Overweight,Low,Weight Management (Low Calorie & High Satiety Fiber),Hill's Science Diet Perfect Weight Formula,Gentle In-Home Senior Care & Medication Supervision,Engage in structured 30-minute low-impact daily walks. Weigh meal portions accurately and avoid high-calorie table scraps.
Dog,Dachshund,10.9,7.7,Healthy,Moderate,Senior Mobility & Joint Care (Glucosamine & Omega-3),Purina Pro Plan Veterinary Diets JM Joint Mobility,Gentle In-Home Senior Care & Medication Supervision,"Maintain regular biannual health checkups, brush teeth weekly, and ensure fresh hydration throughout the day."
Cat,Maine Coon,14.7,10.8,Joint Issues / Arthritis,Low,Senior Mobility & Joint Care (Glucosamine & Omega-3),Purina Pro Plan Veterinary Diets JM Joint Mobility,Gentle In-Home Senior Care & Medication Supervision,"Provide orthopedic bedding, avoid stairs or sudden jumping, and supplement with EPA/DHA fatty acids for joint lubrication."
Cat,Bengal Cat,11.4,5.7,Healthy,Low,Senior Mobility & Joint Care (Glucosamine & Omega-3),Purina Pro Plan Veterinary Diets JM Joint Mobility,Gentle In-Home Senior Care & Medication Supervision,"Maintain regular biannual health checkups, brush teeth weekly, and ensure fresh hydration throughout the day."
Dog,Beagle,11.0,12.9,Overweight,Low,Weight Management (Low Calorie & High Satiety Fiber),Hill's Science Diet Perfect Weight Formula,Gentle In-Home Senior Care & Medication Supervision,Engage in structured 30-minute low-impact daily walks. Weigh meal portions accurately and avoid high-calorie table scraps.
Dog,German Shepherd,11.8,36.7,Overweight,Low,Weight Management (Low Calorie & High Satiety Fiber),Hill's Science Diet Perfect Weight Formula,Gentle In-Home Senior Care & Medication Supervision,Engage in structured 30-minute low-impact daily walks. Weigh meal portions accurately and avoid high-calorie table scraps.
Dog,Rottweiler,1.1,25.9,Joint Issues / Arthritis,Low,Senior Mobility & Joint Care (Glucosamine & Omega-3),Purina Pro Plan Veterinary Diets JM Joint Mobility,Gentle In-Home Senior Care & Medication Supervision,"Provide orthopedic bedding, avoid stairs or sudden jumping, and supplement with EPA/DHA fatty acids for joint lubrication."
Cat,Bengal Cat,10.7,3.7,Joint Issues / Arthritis,Moderate,Senior Mobility & Joint Care (Glucosamine & Omega-3),Purina Pro Plan Veterinary Diets JM Joint Mobility,Gentle In-Home Senior Care & Medication Supervision,"Provide orthopedic bedding, avoid stairs or sudden jumping, and supplement with EPA/DHA fatty acids for joint lubrication."
Dog,German Shepherd,13.9,30.4,Healthy,Low,Senior Mobility & Joint Care (Glucosamine & Omega-3),Purina Pro Plan Veterinary Diets JM Joint Mobility,Gentle In-Home Senior Care & Medication Supervision,"Maintain regular biannual health checkups, brush teeth weekly, and ensure fresh hydration throughout the day."
Cat,Bengal Cat,6.9,7.0,Joint Issues / Arthritis,Moderate,Senior Mobility & Joint Care (Glucosamine & Omega-3),Purina Pro Plan Veterinary Diets JM Joint Mobility,Gentle In-Home Senior Care & Medication Supervision,"Provide orthopedic bedding, avoid stairs or sudden jumping, and supplement with EPA/DHA fatty acids for joint lubrication."
Dog,Rottweiler,12.1,32.0,Joint Issues / Arthritis,Moderate,Senior Mobility & Joint Care (Glucosamine & Omega-3),Purina Pro Plan Veterinary Diets JM Joint Mobility,Gentle In-Home Senior Care & Medication Supervision,"Provide orthopedic bedding, avoid stairs or sudden jumping, and supplement with EPA/DHA fatty acids for joint lubrication."
Dog,Poodle,12.9,23.0,Overweight,Moderate,Weight Management (Low Calorie & High Satiety Fiber),Hill's Science Diet Perfect Weight Formula,Gentle In-Home Senior Care & Medication Supervision,Engage in structured 30-minute low-impact daily walks. Weigh meal portions accurately and avoid high-calorie table scraps.
Dog,Golden Retriever,14.9,24.4,Healthy,Moderate,Senior Mobility & Joint Care (Glucosamine & Omega-3),Purina Pro Plan Veterinary Diets JM Joint Mobility,Gentle In-Home Senior Care & Medication Supervision,"Maintain regular biannual health checkups, brush teeth weekly, and ensure fresh hydration throughout the day."
Dog,Dachshund,1.9,8.6,Sensitive Stomach / Allergies,Very High,Hypoallergenic Single-Source Protein & Grain-Free,Farmina N&D Ocean Grain-Free Hypoallergenic Formula,High-Energy Active Adventure & Agility Exercise,Needs at least 60-90 minutes of vigorous daily exercise and puzzle toys to prevent boredom and anxiety.
Dog,Dachshund,7.5,4.7,Dental Issues,Low,Daily Complete Balanced Adult Maintenance,Blue Buffalo Life Protection Natural Adult Blend,Standard Boarding & Daily Enrichment Walking,"Maintain regular biannual health checkups, brush teeth weekly, and ensure fresh hydration throughout the day."
Cat,Domestic Shorthair,16.6,4.3,Sensitive Stomach / Allergies,Low,Senior Mobility & Joint Care (Glucosamine & Omega-3),Purina Pro Plan Veterinary Diets JM Joint Mobility,Gentle In-Home Senior Care & Medication Supervision,"Maintain regular biannual health checkups, brush teeth weekly, and ensure fresh hydration throughout the day."
Dog,Golden Retriever,10.3,33.4,Healthy,Moderate,Senior Mobility & Joint Care (Glucosamine & Omega-3),Purina Pro Plan Veterinary Diets JM Joint Mobility,Gentle In-Home Senior Care & Medication Supervision,"Maintain regular biannual health checkups, brush teeth weekly, and ensure fresh hydration throughout the day."
Dog,Golden Retriever,14.7,23.1,Healthy,Moderate,Senior Mobility & Joint Care (Glucosamine & Omega-3),Purina Pro Plan Veterinary Diets JM Joint Mobility,Gentle In-Home Senior Care & Medication Supervision,"Maintain regular biannual health checkups, brush teeth weekly, and ensure fresh hydration throughout the day."
Dog,German Shepherd,6.7,24.0,Overweight,Low,Weight Management (Low Calorie & High Satiety Fiber),Hill's Science Diet Perfect Weight Formula,Standard Boarding & Daily Enrichment Walking,Engage in structured 30-minute low-impact daily walks. Weigh meal portions accurately and avoid high-calorie table scraps.
Dog,Rottweiler,8.4,39.7,Joint Issues / Arthritis,Low,Senior Mobility & Joint Care (Glucosamine & Omega-3),Purina Pro Plan Veterinary Diets JM Joint Mobility,Gentle In-Home Senior Care & Medication Supervision,"Provide orthopedic bedding, avoid stairs or sudden jumping, and supplement with EPA/DHA fatty acids for joint lubrication."
Dog,Dachshund,5.2,4.2,Healthy,Low,Daily Complete Balanced Adult Maintenance,Blue Buffalo Life Protection Natural Adult Blend,Standard Boarding & Daily Enrichment Walking,"Maintain regular biannual health checkups, brush teeth weekly, and ensure fresh hydration throughout the day."
Cat,Siamese Cat,10.6,4.5,Overweight,Low,Weight Management (Low Calorie & High Satiety Fiber),Hill's Science Diet Perfect Weight Formula,Gentle In-Home Senior Care & Medication Supervision,Engage in structured 30-minute low-impact daily walks. Weigh meal portions accurately and avoid high-calorie table scraps.
